run,model,arch,view,mode,recipe,input_size,batch_size,learning_rate,weight_decay,epochs,warmup_epochs,patience,dropout,loss_type,label_smoothing,scheduler_type,seed,n_folds,max_folds,freeze_backbone,thr_mode,use_bf16,aug_flip_prob,aug_rot_deg,aug_rot_prob,aug_shift_limit,aug_scale_limit,aug_bc_prob,folds,cv_auc,cv_auc_std,oof_auc,oof_auprc,n_test,n_test_pos,prevalence,threshold,test_auc,auc_image_lo,auc_image_hi,test_auprc,auprc_image_lo,auprc_image_hi,accuracy,sensitivity,specificity,precision,f1_score,mcc,n_subjects,auc_cluster_lo,auc_cluster_hi,auprc_cluster_lo,auprc_cluster_hi
20260907_180114_convnextv2_base_PA_medsam3_seg_cv_5fold_holdout15pct,convnextv2_base,convnextv2_base,PA,medsam3_seg,e50_do0.2_wbce,512,64,2e-05,0.05,50,3,8,0.2,weighted_bce,0.0,cosine,42,5,5,False,youden,True,0.0,7,0.5,0.05,0.1,0.3,5,0.781837155747815,0.005072715592432841,0.7709645247132918,0.6506621226746541,2521,750,0.29750099166997224,0.528533399105072,0.8003402973837757,0.7806206915049884,0.8197855901370905,0.680872212805293,0.6467185546655501,0.7130406977688727,0.7477191590638635,0.688,0.7730095990965556,0.5620915032679739,0.6187050359712231,0.43798756328932115,1743,0.7786684228729459,0.8215612227578922,0.6445324122739878,0.7172732928110326
20260907_203123_swint_base_PA_medsam3_seg_cv_5fold_holdout15pct,swinv2_base_window16_256,swint_base,PA,medsam3_seg,e50_do0.2_wbce,512,64,2e-05,0.05,50,3,8,0.2,weighted_bce,0.0,cosine,42,5,5,False,youden,True,0.0,7,0.5,0.05,0.1,0.3,5,0.7706208804702483,0.01081689088845897,0.7650593788667899,0.6378683276629236,2521,750,0.29750099166997224,0.4475206434726715,0.7896006022962544,0.7695430636932448,0.8090583690934302,0.6653528237640763,0.6321109355268952,0.6983421366347591,0.7223324077746925,0.6973333333333334,0.7329192546583851,0.5251004016064257,0.5990836197021764,0.40234518889371707,1743,0.7672925485823539,0.8118138593613864,0.6257347916466278,0.7012784435065801
20260908_002127_dinov3_base_PA_medsam3_seg_cv_5fold_holdout15pct,vit_base_patch16_dinov3,dinov3_base,PA,medsam3_seg,e50_do0.2_wbce,512,64,2e-05,0.05,50,3,8,0.2,weighted_bce,0.0,cosine,42,5,5,False,youden,True,0.0,7,0.5,0.05,0.1,0.3,5,0.7716413803869331,0.025223905096167586,0.7651085393027715,0.6514013127194981,2521,750,0.29750099166997224,0.5117166042327881,0.7867946546207416,0.7661485172856595,0.806292185454561,0.6682123693539369,0.6354119216702588,0.6992089517147585,0.7378024593415311,0.6573333333333333,0.771880293619424,0.5496098104793757,0.5986642380085003,0.4098492834093846,1743,0.7652840556675008,0.8092400676505539,0.6327199124691248,0.7051136350881602
20260908_015426_eva_x_base_PA_medsam3_seg_cv_5fold_holdout15pct,eva_x_base,eva_x_base,PA,medsam3_seg,e50_do0.2_wbce,512,64,2e-05,0.05,50,3,9,0.2,weighted_bce,0.0,cosine,42,5,5,False,youden,True,0.0,7,0.5,0.05,0.1,0.3,5,0.7941484777801474,0.00693506560814125,0.7805035988980622,0.6764839000219547,2521,750,0.29750099166997224,0.48938146233558655,0.7974839073969509,0.777461059130739,0.8170434800123674,0.6850926821336446,0.6530884056110096,0.7168053723640675,0.7560491868306227,0.6586666666666666,0.7972896668548842,0.5791324736225087,0.6163443543356207,0.440545354753669,1743,0.7755619103717466,0.8184570500795119,0.6475770459775865,0.7207590663390896
20260908_093546_convnextv2_base_PA_medsam3_crop_cv_5fold_holdout15pct,convnextv2_base,convnextv2_base,PA,medsam3_crop,e50_do0.2_wbce,512,64,2e-05,0.05,50,3,8,0.2,weighted_bce,0.0,cosine,42,5,5,False,youden,True,0.0,7,0.5,0.05,0.1,0.3,5,0.7951972390532418,0.007220381913266787,0.7906933043432534,0.6732497977360289,2521,750,0.29750099166997224,0.43206343054771423,0.8092467532467533,0.7902338620905917,0.8275875248929461,0.6956950395567802,0.6626923968032279,0.7262860204637226,0.7516858389527965,0.6866666666666666,0.7792207792207793,0.5684326710816777,0.6219806763285024,0.4438850905320215,1743,0.7868465324514701,0.8302708959661862,0.6586833719037672,0.7312641957807257
20260908_120636_swint_base_PA_medsam3_crop_cv_5fold_holdout15pct,swinv2_base_window16_256,swint_base,PA,medsam3_crop,e50_do0.2_wbce,512,64,2e-05,0.05,50,3,8,0.2,weighted_bce,0.0,cosine,42,5,5,False,youden,True,0.0,7,0.5,0.05,0.1,0.3,5,0.7818364580731363,0.01253909695557254,0.7755207500503498,0.6383092195596604,2521,750,0.29750099166997224,0.5180585384368896,0.8024573687182384,0.7830820388551267,0.8211156892370498,0.6793439249225895,0.6450311705376621,0.7109637475375717,0.7401824672748909,0.708,0.753811405985319,0.5491209927611168,0.6185206755969714,0.43417600985769045,1743,0.779039299385813,0.8231110995757066,0.6388422046258212,0.7151509671384783
20260908_155706_dinov3_base_PA_medsam3_crop_cv_5fold_holdout15pct,vit_base_patch16_dinov3,dinov3_base,PA,medsam3_crop,e50_do0.2_wbce,512,64,2e-05,0.05,50,3,8,0.2,weighted_bce,0.0,cosine,42,5,5,False,youden,True,0.0,7,0.5,0.05,0.1,0.3,5,0.7952252416408392,0.012013375051873077,0.7894552698162971,0.683504783977716,2521,750,0.29750099166997224,0.49951171875,0.811930735930736,0.793216711985157,0.8312436042553418,0.698501622836621,0.6660693944542203,0.7286170303678857,0.7659658865529552,0.6746666666666666,0.8046301524562394,0.5938967136150235,0.6317103620474407,0.46322980338122727,1743,0.7893606379981742,0.8315817044660337,0.6620110007085166,0.7332366101033571
20260908_172509_eva_x_base_PA_medsam3_crop_cv_5fold_holdout15pct,eva_x_base,eva_x_base,PA,medsam3_crop,e50_do0.2_wbce,512,64,2e-05,0.05,50,3,9,0.2,weighted_bce,0.0,cosine,42,5,5,False,youden,True,0.0,7,0.5,0.05,0.1,0.3,5,0.8147424825169075,0.009205065258183598,0.8097320492416397,0.7190682587725252,2521,750,0.29750099166997224,0.42806899547576904,0.8233427442123095,0.8052824174839981,0.8421536488274569,0.722636420700927,0.6920118922889197,0.7517405902174911,0.7552558508528362,0.72,0.7701863354037267,0.5702217529039071,0.6364172068355922,0.4627258472892074,1743,0.8029043357270438,0.843341399106684,0.6890920201265179,0.7570076121100692
20260909_011100_convnextv2_base_PA_chexmask_seg_cv_5fold_holdout15pct,convnextv2_base,convnextv2_base,PA,chexmask_seg,e50_do0.2_wbce,512,64,2e-05,0.05,50,3,8,0.2,weighted_bce,0.0,cosine,42,5,5,False,youden,True,0.0,7,0.5,0.05,0.1,0.3,5,0.7829967663468885,0.005336805209160768,0.774878605828995,0.6625316634332101,2521,750,0.29750099166997224,0.5002191662788391,0.7995994729907772,0.7801406054392682,0.8185881933254031,0.6726616983918435,0.6383749144536629,0.7061279657807981,0.768345894486315,0.6346666666666667,0.8249576510446076,0.6055979643765903,0.6197916666666666,0.453609245601575,1743,0.7771702992262308,0.8212911655746001,0.6319356323857191,0.711833750275129
20260909_033321_swint_base_PA_chexmask_seg_cv_5fold_holdout15pct,swinv2_base_window16_256,swint_base,PA,chexmask_seg,e50_do0.2_wbce,512,64,2e-05,0.05,50,3,8,0.2,weighted_bce,0.0,cosine,42,5,5,False,youden,True,0.0,7,0.5,0.05,0.1,0.3,5,0.7737770357915187,0.006070456943274358,0.7671488717872219,0.6420962405555695,2521,750,0.29750099166997224,0.4492718577384949,0.7880624882364011,0.7686802405991362,0.8073948607798453,0.6587226331961384,0.6255916638555331,0.6902042621422573,0.7294724315747719,0.6973333333333334,0.7430830039525692,0.5347648261758691,0.6053240740740741,0.4131910850350144,1743,0.7664890210370219,0.8097946882150343,0.6204197035822269,0.6969614033788903
20260909_072955_dinov3_base_PA_chexmask_seg_cv_5fold_holdout15pct,vit_base_patch16_dinov3,dinov3_base,PA,chexmask_seg,e50_do0.2_wbce,512,64,2e-05,0.05,50,3,8,0.2,weighted_bce,0.0,cosine,42,5,5,False,youden,True,0.0,7,0.5,0.05,0.1,0.3,5,0.7788280389107103,0.017014618373767162,0.774753598629768,0.6579623045698282,2521,750,0.29750099166997224,0.4695202708244324,0.791048371917937,0.7704886017493583,0.8118179467663786,0.6781106156888754,0.645337005484173,0.7097428507763165,0.7334391114637049,0.668,0.7611518915866742,0.5422077922077922,0.5985663082437276,0.4071575568642697,1743,0.7682614460386367,0.8120598612709983,0.6407218615002517,0.7127439338635934
20260909_084516_eva_x_base_PA_chexmask_seg_cv_5fold_holdout15pct,eva_x_base,eva_x_base,PA,chexmask_seg,e50_do0.2_wbce,512,64,2e-05,0.05,50,3,9,0.2,weighted_bce,0.0,cosine,42,5,5,False,youden,True,0.0,7,0.5,0.05,0.1,0.3,5,0.7912619338226492,0.008371762645185386,0.7853812495997946,0.6783550207994484,2521,750,0.29750099166997224,0.4454692304134369,0.8006421983813288,0.7814729336632977,0.82057843040082,0.6891747646910105,0.6585591691912088,0.7199815757515645,0.7500991669972233,0.6813333333333333,0.7792207792207793,0.5665188470066519,0.6186440677966102,0.4392319099806993,1743,0.7782903102858892,0.8208663458521709,0.6512729069835066,0.7245085246937598
20260909_143039_convnextv2_base_AP_raw_cv_5fold_holdout15pct,convnextv2_base,convnextv2_base,AP,raw,e50_do0.2_wbce,512,64,2e-05,0.05,50,3,8,0.2,weighted_bce,0.0,cosine,42,5,5,False,youden,True,0.0,7,0.5,0.05,0.1,0.3,5,0.8027128622799939,0.004748198062240662,0.7917887023247071,0.789026410817157,3280,1582,0.4823170731707317,0.4163219630718231,0.802910466541287,0.7879929092321583,0.8182117455382918,0.7875501883542124,0.7670327106120189,0.8094234700920819,0.7326219512195122,0.7364096080910241,0.7290930506478209,0.7169230769230769,0.7265357031493608,0.46523091540229433,1763,0.7849146320048426,0.8195149242957334,0.7596496259731796,0.8128815931445812
20260909_171916_dinov3_base_AP_raw_cv_5fold_holdout15pct,vit_base_patch16_dinov3,dinov3_base,AP,raw,e50_do0.2_wbce,512,64,2e-05,0.05,50,3,8,0.2,weighted_bce,0.0,cosine,42,5,5,False,youden,True,0.0,7,0.5,0.05,0.1,0.3,5,0.8021488129799206,0.004432259412833541,0.7959472992903959,0.7950521685578611,3280,1582,0.4823170731707317,0.5101304054260254,0.8054318384535089,0.7902264968445154,0.8203419454833464,0.7944014420800896,0.7739567602491718,0.8156962740384888,0.7362804878048781,0.7104930467762326,0.7603062426383981,0.7341606792945787,0.7221329906842274,0.47154742880597617,1763,0.7884627442762477,0.8219499802093465,0.7683808546581277,0.8179487559042641
20260909_184003_eva_x_base_AP_raw_cv_5fold_holdout15pct,eva_x_base,eva_x_base,AP,raw,e50_do0.2_wbce,512,64,2e-05,0.05,50,3,9,0.2,weighted_bce,0.0,cosine,42,5,5,False,youden,True,0.0,7,0.5,0.05,0.1,0.3,5,0.8124796890366218,0.005975165941979749,0.8065797365234854,0.8108410752148474,3280,1582,0.4823170731707317,0.5631377100944519,0.8128183823014806,0.7983576161308913,0.8267557793791763,0.8018108531983887,0.7818354549097644,0.8219427076412723,0.7481707317073171,0.718078381795196,0.7762073027090695,0.7493403693931399,0.7333763718528082,0.495394549591936,1763,0.7954924170617691,0.8293942665008476,0.7776226292656323,0.8259368127473093
20260910_104021_convnextv2_base_AP_medsam3_seg_cv_5fold_holdout15pct,convnextv2_base,convnextv2_base,AP,medsam3_seg,e50_do0.2_wbce,512,64,2e-05,0.05,50,3,8,0.2,weighted_bce,0.0,cosine,42,5,5,False,youden,True,0.0,7,0.5,0.05,0.1,0.3,5,0.7966077118611792,0.005672789638349726,0.7935383538973483,0.7916485115050096,3280,1582,0.4823170731707317,0.44788289070129395,0.7974928487295978,0.7829996829055638,0.8132454357742054,0.7804826922084322,0.7587394715122704,0.8033977315702528,0.7365853658536585,0.7149178255372945,0.7567726737338045,0.7325129533678757,0.7236084452975048,0.4722051322130116,1763,0.7804433082182788,0.8137645432768544,0.7526858433189897,0.8063423057693481
20260910_133001_dinov3_base_AP_medsam3_seg_cv_5fold_holdout15pct,vit_base_patch16_dinov3,dinov3_base,AP,medsam3_seg,e50_do0.2_wbce,512,64,2e-05,0.05,50,3,8,0.2,weighted_bce,0.0,cosine,42,5,5,False,youden,True,0.0,7,0.5,0.05,0.1,0.3,5,0.7970387464063622,0.0053913646130573836,0.7874058005192065,0.7902935087226519,3280,1582,0.4823170731707317,0.4407099485397339,0.7999535409398132,0.7848532533562462,0.8154223732351109,0.7900066179687654,0.7696598167152268,0.811416146681428,0.7356707317073171,0.7503160556257902,0.7220259128386337,0.7154912597950572,0.7324899722307929,0.4720781690890802,1763,0.7820167646909091,0.8172950200577369,0.7642249211511648,0.8142768303452839
20260910_151857_eva_x_base_AP_medsam3_seg_cv_5fold_holdout15pct,eva_x_base,eva_x_base,AP,medsam3_seg,e50_do0.2_wbce,512,64,2e-05,0.05,50,3,9,0.2,weighted_bce,0.0,cosine,42,5,5,False,youden,True,0.0,7,0.5,0.05,0.1,0.3,5,0.801127360996776,0.0056855814307483436,0.7854007400448104,0.7883376218613563,3280,1582,0.4823170731707317,0.4970703423023224,0.8063773994541061,0.7912713784604151,0.8212430146265529,0.7946145979612078,0.7743672391664792,0.8147146730875573,0.7384146341463415,0.7243994943109987,0.751472320376914,0.7308673469387755,0.7276190476190476,0.47603310488166906,1763,0.7898505633796301,0.8235792798470322,0.768489607232262,0.8189590738395239
20260910_235159_convnextv2_base_AP_medsam3_crop_cv_5fold_holdout15pct,convnextv2_base,convnextv2_base,AP,medsam3_crop,e50_do0.2_wbce,512,64,2e-05,0.05,50,3,8,0.2,weighted_bce,0.0,cosine,42,5,5,False,youden,True,0.0,7,0.5,0.05,0.1,0.3,5,0.8022695490575688,0.005418975508473881,0.7947951493134819,0.791932019083557,3280,1582,0.4823170731707317,0.4393864572048187,0.8071446440297874,0.7920636176724406,0.822398780619383,0.7916220752842398,0.7705599473030792,0.8131029883570798,0.7451219512195122,0.7351453855878635,0.7544169611307421,0.7360759493670886,0.7356103731815307,0.4895838534527989,1763,0.7893117024495371,0.8245335158853158,0.7641240212077233,0.8173255574446056
20260911_091737_dinov3_base_AP_medsam3_crop_cv_5fold_holdout15pct,vit_base_patch16_dinov3,dinov3_base,AP,medsam3_crop,e50_do0.2_wbce,512,64,2e-05,0.05,50,3,8,0.2,weighted_bce,0.0,cosine,42,5,5,False,youden,True,0.0,7,0.5,0.05,0.1,0.3,5,0.8036963281467443,0.0036879327879126224,0.8007339300523454,0.8035605299391322,3280,1582,0.4823170731707317,0.526829719543457,0.8090473063424063,0.7944362385079239,0.8241064592488689,0.794109255194171,0.7738329475366447,0.8152329016347338,0.7408536585365854,0.7256637168141593,0.7550058892815077,0.7340153452685422,0.729815638906548,0.48088555071781336,1763,0.7922193881545203,0.8255421382170126,0.7674865102259248,0.8189725458215563
20260911_103605_eva_x_base_AP_medsam3_crop_cv_5fold_holdout15pct,eva_x_base,eva_x_base,AP,medsam3_crop,e50_do0.2_wbce,512,64,2e-05,0.05,50,3,9,0.2,weighted_bce,0.0,cosine,42,5,5,False,youden,True,0.0,7,0.5,0.05,0.1,0.3,5,0.8121793470186075,0.006612285376983994,0.8071173642296259,0.8103008724420514,3280,1582,0.4823170731707317,0.528533399105072,0.8137490525776587,0.7988293397464158,0.8275420111118029,0.8028175435917962,0.7826798251149845,0.8227640678734244,0.7524390243902439,0.7237673830594185,0.7791519434628975,0.7532894736842105,0.7382333978078659,0.5039556051906365,1763,0.7962701520274514,0.8294667100570796,0.7782435466507771,0.8257651572449964
20260911_192830_convnextv2_base_AP_chexmask_seg_cv_5fold_holdout15pct,convnextv2_base,convnextv2_base,AP,chexmask_seg,e50_do0.2_wbce,512,64,2e-05,0.05,50,3,8,0.2,weighted_bce,0.0,cosine,42,5,5,False,youden,True,0.0,7,0.5,0.05,0.1,0.3,5,0.7975451004850089,0.00639915819247067,0.7890997943804718,0.7922283075000637,3280,1582,0.4823170731707317,0.521349310874939,0.795783765834424,0.7813113546972614,0.8109230142798957,0.7798593390827564,0.7577020944178824,0.8024650657400294,0.7286585365853658,0.7029077117572693,0.7526501766784452,0.7258485639686684,0.714193962748876,0.4562633207527679,1763,0.7782903240331489,0.8114518387904245,0.753162049895518,0.8055662063055276
20260911_222254_dinov3_base_AP_chexmask_seg_cv_5fold_holdout15pct,vit_base_patch16_dinov3,dinov3_base,AP,chexmask_seg,e50_do0.2_wbce,512,64,2e-05,0.05,50,3,8,0.2,weighted_bce,0.0,cosine,42,5,5,False,youden,True,0.0,7,0.5,0.05,0.1,0.3,5,0.7977162522995049,0.0058714012710671904,0.7887002192173528,0.7943175201441074,3280,1582,0.4823170731707317,0.5318781137466431,0.799150186357416,0.7844448034884921,0.8143092834797981,0.7885722362404063,0.7681952460981012,0.8090985282561584,0.7310975609756097,0.6744627054361567,0.7838633686690224,0.7440725244072525,0.7075596816976127,0.46169611848894115,1763,0.782233786772312,0.8159702186696771,0.7642801777229415,0.813274931224848
20260911_234000_eva_x_base_AP_chexmask_seg_cv_5fold_holdout15pct,eva_x_base,eva_x_base,AP,chexmask_seg,e50_do0.2_wbce,512,64,2e-05,0.05,50,3,9,0.2,weighted_bce,0.0,cosine,42,5,5,False,youden,True,0.0,7,0.5,0.05,0.1,0.3,5,0.8034186354260875,0.006200557421290817,0.7959678966986222,0.7994580937816429,3280,1582,0.4823170731707317,0.4946291148662567,0.8075965775158995,0.7926196867287177,0.822242645818169,0.7951281203948997,0.7748314631862159,0.8163402842835614,0.7371951219512195,0.7300884955752213,0.7438162544169611,0.7264150943396226,0.7282471626733922,0.47382855509380944,1763,0.7902831778552758,0.8236053013604413,0.7701449576324808,0.8184712482828127
20260912_075603_convnextv2_base_AP_chexmask_crop_cv_5fold_holdout15pct,convnextv2_base,convnextv2_base,AP,chexmask_crop,e50_do0.2_wbce,512,64,2e-05,0.05,50,3,8,0.2,weighted_bce,0.0,cosine,42,5,5,False,youden,True,0.0,7,0.5,0.05,0.1,0.3,5,0.8031210702412311,0.005399416173203467,0.8006527725208407,0.8004162941235631,3280,1582,0.4823170731707317,0.49389681220054626,0.801300034695388,0.7858227822920918,0.8166961743757725,0.7873944736165381,0.766472845797856,0.8089509245688679,0.7341463414634146,0.6991150442477876,0.7667844522968198,0.7363515312916112,0.7172503242542153,0.46726524441015094,1763,0.7837403262595667,0.8181119908332093,0.7609724038291306,0.8132352327890064
20260912_104931_dinov3_base_AP_chexmask_crop_cv_5fold_holdout15pct,vit_base_patch16_dinov3,dinov3_base,AP,chexmask_crop,e50_do0.2_wbce,512,64,2e-05,0.05,50,3,8,0.2,weighted_bce,0.0,cosine,42,5,5,False,youden,True,0.0,7,0.5,0.05,0.1,0.3,5,0.802643785939211,0.002659520968495169,0.782414656520958,0.7793096286465482,3280,1582,0.4823170731707317,0.5,0.8071714473337414,0.79226426593251,0.8223055398504334,0.7900409209575509,0.769063636541729,0.8116035002997384,0.7445121951219512,0.718078381795196,0.7691401648998822,0.743455497382199,0.7305466237942122,0.48805320209061215,1763,0.7901599133312464,0.8230751200344132,0.763709934542833,0.8151532056877121
20260912_120123_eva_x_base_AP_chexmask_crop_cv_5fold_holdout15pct,eva_x_base,eva_x_base,AP,chexmask_crop,e50_do0.2_wbce,512,64,2e-05,0.05,50,3,9,0.2,weighted_bce,0.0,cosine,42,5,5,False,youden,True,0.0,7,0.5,0.05,0.1,0.3,5,0.8114829166289781,0.005799150239261405,0.807920086090304,0.8075907235306234,3280,1582,0.4823170731707317,0.5556763410568237,0.8130949775075608,0.798300012364385,0.8271993640291136,0.8032818180460273,0.7829451387885926,0.8230695804134287,0.7457317073170732,0.7174462705436156,0.7720848056537103,0.7457293035479632,0.7313144329896907,0.4904961328191557,1763,0.7963570981141689,0.8298557593513654,0.7790823674008491,0.8272191203831378
20260912_204440_convnextv2_base_PA_raw_cv_5fold_holdout15pct,convnextv2_base,convnextv2_base,PA,raw,e50_do0.2_wbce,512,64,2e-05,0.05,50,3,8,0.2,weighted_bce,0.0,cosine,42,5,5,False,youden,True,0.0,7,0.5,0.05,0.1,0.3,5,0.7951347651381001,0.008039421110501007,0.7856291891899627,0.6757450304037599,2521,750,0.29750099166997224,0.5923129320144653,0.8109113495200453,0.7921416836418118,0.8293927845207555,0.6948410650426782,0.6616440966660917,0.7263076083621138,0.7719159063863547,0.6413333333333333,0.8272162619988707,0.6111817026683609,0.6258945998698764,0.46225707475344713,1743,0.7896970974602114,0.8321310083615051,0.6586517304700383,0.7326883576070405
20260912_231315_dinov3_base_PA_raw_cv_5fold_holdout15pct,vit_base_patch16_dinov3,dinov3_base,PA,raw,e50_do0.2_wbce,512,64,2e-05,0.05,50,3,8,0.2,weighted_bce,0.0,cosine,42,5,5,False,youden,True,0.0,7,0.5,0.05,0.1,0.3,5,0.7977676345281587,0.010696218927969804,0.7833111364619296,0.6778627463951483,2521,750,0.29750099166997224,0.4975586533546448,0.8099582156973462,0.7911846934430433,0.8295168233717175,0.6963091449536445,0.663922701897482,0.726857233948697,0.7639825466084887,0.6306666666666667,0.8204404291360813,0.5979772439949431,0.6138870863075925,0.44443502501142834,1743,0.7887323077477836,0.8305214150462638,0.659904671804625,0.7299385816252568
20260913_004127_eva_x_base_PA_raw_cv_5fold_holdout15pct,eva_x_base,eva_x_base,PA,raw,e50_do0.2_wbce,512,64,2e-05,0.05,50,3,9,0.2,weighted_bce,0.0,cosine,42,5,5,False,youden,True,0.0,7,0.5,0.05,0.1,0.3,5,0.8161870044342668,0.008708235620412378,0.8136338424841322,0.7260032939891247,2521,750,0.29750099166997224,0.3551037311553955,0.8261313758705063,0.8080831820838446,0.8446287034971098,0.7279927234686776,0.6980089805937633,0.7568241132648835,0.7647758825862753,0.7066666666666667,0.7893845285149633,0.5869324473975637,0.6412583182093164,0.47296965595988016,1743,0.804771911279985,0.8462479404540185,0.6915082318340862,0.761354846371351
20260913_080912_convnextv2_base_PA_chexmask_crop_cv_5fold_holdout15pct,convnextv2_base,convnextv2_base,PA,chexmask_crop,e50_do0.2_wbce,512,64,2e-05,0.05,50,3,8,0.2,weighted_bce,0.0,cosine,42,5,5,False,youden,True,0.0,7,0.5,0.05,0.1,0.3,5,0.7956561073953461,0.005625883663119138,0.7916082858542076,0.6728660030651733,2521,750,0.29750099166997224,0.404272198677063,0.8053717297195558,0.785714134966981,0.8239836293468652,0.6851939870486371,0.6501240019656693,0.7167532344171536,0.7441491471638239,0.708,0.7594579333709769,0.554858934169279,0.6221441124780316,0.44036024407454294,1743,0.7838111368695134,0.827340191186329,0.6472181665818427,0.7232937184556202
20260913_103307_dinov3_base_PA_chexmask_crop_cv_5fold_holdout15pct,vit_base_patch16_dinov3,dinov3_base,PA,chexmask_crop,e50_do0.2_wbce,512,64,2e-05,0.05,50,3,8,0.2,weighted_bce,0.0,cosine,42,5,5,False,youden,True,0.0,7,0.5,0.05,0.1,0.3,5,0.7948814441291242,0.020891614838437742,0.7873804794166497,0.6732218084438104,2521,750,0.29750099166997224,0.4328423738479614,0.8081949934123848,0.7884380975963824,0.8273092445135799,0.6900241400819132,0.6569930596759459,0.7202940143499487,0.7612058706862356,0.6733333333333333,0.7984189723320159,0.58584686774942,0.6265508684863523,0.45464991873915717,1743,0.787265125013758,0.8287982590816128,0.6533754622669072,0.7265063360035915
20260913_113626_eva_x_base_PA_chexmask_crop_cv_5fold_holdout15pct,eva_x_base,eva_x_base,PA,chexmask_crop,e50_do0.2_wbce,512,64,2e-05,0.05,50,3,9,0.2,weighted_bce,0.0,cosine,42,5,5,False,youden,True,0.0,7,0.5,0.05,0.1,0.3,5,0.8165374179043748,0.007939874589113535,0.8042342454977556,0.7128896956383074,2521,750,0.29750099166997224,0.5302364826202393,0.8238042537172972,0.8050155443620133,0.8414818863176656,0.7228030108611969,0.6922312553485609,0.7525314984166773,0.7846092820309402,0.6626666666666666,0.8362507058159232,0.6315120711562897,0.6467143786597267,0.49221701916946803,1743,0.8012733318696551,0.8436797474877852,0.688748918376893,0.7557463011310481
20260913_190041_swint_base_AP_raw_cv_5fold_holdout15pct,swinv2_base_window16_256,swint_base,AP,raw,e50_do0.2_wbce,512,64,2e-05,0.05,50,3,8,0.2,weighted_bce,0.0,cosine,42,5,5,False,youden,True,0.0,7,0.5,0.05,0.1,0.3,5,0.7906104807257527,0.006505377431609609,0.7877285798937541,0.7838241200633158,3280,1582,0.4823170731707317,0.5257949829101562,0.7996077038651853,0.7844216073136295,0.8146412725478939,0.7848594900947714,0.7640837381596814,0.8066774560032872,0.7344512195121952,0.7111251580278128,0.7561837455830389,0.7309941520467836,0.7209227811598846,0.4679047378655283,1763,0.7828048811592951,0.8163759464373135,0.7583471120505156,0.8095703437889508
20260913_232648_swint_base_AP_medsam3_seg_cv_5fold_holdout15pct,swinv2_base_window16_256,swint_base,AP,medsam3_seg,e50_do0.2_wbce,512,64,2e-05,0.05,50,3,8,0.2,weighted_bce,0.0,cosine,42,5,5,False,youden,True,0.0,7,0.5,0.05,0.1,0.3,5,0.7911158038025923,0.005473609849972836,0.786592234086706,0.7849203969793874,3280,1582,0.4823170731707317,0.5667380690574646,0.7952584955305491,0.7798790209887095,0.8106177329610763,0.7783613890282355,0.7570849542308611,0.8001873853749293,0.7350609756097561,0.6984829329962073,0.7691401648998822,0.7381429525718103,0.7177655082819097,0.46911731770898085,1763,0.7771570204786834,0.8122270706284324,0.7506017374482181,0.8058981473596837
20260914_034547_swint_base_AP_medsam3_crop_cv_5fold_holdout15pct,swinv2_base_window16_256,swint_base,AP,medsam3_crop,e50_do0.2_wbce,512,64,2e-05,0.05,50,3,8,0.2,weighted_bce,0.0,cosine,42,5,5,False,youden,True,0.0,7,0.5,0.05,0.1,0.3,5,0.7964042925390561,0.0029015773032299527,0.7884942919237499,0.7817295936601627,3280,1582,0.4823170731707317,0.4863315224647522,0.8009575480337543,0.785479588717363,0.8162272398121246,0.7902274549654074,0.7699707757137669,0.8106339737673491,0.7353658536585366,0.7465233881163085,0.7249705535924618,0.716626213592233,0.7312693498452012,0.471204596711451,1763,0.7839728169284268,0.8176772252814148,0.7636759566115795,0.8158591333689628
20260914_081823_swint_base_AP_chexmask_seg_cv_5fold_holdout15pct,swinv2_base_window16_256,swint_base,AP,chexmask_seg,e50_do0.2_wbce,512,64,2e-05,0.05,50,3,8,0.2,weighted_bce,0.0,cosine,42,5,5,False,youden,True,0.0,7,0.5,0.05,0.1,0.3,5,0.7918862781306565,0.0064972038090634196,0.7882823652840862,0.7855791083487202,3280,1582,0.4823170731707317,0.5544704794883728,0.798496855823539,0.7836747523568964,0.8139261849878356,0.783383399551412,0.7622726212472101,0.8043267743611073,0.7375,0.7060682680151706,0.7667844522968198,0.7382683410442828,0.7218093699515348,0.4739802390238619,1763,0.7810965661567731,0.8151610860859413,0.7561764507918545,0.8090108042886968
20260914_124109_swint_base_AP_chexmask_crop_cv_5fold_holdout15pct,swinv2_base_window16_256,swint_base,AP,chexmask_crop,e50_do0.2_wbce,512,64,2e-05,0.05,50,3,8,0.2,weighted_bce,0.0,cosine,42,5,5,False,youden,True,0.0,7,0.5,0.05,0.1,0.3,5,0.7957995418613525,0.0033442104485233736,0.792483415161329,0.7894569051133444,3280,1582,0.4823170731707317,0.5109845399856567,0.8025099060544196,0.7871194349041216,0.8173653922630028,0.791603244392052,0.7718693360058695,0.8122718690791226,0.7320121951219513,0.695322376738306,0.7661955241460542,0.7348029392117569,0.7145177005521273,0.46299261245144924,1763,0.7853291127460301,0.8187257008952012,0.7667150807110789,0.8156412318628765
20260914_172603_swint_base_PA_raw_cv_5fold_holdout15pct,swinv2_base_window16_256,swint_base,PA,raw,e50_do0.2_wbce,512,64,2e-05,0.05,50,3,8,0.2,weighted_bce,0.0,cosine,42,5,5,False,youden,True,0.0,7,0.5,0.05,0.1,0.3,5,0.7819655177971094,0.012831061890916349,0.7792505398973113,0.6523786308649174,2521,750,0.29750099166997224,0.4931301772594452,0.7966068134763786,0.7768957030676145,0.8154430335809726,0.6785754749850883,0.6449151892257295,0.7104900970172676,0.7493058310194367,0.684,0.7769621682665161,0.5649779735682819,0.6188178528347407,0.43898035775739336,1743,0.7737266258341443,0.817473932197005,0.6419639288765385,0.7131373161741748
20260914_212018_swint_base_PA_chexmask_crop_cv_5fold_holdout15pct,swinv2_base_window16_256,swint_base,PA,chexmask_crop,e50_do0.2_wbce,512,64,2e-05,0.05,50,3,8,0.2,weighted_bce,0.0,cosine,42,5,5,False,youden,True,0.0,7,0.5,0.05,0.1,0.3,5,0.7850139983293882,0.010035589359691524,0.7822719615774124,0.6591933150795641,2521,750,0.29750099166997224,0.5722447633743286,0.7942706568793525,0.7742501258614727,0.8137640608016459,0.6648181989476751,0.630367510191344,0.6964020254486636,0.7580325267750893,0.632,0.8114059853190287,0.5866336633663366,0.6084724005134788,0.434367278269297,1743,0.7727477114059228,0.8148618048509956,0.6260401070306384,0.7018354968203362
20260915_124445_rad_dino_AP_raw_cv_5fold_holdout15pct,microsoft/rad-dino,rad_dino,AP,raw,e50_do0.2_wbce,512,64,2e-05,0.05,50,3,9,0.2,weighted_bce,0.0,cosine,42,5,5,False,youden,False,0.0,7,0.5,0.05,0.1,0.3,5,0.8106588121429275,0.004016402894761854,0.80362856773806,0.8075084515157697,3280,1582,0.4823170731707317,0.4857785105705261,0.8131478395792476,0.7991460989781024,0.8270851447687219,0.8011676548800983,0.7813312479232377,0.8205473896280986,0.7472560975609757,0.7433628318584071,0.7508833922261484,0.7354596622889306,0.7393901288902861,0.49409146744136034,1763,0.7959181455202421,0.8304902765398243,0.7756369514655888,0.8264569338845903
20260915_162728_rad_dino_AP_medsam3_seg_cv_5fold_holdout15pct,microsoft/rad-dino,rad_dino,AP,medsam3_seg,e50_do0.2_wbce,512,64,2e-05,0.05,50,3,9,0.2,weighted_bce,0.0,cosine,42,5,5,False,youden,False,0.0,7,0.5,0.05,0.1,0.3,5,0.8002548553395842,0.005457166816087475,0.7943486035336731,0.7998060207793127,3280,1582,0.4823170731707317,0.5256994962692261,0.8044825547718071,0.79024125727909,0.8187051118866313,0.789194994139062,0.7680371322156987,0.809756591296664,0.7384146341463415,0.7199747155499368,0.7555948174322733,0.732947232947233,0.7264030612244898,0.47592684664723056,1763,0.7861448240601084,0.8217094992667778,0.7606519266553239,0.8157515316378133
20260915_195640_rad_dino_AP_medsam3_crop_cv_5fold_holdout15pct,microsoft/rad-dino,rad_dino,AP,medsam3_crop,e50_do0.2_wbce,512,64,2e-05,0.05,50,3,9,0.2,weighted_bce,0.0,cosine,42,5,5,False,youden,False,0.0,7,0.5,0.05,0.1,0.3,5,0.8109545608054989,0.005312557405235073,0.8051649617935752,0.8059013545200839,3280,1582,0.4823170731707317,0.5591604113578796,0.8152891257506786,0.8008604930321315,0.8295881322838651,0.8034051758422472,0.7835798193605946,0.8233417905741793,0.7484756097560976,0.7199747155499368,0.7750294464075382,0.7488494411571335,0.7341282629713181,0.4960019755244845,1763,0.7984313007391323,0.831643725614639,0.7767412167779644,0.8282798690291313
20260915_233922_rad_dino_AP_chexmask_seg_cv_5fold_holdout15pct,microsoft/rad-dino,rad_dino,AP,chexmask_seg,e50_do0.2_wbce,512,64,2e-05,0.05,50,3,9,0.2,weighted_bce,0.0,cosine,42,5,5,False,youden,False,0.0,7,0.5,0.05,0.1,0.3,5,0.8000398769505214,0.00643362362157886,0.795374793237009,0.8017832274844516,3280,1582,0.4823170731707317,0.5188761949539185,0.8063807498671001,0.7921383377157383,0.8204632610890404,0.7929068462561228,0.7727592730113753,0.8135004052987523,0.7429878048780488,0.7243994943109987,0.7603062426383981,0.737926593689633,0.7311004784688995,0.48508555906193873,1763,0.7886091806672796,0.8232676931915699,0.766074219091444,0.8180553678648653
20260916_030439_rad_dino_AP_chexmask_crop_cv_5fold_holdout15pct,microsoft/rad-dino,rad_dino,AP,chexmask_crop,e50_do0.2_wbce,512,64,2e-05,0.05,50,3,9,0.2,weighted_bce,0.0,cosine,42,5,5,False,youden,False,0.0,7,0.5,0.05,0.1,0.3,5,0.8093996100997701,0.005245249535903082,0.8012343191832397,0.8022605461352565,3280,1582,0.4823170731707317,0.4974863529205322,0.8119014859453897,0.7976418023487282,0.8260572403577339,0.7983234661338475,0.7780677097327242,0.8184115886039558,0.7478658536585366,0.7351453855878635,0.7597173144876325,0.7402928071292171,0.737710117348557,0.49499142907684235,1763,0.794765137103395,0.8286729817209362,0.7722047428995941,0.8226445324944954
20260916_064318_rad_dino_PA_raw_cv_5fold_holdout15pct,microsoft/rad-dino,rad_dino,PA,raw,e50_do0.2_wbce,512,64,2e-05,0.05,50,3,9,0.2,weighted_bce,0.0,cosine,42,5,5,False,youden,False,0.0,7,0.5,0.05,0.1,0.3,5,0.8139409151492194,0.010692296358078736,0.8254144772136403,0.7430572285096615,2521,750,0.29750099166997224,0.5346723198890686,0.8140907208733295,0.7948677435517763,0.833429444795005,0.7073000764218162,0.6764776350294289,0.7373911324458697,0.7766759222530741,0.6426666666666667,0.8334274421230943,0.6203346203346203,0.6313032089063523,0.471355924495491,1743,0.7915933870605598,0.8354134079246105,0.6693959014131895,0.7426651747876107
20260916_120955_rad_dino_PA_medsam3_seg_cv_5fold_holdout15pct,microsoft/rad-dino,rad_dino,PA,medsam3_seg,e50_do0.2_wbce,512,64,2e-05,0.05,50,3,9,0.2,weighted_bce,0.0,cosine,42,5,5,False,youden,False,0.0,7,0.5,0.05,0.1,0.3,5,0.7943562804110662,0.010306131134324648,0.7883908931656172,0.6879818587083038,2521,750,0.29750099166997224,0.43746379017829895,0.7997395068699417,0.780223027459242,0.819774797666102,0.6861283192652428,0.6538114111326921,0.7169903472067037,0.7532725109083697,0.6653333333333333,0.7905138339920948,0.5735632183908046,0.6160493827160494,0.43835504556881977,1743,0.7777811674856806,0.8222868272499703,0.6487998545445363,0.7212211809513288
20260916_151509_rad_dino_PA_medsam3_crop_cv_5fold_holdout15pct,microsoft/rad-dino,rad_dino,PA,medsam3_crop,e50_do0.2_wbce,512,64,2e-05,0.05,50,3,9,0.2,weighted_bce,0.0,cosine,42,5,5,False,youden,False,0.0,7,0.5,0.05,0.1,0.3,5,0.8162591985089881,0.008515969532481873,0.8142176058930279,0.7229969448692329,2521,750,0.29750099166997224,0.5120108127593994,0.8158434029738376,0.7965377893145522,0.834822381042941,0.7114933235387828,0.6803810186514694,0.7410103522298556,0.7655692185640619,0.6706666666666666,0.805759457933371,0.5938606847697757,0.6299311208515967,0.461122217994327,1743,0.7946182772781185,0.8380860018927601,0.6761033775620955,0.7465755948315449
20260916_180556_rad_dino_PA_chexmask_seg_cv_5fold_holdout15pct,microsoft/rad-dino,rad_dino,PA,chexmask_seg,e50_do0.2_wbce,512,64,2e-05,0.05,50,3,9,0.2,weighted_bce,0.0,cosine,42,5,5,False,youden,False,0.0,7,0.5,0.05,0.1,0.3,5,0.7961210889954212,0.006509228868326372,0.7932157435737284,0.6964961170700548,2521,750,0.29750099166997224,0.5090215802192688,0.8015140222096744,0.7823752538351054,0.821184810290299,0.6898532152291401,0.6578604524178567,0.7205372932044078,0.7612058706862356,0.6613333333333333,0.8035008469791078,0.5876777251184834,0.6223337515683814,0.4502982020235921,1743,0.7796507730262479,0.8228946130270283,0.6502604954626219,0.7243551557750115
20260916_211411_rad_dino_PA_chexmask_crop_cv_5fold_holdout15pct,microsoft/rad-dino,rad_dino,PA,chexmask_crop,e50_do0.2_wbce,512,64,2e-05,0.05,50,3,9,0.2,weighted_bce,0.0,cosine,42,5,5,False,youden,False,0.0,7,0.5,0.05,0.1,0.3,5,0.8152967747659302,0.010561258142732522,0.8107770461097523,0.7225082128772962,2521,750,0.29750099166997224,0.4862440824508667,0.8169433465085639,0.7980536374379507,0.8361162040209117,0.7130821247356445,0.6819630849222204,0.7432182887450166,0.7707259024196748,0.668,0.8142292490118577,0.6036144578313253,0.6341772151898735,0.4691185548261776,1743,0.7954338653607824,0.8371341436364916,0.6764034387591679,0.746580215828956
20260917_104528_resnet152_AP_raw_cv_5fold_holdout15pct,resnet152,resnet152,AP,raw,e50_do0.2_wbce,512,64,2e-05,0.05,50,3,8,0.2,weighted_bce,0.0,cosine,42,5,5,False,youden,True,0.0,7,0.5,0.05,0.1,0.3,5,0.7779781670707366,0.007789030640400572,0.7771692473437739,0.7765364809008952,3280,1582,0.4823170731707317,0.5151321291923523,0.7859555154498712,0.7705294677487069,0.8011229853663272,0.7721211356628583,0.7511023766453063,0.7948469716416168,0.7216463414634147,0.695322376738306,0.7461719670200235,0.7184846505551927,0.7067137809187279,0.442195915143521,1763,0.7680049332438944,0.8038517967252508,0.7453000030029431,0.79953541664811
20260917_124505_densenet_AP_raw_cv_5fold_holdout15pct,densenet201,densenet,AP,raw,e50_do0.2_wbce,512,64,2e-05,0.05,50,3,8,0.2,weighted_bce,0.0,cosine,42,5,5,False,youden,True,0.0,7,0.5,0.05,0.1,0.3,5,0.7869505588242196,0.006410500895170376,0.7821063036501528,0.7835118183218079,3280,1582,0.4823170731707317,0.5170831680297852,0.7960168056715791,0.7815429602670982,0.8111118687938054,0.7783636509484466,0.7574891678533411,0.8006703227895103,0.724390243902439,0.6630847029077117,0.78150765606596,0.7387323943661972,0.6988674217188541,0.4483667850310513,1763,0.778901968326038,0.8133245300492126,0.7508804050419944,0.8040868048305472
20260917_140723_resnet152_AP_medsam3_seg_cv_5fold_holdout15pct,resnet152,resnet152,AP,medsam3_seg,e50_do0.2_wbce,512,64,2e-05,0.05,50,3,8,0.2,weighted_bce,0.0,cosine,42,5,5,False,youden,True,0.0,7,0.5,0.05,0.1,0.3,5,0.7746145259347104,0.005938431378006647,0.7727184188002911,0.7684787024805713,3280,1582,0.4823170731707317,0.4946291148662567,0.7826010075064143,0.7677626268015385,0.7980744019546362,0.7676127239467831,0.7471925952703115,0.7902615873318968,0.713109756097561,0.6896333754740834,0.734982332155477,0.7079818299805322,0.6986871597822606,0.42512537494595803,1763,0.7646033539766497,0.7999978205295062,0.7393033532585789,0.7960516671205918
20260917_162947_densenet_AP_medsam3_seg_cv_5fold_holdout15pct,densenet201,densenet,AP,medsam3_seg,e50_do0.2_wbce,512,64,2e-05,0.05,50,3,8,0.2,weighted_bce,0.0,cosine,42,5,5,False,youden,True,0.0,7,0.5,0.05,0.1,0.3,5,0.783352024250982,0.003402481043683558,0.78234817503272,0.7823479922602837,3280,1582,0.4823170731707317,0.5058591365814209,0.790024778165433,0.7753544026284711,0.8052140664440273,0.7722862799960292,0.7496462750156605,0.7945066406103621,0.723780487804878,0.6978508217446271,0.7479387514723204,0.720626631853786,0.7090558766859345,0.44647987927801136,1763,0.7724015605896333,0.8075833995478635,0.7457500506111793,0.7980324508080769
20260917_175129_resnet152_AP_medsam3_crop_cv_5fold_holdout15pct,resnet152,resnet152,AP,medsam3_crop,e50_do0.2_wbce,512,64,2e-05,0.05,50,3,8,0.2,weighted_bce,0.0,cosine,42,5,5,False,youden,True,0.0,7,0.5,0.05,0.1,0.3,5,0.7813460759726911,0.00527258613942217,0.7804720537099722,0.7789621747694571,3280,1582,0.4823170731707317,0.46611642837524414,0.7893130015382119,0.7736915605716598,0.8044551162152553,0.7721810779421174,0.7505863078248299,0.7939265207492131,0.7198170731707317,0.7433628318584071,0.6978798586572438,0.6962699822380106,0.7190461632528279,0.4411636203041249,1763,0.7708346791474755,0.8070071351025856,0.7447398819735453,0.7974401744363137
20260917_195955_densenet_AP_medsam3_crop_cv_5fold_holdout15pct,densenet201,densenet,AP,medsam3_crop,e50_do0.2_wbce,512,64,2e-05,0.05,50,3,8,0.2,weighted_bce,0.0,cosine,42,5,5,False,youden,True,0.0,7,0.5,0.05,0.1,0.3,5,0.7886102052103938,0.005829145295084973,0.7869683577332908,0.7881739689339415,3280,1582,0.4823170731707317,0.5078118443489075,0.7954628707231979,0.7801574899812292,0.8106576730718895,0.7782539899168065,0.7570395565752389,0.8003483030655794,0.7268292682926829,0.683944374209861,0.7667844522968198,0.7320703653585927,0.7071895424836602,0.45266071657142115,1763,0.778492920150328,0.8113054068288303,0.7507606409825501,0.8031612045555827
20260917_212010_resnet152_AP_chexmask_seg_cv_5fold_holdout15pct,resnet152,resnet152,AP,chexmask_seg,e50_do0.2_wbce,512,64,2e-05,0.05,50,3,8,0.2,weighted_bce,0.0,cosine,42,5,5,False,youden,True,0.0,7,0.5,0.05,0.1,0.3,5,0.7762274518674097,0.004873645160916942,0.7702400494321161,0.765844834593984,3280,1582,0.4823170731707317,0.4790162444114685,0.7859015365738529,0.7705254904214458,0.8010717609778423,0.7707673963603972,0.7495147229844727,0.7928409294445709,0.7216463414634147,0.702275600505689,0.7396937573616019,0.7153895685769478,0.7087719298245614,0.44231569116270525,1763,0.7689443701731952,0.8031552286675998,0.7434816128485116,0.7971172616775236
20260917_234135_densenet_AP_chexmask_seg_cv_5fold_holdout15pct,densenet201,densenet,AP,chexmask_seg,e50_do0.2_wbce,512,64,2e-05,0.05,50,3,8,0.2,weighted_bce,0.0,cosine,42,5,5,False,youden,True,0.0,7,0.5,0.05,0.1,0.3,5,0.7845953557959161,0.007030929983881091,0.7817750971179236,0.7834493069297543,3280,1582,0.4823170731707317,0.47268348932266235,0.790153582931656,0.77532557038102,0.8053992488645532,0.7777242181717334,0.7561324474875961,0.7995765023003539,0.7222560975609756,0.6991150442477876,0.7438162544169611,0.7177157689811811,0.7082933077169389,0.44346295023176024,1763,0.7721125515055195,0.8072365622433775,0.7516224125950304,0.8020464231516041
20260918_010544_resnet152_AP_chexmask_crop_cv_5fold_holdout15pct,resnet152,resnet152,AP,chexmask_crop,e50_do0.2_wbce,512,64,2e-05,0.05,50,3,8,0.2,weighted_bce,0.0,cosine,42,5,5,False,youden,True,0.0,7,0.5,0.05,0.1,0.3,5,0.7777003377933915,0.006395797047177873,0.776486127697547,0.773395862314884,3280,1582,0.4823170731707317,0.5455278754234314,0.7908396730592546,0.7761261405457076,0.8065801201098373,0.7747639641631591,0.754315458573633,0.7967987431440787,0.7246951219512195,0.690897597977244,0.7561837455830389,0.7252820172528202,0.7076723858853998,0.44827821708999477,1763,0.7738030011082545,0.8081738573285504,0.7464642868960657,0.7999688215882081
20260918_030110_densenet_AP_chexmask_crop_cv_5fold_holdout15pct,densenet201,densenet,AP,chexmask_crop,e50_do0.2_wbce,512,64,2e-05,0.05,50,3,8,0.2,weighted_bce,0.0,cosine,42,5,5,False,youden,True,0.0,7,0.5,0.05,0.1,0.3,5,0.7873580130540152,0.005690042703489827,0.7846019588291185,0.787029263266349,3280,1582,0.4823170731707317,0.524394690990448,0.7953526793624983,0.7803351125343257,0.8111061056874931,0.7783400862899255,0.7566690988023049,0.7999492400359153,0.7283536585365854,0.695322376738306,0.7591283863368669,0.7289595758780649,0.7117437722419929,0.455622349291971,1763,0.7780979336007026,0.8126879154058892,0.7511488987472965,0.8033934505899422
20260918_042254_resnet152_PA_raw_cv_5fold_holdout15pct,resnet152,resnet152,PA,raw,e50_do0.2_wbce,512,64,2e-05,0.05,50,3,8,0.2,weighted_bce,0.0,cosine,42,5,5,False,youden,True,0.0,7,0.5,0.05,0.1,0.3,5,0.7527087333840394,0.008502686042805232,0.7491933914494289,0.6100041616879723,2521,750,0.29750099166997224,0.4455295205116272,0.7796984754376058,0.7598085557481699,0.7988365878364045,0.6397840073920574,0.6048178690155694,0.6720046538595037,0.7294724315747719,0.644,0.7656691134952005,0.5378619153674833,0.5861650485436893,0.3910890947576444,1743,0.7570305836147669,0.8006431493400478,0.6005286986840697,0.6753703666175221
20260918_062633_densenet_PA_raw_cv_5fold_holdout15pct,densenet201,densenet,PA,raw,e50_do0.2_wbce,512,64,2e-05,0.05,50,3,8,0.2,weighted_bce,0.0,cosine,42,5,5,False,youden,True,0.0,7,0.5,0.05,0.1,0.3,5,0.7745149987195726,0.0073905475935821495,0.7689669136046253,0.6379294617438788,2521,750,0.29750099166997224,0.47073665261268616,0.7940101637492942,0.774463633857131,0.8132955996136598,0.6630957294102369,0.6284629617793777,0.6949177982684784,0.7433558111860373,0.6466666666666666,0.7843026538678712,0.5594002306805075,0.5998763141620285,0.4147715561212278,1743,0.7717638868061635,0.8154091760336917,0.6235301700349022,0.7004952270952203
20260918_073821_resnet152_PA_medsam3_seg_cv_5fold_holdout15pct,resnet152,resnet152,PA,medsam3_seg,e50_do0.2_wbce,512,64,2e-05,0.05,50,3,8,0.2,weighted_bce,0.0,cosine,42,5,5,False,youden,True,0.0,7,0.5,0.05,0.1,0.3,5,0.7372651699944821,0.008904380932264673,0.7345156610464403,0.5934977271219488,2521,750,0.29750099166997224,0.5231767296791077,0.7711545266327875,0.7505295779755671,0.7917107793731689,0.6339823653151613,0.596537275396797,0.6684111533248037,0.7401824672748909,0.5933333333333334,0.8023715415019763,0.559748427672956,0.5760517799352751,0.3893205720236599,1743,0.7484960326787734,0.7937410467271974,0.59576397409753,0.6724273746863481
20260918_101249_densenet_PA_medsam3_seg_cv_5fold_holdout15pct,densenet201,densenet,PA,medsam3_seg,e50_do0.2_wbce,512,64,2e-05,0.05,50,3,8,0.2,weighted_bce,0.0,cosine,42,5,5,False,youden,True,0.0,7,0.5,0.05,0.1,0.3,5,0.7582853906933311,0.005160973161664669,0.7548274707478861,0.6288937646877404,2521,750,0.29750099166997224,0.4882834553718567,0.7879427818558253,0.7682794410102446,0.8078856750824188,0.6586459083042477,0.6244127466833184,0.6904262394687413,0.7445458151527172,0.6386666666666667,0.7893845285149633,0.562206572769953,0.5980024968789014,0.4137020382149444,1743,0.7659346684038185,0.8097674894865687,0.622736172148188,0.6964784786261358
20260918_112744_resnet152_PA_medsam3_crop_cv_5fold_holdout15pct,resnet152,resnet152,PA,medsam3_crop,e50_do0.2_wbce,512,64,2e-05,0.05,50,3,8,0.2,weighted_bce,0.0,cosine,42,5,5,False,youden,True,0.0,7,0.5,0.05,0.1,0.3,5,0.7553498933659035,0.009718277104563113,0.7520571813586346,0.6155457476975629,2521,750,0.29750099166997224,0.5491268634796143,0.7790950498776585,0.7576262559210266,0.7992720106964595,0.6488366166928244,0.6129607687658429,0.6808185041708974,0.7465291550971836,0.608,0.8051948051948052,0.5692883895131086,0.5880077369439072,0.4057086652522596,1743,0.7560699814083156,0.8017694162661061,0.6094917451959595,0.6889956732386548
20260918_133311_densenet_PA_medsam3_crop_cv_5fold_holdout15pct,densenet201,densenet,PA,medsam3_crop,e50_do0.2_wbce,512,64,2e-05,0.05,50,3,8,0.2,weighted_bce,0.0,cosine,42,5,5,False,youden,True,0.0,7,0.5,0.05,0.1,0.3,5,0.7752367358857881,0.008460874140720016,0.7727692859690374,0.6434873831745938,2521,750,0.29750099166997224,0.4311051070690155,0.7889840015057407,0.7688278373029482,0.8078623278116777,0.6594534613879597,0.6242389136680312,0.6922505831725247,0.718762395874653,0.7053333333333334,0.7244494635798984,0.52015732546706,0.5987549518958687,0.40050186752831873,1743,0.7663796536927157,0.8108160069584814,0.6206794425983612,0.6975066428934075
20260918_144611_resnet152_PA_chexmask_seg_cv_5fold_holdout15pct,resnet152,resnet152,PA,chexmask_seg,e50_do0.2_wbce,512,64,2e-05,0.05,50,3,8,0.2,weighted_bce,0.0,cosine,42,5,5,False,youden,True,0.0,7,0.5,0.05,0.1,0.3,5,0.737344602467732,0.00938920255608501,0.7313759216352065,0.5868050476969497,2521,750,0.29750099166997224,0.4780414402484894,0.7606941464332769,0.7406008050353157,0.781228682411444,0.6237884906637559,0.5874181494932773,0.658437665850642,0.7334391114637049,0.5946666666666667,0.7922077922077922,0.547911547911548,0.5703324808184144,0.37825180418816173,1743,0.7365844352373345,0.7828020068718057,0.5812393703022136,0.6639629349847724
20260918_164912_densenet_PA_chexmask_seg_cv_5fold_holdout15pct,densenet201,densenet,PA,chexmask_seg,e50_do0.2_wbce,512,64,2e-05,0.05,50,3,8,0.2,weighted_bce,0.0,cosine,42,5,5,False,youden,True,0.0,7,0.5,0.05,0.1,0.3,5,0.7600617750643075,0.006673640369752071,0.7562985455951641,0.6237933989595802,2521,750,0.29750099166997224,0.43014734983444214,0.7901517033690947,0.7702432168306835,0.809348789012545,0.6608473931768932,0.6264166901087239,0.6918684513176789,0.7247124157080523,0.704,0.7334839073969509,0.528,0.6034285714285714,0.4088249456041597,1743,0.7674702453041108,0.8123297582959458,0.6216324736922267,0.6964808062531154
20260918_180651_resnet152_PA_chexmask_crop_cv_5fold_holdout15pct,resnet152,resnet152,PA,chexmask_crop,e50_do0.2_wbce,512,64,2e-05,0.05,50,3,8,0.2,weighted_bce,0.0,cosine,42,5,5,False,youden,True,0.0,7,0.5,0.05,0.1,0.3,5,0.7503381086450635,0.009194918780703585,0.7476377323919428,0.6034434636525994,2521,750,0.29750099166997224,0.5528414845466614,0.7826967814793901,0.7622488636450704,0.8014550616616748,0.6468231246865545,0.6098168820438019,0.6789170648610974,0.7433558111860373,0.6253333333333333,0.7933370976849238,0.5616766467065868,0.5917981072555205,0.4066681676746122,1743,0.7604047601924905,0.804510578479593,0.6065032888955991,0.6839143179643346
20260918_200652_densenet_PA_chexmask_crop_cv_5fold_holdout15pct,densenet201,densenet,PA,chexmask_crop,e50_do0.2_wbce,512,64,2e-05,0.05,50,3,8,0.2,weighted_bce,0.0,cosine,42,5,5,False,youden,True,0.0,7,0.5,0.05,0.1,0.3,5,0.7721511800444273,0.007800690533971227,0.7683632964267866,0.6396940720245018,2521,750,0.29750099166997224,0.42155182361602783,0.7873525315264446,0.766665193032699,0.8070289600366397,0.65673507019705,0.621187504822386,0.6900931879994383,0.721539071796906,0.704,0.7289666854884246,0.5238095238095238,0.6006825938566553,0.4040588869690084,1743,0.7653992506333065,0.8099206030174011,0.6171841034086515,0.6942435197007671
