run,model,view,mode,n_images,n_subjects,n_pos,test_auc,auc_cluster_lo,auc_cluster_hi,auc_image_lo,auc_image_hi,auc_cluster_width,auc_image_width,test_auprc,auprc_cluster_lo,auprc_cluster_hi,auprc_image_lo,auprc_image_hi,auprc_cluster_width,auprc_image_width,n_boot_effective,n_degenerate_replicates
20260907_180114_convnextv2_base_PA_medsam3_seg_cv_5fold_holdout15pct,convnextv2_base,PA,medsam3_seg,2521,1743,750,0.8003402973837757,0.7786684228729459,0.8215612227578922,0.7806206915049884,0.8197855901370905,0.04289279988494632,0.03916489863210215,0.680872212805293,0.6445324122739878,0.7172732928110326,0.6467185546655501,0.7130406977688727,0.07274088053704475,0.06632214310332263,2000,0
20260907_203123_swint_base_PA_medsam3_seg_cv_5fold_holdout15pct,swinv2_base_window16_256,PA,medsam3_seg,2521,1743,750,0.7896006022962544,0.7672925485823539,0.8118138593613864,0.7695430636932448,0.8090583690934302,0.04452131077903254,0.03951530540018544,0.6653528237640763,0.6257347916466278,0.7012784435065801,0.6321109355268952,0.6983421366347591,0.07554365185995227,0.06623120110786385,2000,0
20260908_002127_dinov3_base_PA_medsam3_seg_cv_5fold_holdout15pct,vit_base_patch16_dinov3,PA,medsam3_seg,2521,1743,750,0.7867946546207416,0.7652840556675008,0.8092400676505539,0.7661485172856595,0.806292185454561,0.0439560119830531,0.04014366816890158,0.6682123693539369,0.6327199124691248,0.7051136350881602,0.6354119216702588,0.6992089517147585,0.07239372261903532,0.06379703004449966,2000,0
20260908_015426_eva_x_base_PA_medsam3_seg_cv_5fold_holdout15pct,eva_x_base,PA,medsam3_seg,2521,1743,750,0.7974839073969509,0.7755619103717466,0.8184570500795119,0.777461059130739,0.8170434800123674,0.04289513970776526,0.03958242088162833,0.6850926821336446,0.6475770459775865,0.7207590663390896,0.6530884056110096,0.7168053723640675,0.07318202036150312,0.06371696675305794,2000,0
20260908_093546_convnextv2_base_PA_medsam3_crop_cv_5fold_holdout15pct,convnextv2_base,PA,medsam3_crop,2521,1743,750,0.8092467532467533,0.7868465324514701,0.8302708959661862,0.7902338620905917,0.8275875248929461,0.043424363514716124,0.037353662802354415,0.6956950395567802,0.6586833719037672,0.7312641957807257,0.6626923968032279,0.7262860204637226,0.07258082387695841,0.0635936236604947,2000,0
20260908_120636_swint_base_PA_medsam3_crop_cv_5fold_holdout15pct,swinv2_base_window16_256,PA,medsam3_crop,2521,1743,750,0.8024573687182384,0.779039299385813,0.8231110995757066,0.7830820388551267,0.8211156892370498,0.04407180018989365,0.03803365038192308,0.6793439249225895,0.6388422046258212,0.7151509671384783,0.6450311705376621,0.7109637475375717,0.07630876251265706,0.06593257699990962,2000,0
20260908_155706_dinov3_base_PA_medsam3_crop_cv_5fold_holdout15pct,vit_base_patch16_dinov3,PA,medsam3_crop,2521,1743,750,0.811930735930736,0.7893606379981742,0.8315817044660337,0.793216711985157,0.8312436042553418,0.0422210664678595,0.03802689227018485,0.698501622836621,0.6620110007085166,0.7332366101033571,0.6660693944542203,0.7286170303678857,0.07122560939484046,0.06254763591366541,2000,0
20260908_172509_eva_x_base_PA_medsam3_crop_cv_5fold_holdout15pct,eva_x_base,PA,medsam3_crop,2521,1743,750,0.8233427442123095,0.8029043357270438,0.843341399106684,0.8052824174839981,0.8421536488274569,0.04043706337964026,0.03687123134345882,0.722636420700927,0.6890920201265179,0.7570076121100692,0.6920118922889197,0.7517405902174911,0.06791559198355124,0.059728697928571384,2000,0
20260909_011100_convnextv2_base_PA_chexmask_seg_cv_5fold_holdout15pct,convnextv2_base,PA,chexmask_seg,2521,1743,750,0.7995994729907772,0.7771702992262308,0.8212911655746001,0.7801406054392682,0.8185881933254031,0.044120866348369314,0.03844758788613489,0.6726616983918435,0.6319356323857191,0.711833750275129,0.6383749144536629,0.7061279657807981,0.07989811788940981,0.06775305132713516,2000,0
20260909_033321_swint_base_PA_chexmask_seg_cv_5fold_holdout15pct,swinv2_base_window16_256,PA,chexmask_seg,2521,1743,750,0.7880624882364011,0.7664890210370219,0.8097946882150343,0.7686802405991362,0.8073948607798453,0.04330566717801243,0.03871462018070915,0.6587226331961384,0.6204197035822269,0.6969614033788903,0.6255916638555331,0.6902042621422573,0.07654169979666348,0.06461259828672417,2000,0
20260909_072955_dinov3_base_PA_chexmask_seg_cv_5fold_holdout15pct,vit_base_patch16_dinov3,PA,chexmask_seg,2521,1743,750,0.791048371917937,0.7682614460386367,0.8120598612709983,0.7704886017493583,0.8118179467663786,0.04379841523236161,0.04132934501702035,0.6781106156888754,0.6407218615002517,0.7127439338635934,0.645337005484173,0.7097428507763165,0.07202207236334168,0.06440584529214344,2000,0
20260909_084516_eva_x_base_PA_chexmask_seg_cv_5fold_holdout15pct,eva_x_base,PA,chexmask_seg,2521,1743,750,0.8006421983813288,0.7782903102858892,0.8208663458521709,0.7814729336632977,0.82057843040082,0.042576035566281645,0.03910549673752228,0.6891747646910105,0.6512729069835066,0.7245085246937598,0.6585591691912088,0.7199815757515645,0.07323561771025322,0.06142240656035569,2000,0
20260909_143039_convnextv2_base_AP_raw_cv_5fold_holdout15pct,convnextv2_base,AP,raw,3280,1763,1582,0.802910466541287,0.7849146320048426,0.8195149242957334,0.7879929092321583,0.8182117455382918,0.03460029229089079,0.030218836306133534,0.7875501883542124,0.7596496259731796,0.8128815931445812,0.7670327106120189,0.8094234700920819,0.05323196717140155,0.04239075948006299,2000,0
20260909_171916_dinov3_base_AP_raw_cv_5fold_holdout15pct,vit_base_patch16_dinov3,AP,raw,3280,1763,1582,0.8054318384535089,0.7884627442762477,0.8219499802093465,0.7902264968445154,0.8203419454833464,0.03348723593309877,0.030115448638830977,0.7944014420800896,0.7683808546581277,0.8179487559042641,0.7739567602491718,0.8156962740384888,0.049567901246136414,0.04173951378931695,2000,0
20260909_184003_eva_x_base_AP_raw_cv_5fold_holdout15pct,eva_x_base,AP,raw,3280,1763,1582,0.8128183823014806,0.7954924170617691,0.8293942665008476,0.7983576161308913,0.8267557793791763,0.03390184943907848,0.028398163248285035,0.8018108531983887,0.7776226292656323,0.8259368127473093,0.7818354549097644,0.8219427076412723,0.04831418348167704,0.04010725273150795,2000,0
20260910_104021_convnextv2_base_AP_medsam3_seg_cv_5fold_holdout15pct,convnextv2_base,AP,medsam3_seg,3280,1763,1582,0.7974928487295978,0.7804433082182788,0.8137645432768544,0.7829996829055638,0.8132454357742054,0.03332123505857565,0.030245752868641618,0.7804826922084322,0.7526858433189897,0.8063423057693481,0.7587394715122704,0.8033977315702528,0.05365646245035838,0.04465826005798246,2000,0
20260910_133001_dinov3_base_AP_medsam3_seg_cv_5fold_holdout15pct,vit_base_patch16_dinov3,AP,medsam3_seg,3280,1763,1582,0.7999535409398132,0.7820167646909091,0.8172950200577369,0.7848532533562462,0.8154223732351109,0.035278255366827826,0.03056911987886468,0.7900066179687654,0.7642249211511648,0.8142768303452839,0.7696598167152268,0.811416146681428,0.05005190919411906,0.04175632996620127,2000,0
20260910_151857_eva_x_base_AP_medsam3_seg_cv_5fold_holdout15pct,eva_x_base,AP,medsam3_seg,3280,1763,1582,0.8063773994541061,0.7898505633796301,0.8235792798470322,0.7912713784604151,0.8212430146265529,0.03372871646740205,0.02997163616613785,0.7946145979612078,0.768489607232262,0.8189590738395239,0.7743672391664792,0.8147146730875573,0.050469466607261926,0.04034743392107809,2000,0
20260910_235159_convnextv2_base_AP_medsam3_crop_cv_5fold_holdout15pct,convnextv2_base,AP,medsam3_crop,3280,1763,1582,0.8071446440297874,0.7893117024495371,0.8245335158853158,0.7920636176724406,0.822398780619383,0.03522181343577868,0.030335162946942384,0.7916220752842398,0.7641240212077233,0.8173255574446056,0.7705599473030792,0.8131029883570798,0.053201536236882285,0.04254304105400064,2000,0
20260911_091737_dinov3_base_AP_medsam3_crop_cv_5fold_holdout15pct,vit_base_patch16_dinov3,AP,medsam3_crop,3280,1763,1582,0.8090473063424063,0.7922193881545203,0.8255421382170126,0.7944362385079239,0.8241064592488689,0.0333227500624923,0.029670220740945052,0.794109255194171,0.7674865102259248,0.8189725458215563,0.7738329475366447,0.8152329016347338,0.051486035595631474,0.041399954098089164,2000,0
20260911_103605_eva_x_base_AP_medsam3_crop_cv_5fold_holdout15pct,eva_x_base,AP,medsam3_crop,3280,1763,1582,0.8137490525776587,0.7962701520274514,0.8294667100570796,0.7988293397464158,0.8275420111118029,0.033196558029628176,0.028712671365387132,0.8028175435917962,0.7782435466507771,0.8257651572449964,0.7826798251149845,0.8227640678734244,0.04752161059421933,0.040084242758439914,2000,0
20260911_192830_convnextv2_base_AP_chexmask_seg_cv_5fold_holdout15pct,convnextv2_base,AP,chexmask_seg,3280,1763,1582,0.795783765834424,0.7782903240331489,0.8114518387904245,0.7813113546972614,0.8109230142798957,0.03316151475727558,0.02961165958263423,0.7798593390827564,0.753162049895518,0.8055662063055276,0.7577020944178824,0.8024650657400294,0.052404156410009506,0.044762971322147016,2000,0
20260911_222254_dinov3_base_AP_chexmask_seg_cv_5fold_holdout15pct,vit_base_patch16_dinov3,AP,chexmask_seg,3280,1763,1582,0.799150186357416,0.782233786772312,0.8159702186696771,0.7844448034884921,0.8143092834797981,0.03373643189736508,0.029864479991306037,0.7885722362404063,0.7642801777229415,0.813274931224848,0.7681952460981012,0.8090985282561584,0.04899475350190641,0.040903282158057164,2000,0
20260911_234000_eva_x_base_AP_chexmask_seg_cv_5fold_holdout15pct,eva_x_base,AP,chexmask_seg,3280,1763,1582,0.8075965775158995,0.7902831778552758,0.8236053013604413,0.7926196867287177,0.822242645818169,0.0333221235051655,0.02962295908945123,0.7951281203948997,0.7701449576324808,0.8184712482828127,0.7748314631862159,0.8163402842835614,0.04832629065033189,0.04150882109734555,2000,0
20260912_075603_convnextv2_base_AP_chexmask_crop_cv_5fold_holdout15pct,convnextv2_base,AP,chexmask_crop,3280,1763,1582,0.801300034695388,0.7837403262595667,0.8181119908332093,0.7858227822920918,0.8166961743757725,0.0343716645736426,0.030873392083680673,0.7873944736165381,0.7609724038291306,0.8132352327890064,0.766472845797856,0.8089509245688679,0.052262828959875884,0.04247807877101184,2000,0
20260912_104931_dinov3_base_AP_chexmask_crop_cv_5fold_holdout15pct,vit_base_patch16_dinov3,AP,chexmask_crop,3280,1763,1582,0.8071714473337414,0.7901599133312464,0.8230751200344132,0.79226426593251,0.8223055398504334,0.03291520670316683,0.03004127391792344,0.7900409209575509,0.763709934542833,0.8151532056877121,0.769063636541729,0.8116035002997384,0.05144327114487912,0.04253986375800933,2000,0
20260912_120123_eva_x_base_AP_chexmask_crop_cv_5fold_holdout15pct,eva_x_base,AP,chexmask_crop,3280,1763,1582,0.8130949775075608,0.7963570981141689,0.8298557593513654,0.798300012364385,0.8271993640291136,0.03349866123719647,0.02889935166472868,0.8032818180460273,0.7790823674008491,0.8272191203831378,0.7829451387885926,0.8230695804134287,0.0481367529822887,0.04012444162483608,2000,0
20260912_204440_convnextv2_base_PA_raw_cv_5fold_holdout15pct,convnextv2_base,PA,raw,2521,1743,750,0.8109113495200453,0.7896970974602114,0.8321310083615051,0.7921416836418118,0.8293927845207555,0.04243391090129367,0.03725110087894368,0.6948410650426782,0.6586517304700383,0.7326883576070405,0.6616440966660917,0.7263076083621138,0.07403662713700221,0.06466351169602214,2000,0
20260912_231315_dinov3_base_PA_raw_cv_5fold_holdout15pct,vit_base_patch16_dinov3,PA,raw,2521,1743,750,0.8099582156973462,0.7887323077477836,0.8305214150462638,0.7911846934430433,0.8295168233717175,0.04178910729848018,0.038332129928674186,0.6963091449536445,0.659904671804625,0.7299385816252568,0.663922701897482,0.726857233948697,0.07003390982063185,0.06293453205121491,2000,0
20260913_004127_eva_x_base_PA_raw_cv_5fold_holdout15pct,eva_x_base,PA,raw,2521,1743,750,0.8261313758705063,0.804771911279985,0.8462479404540185,0.8080831820838446,0.8446287034971098,0.04147602917403348,0.03654552141326528,0.7279927234686776,0.6915082318340862,0.761354846371351,0.6980089805937633,0.7568241132648835,0.06984661453726482,0.05881513267112026,2000,0
20260913_080912_convnextv2_base_PA_chexmask_crop_cv_5fold_holdout15pct,convnextv2_base,PA,chexmask_crop,2521,1743,750,0.8053717297195558,0.7838111368695134,0.827340191186329,0.785714134966981,0.8239836293468652,0.04352905431681553,0.03826949437988425,0.6851939870486371,0.6472181665818427,0.7232937184556202,0.6501240019656693,0.7167532344171536,0.07607555187377746,0.06662923245148422,2000,0
20260913_103307_dinov3_base_PA_chexmask_crop_cv_5fold_holdout15pct,vit_base_patch16_dinov3,PA,chexmask_crop,2521,1743,750,0.8081949934123848,0.787265125013758,0.8287982590816128,0.7884380975963824,0.8273092445135799,0.04153313406785475,0.03887114691719751,0.6900241400819132,0.6533754622669072,0.7265063360035915,0.6569930596759459,0.7202940143499487,0.07313087373668425,0.06330095467400276,2000,0
20260913_113626_eva_x_base_PA_chexmask_crop_cv_5fold_holdout15pct,eva_x_base,PA,chexmask_crop,2521,1743,750,0.8238042537172972,0.8012733318696551,0.8436797474877852,0.8050155443620133,0.8414818863176656,0.04240641561813008,0.03646634195565235,0.7228030108611969,0.688748918376893,0.7557463011310481,0.6922312553485609,0.7525314984166773,0.06699738275415512,0.06030024306811643,2000,0
20260913_190041_swint_base_AP_raw_cv_5fold_holdout15pct,swinv2_base_window16_256,AP,raw,3280,1763,1582,0.7996077038651853,0.7828048811592951,0.8163759464373135,0.7844216073136295,0.8146412725478939,0.03357106527801834,0.030219665234264337,0.7848594900947714,0.7583471120505156,0.8095703437889508,0.7640837381596814,0.8066774560032872,0.05122323173843513,0.04259371784360577,2000,0
20260913_232648_swint_base_AP_medsam3_seg_cv_5fold_holdout15pct,swinv2_base_window16_256,AP,medsam3_seg,3280,1763,1582,0.7952584955305491,0.7771570204786834,0.8122270706284324,0.7798790209887095,0.8106177329610763,0.035070050149748955,0.030738711972366772,0.7783613890282355,0.7506017374482181,0.8058981473596837,0.7570849542308611,0.8001873853749293,0.05529640991146556,0.0431024311440682,2000,0
20260914_034547_swint_base_AP_medsam3_crop_cv_5fold_holdout15pct,swinv2_base_window16_256,AP,medsam3_crop,3280,1763,1582,0.8009575480337543,0.7839728169284268,0.8176772252814148,0.785479588717363,0.8162272398121246,0.03370440835298805,0.03074765109476163,0.7902274549654074,0.7636759566115795,0.8158591333689628,0.7699707757137669,0.8106339737673491,0.052183176757383265,0.040663198053582206,2000,0
20260914_081823_swint_base_AP_chexmask_seg_cv_5fold_holdout15pct,swinv2_base_window16_256,AP,chexmask_seg,3280,1763,1582,0.798496855823539,0.7810965661567731,0.8151610860859413,0.7836747523568964,0.8139261849878356,0.03406451992916815,0.030251432630939212,0.783383399551412,0.7561764507918545,0.8090108042886968,0.7622726212472101,0.8043267743611073,0.05283435349684229,0.042054153113897264,2000,0
20260914_124109_swint_base_AP_chexmask_crop_cv_5fold_holdout15pct,swinv2_base_window16_256,AP,chexmask_crop,3280,1763,1582,0.8025099060544196,0.7853291127460301,0.8187257008952012,0.7871194349041216,0.8173653922630028,0.033396588149171125,0.030245957358881137,0.791603244392052,0.7667150807110789,0.8156412318628765,0.7718693360058695,0.8122718690791226,0.04892615115179766,0.040402533073253144,2000,0
20260914_172603_swint_base_PA_raw_cv_5fold_holdout15pct,swinv2_base_window16_256,PA,raw,2521,1743,750,0.7966068134763786,0.7737266258341443,0.817473932197005,0.7768957030676145,0.8154430335809726,0.04374730636286073,0.038547330513358125,0.6785754749850883,0.6419639288765385,0.7131373161741748,0.6449151892257295,0.7104900970172676,0.07117338729763623,0.06557490779153807,2000,0
20260914_212018_swint_base_PA_chexmask_crop_cv_5fold_holdout15pct,swinv2_base_window16_256,PA,chexmask_crop,2521,1743,750,0.7942706568793525,0.7727477114059228,0.8148618048509956,0.7742501258614727,0.8137640608016459,0.042114093445072776,0.03951393494017319,0.6648181989476751,0.6260401070306384,0.7018354968203362,0.630367510191344,0.6964020254486636,0.0757953897896978,0.06603451525731963,2000,0
20260915_124445_rad_dino_AP_raw_cv_5fold_holdout15pct,microsoft/rad-dino,AP,raw,3280,1763,1582,0.8131478395792476,0.7959181455202421,0.8304902765398243,0.7991460989781024,0.8270851447687219,0.03457213101958223,0.027939045790619454,0.8011676548800983,0.7756369514655888,0.8264569338845903,0.7813312479232377,0.8205473896280986,0.05081998241900154,0.039216141704860874,2000,0
20260915_162728_rad_dino_AP_medsam3_seg_cv_5fold_holdout15pct,microsoft/rad-dino,AP,medsam3_seg,3280,1763,1582,0.8044825547718071,0.7861448240601084,0.8217094992667778,0.79024125727909,0.8187051118866313,0.035564675206669394,0.028463854607541306,0.789194994139062,0.7606519266553239,0.8157515316378133,0.7680371322156987,0.809756591296664,0.05509960498248945,0.041719459080965304,2000,0
20260915_195640_rad_dino_AP_medsam3_crop_cv_5fold_holdout15pct,microsoft/rad-dino,AP,medsam3_crop,3280,1763,1582,0.8152891257506786,0.7984313007391323,0.831643725614639,0.8008604930321315,0.8295881322838651,0.033212424875506685,0.028727639251733605,0.8034051758422472,0.7767412167779644,0.8282798690291313,0.7835798193605946,0.8233417905741793,0.05153865225116694,0.03976197121358471,2000,0
20260915_233922_rad_dino_AP_chexmask_seg_cv_5fold_holdout15pct,microsoft/rad-dino,AP,chexmask_seg,3280,1763,1582,0.8063807498671001,0.7886091806672796,0.8232676931915699,0.7921383377157383,0.8204632610890404,0.03465851252429031,0.02832492337330217,0.7929068462561228,0.766074219091444,0.8180553678648653,0.7727592730113753,0.8135004052987523,0.051981148773421304,0.04074113228737708,2000,0
20260916_030439_rad_dino_AP_chexmask_crop_cv_5fold_holdout15pct,microsoft/rad-dino,AP,chexmask_crop,3280,1763,1582,0.8119014859453897,0.794765137103395,0.8286729817209362,0.7976418023487282,0.8260572403577339,0.03390784461754115,0.0284154380090057,0.7983234661338475,0.7722047428995941,0.8226445324944954,0.7780677097327242,0.8184115886039558,0.05043978959490136,0.04034387887123159,2000,0
20260916_064318_rad_dino_PA_raw_cv_5fold_holdout15pct,microsoft/rad-dino,PA,raw,2521,1743,750,0.8140907208733295,0.7915933870605598,0.8354134079246105,0.7948677435517763,0.833429444795005,0.04382002086405068,0.038561701243228774,0.7073000764218162,0.6693959014131895,0.7426651747876107,0.6764776350294289,0.7373911324458697,0.07326927337442124,0.06091349741644081,2000,0
20260916_120955_rad_dino_PA_medsam3_seg_cv_5fold_holdout15pct,microsoft/rad-dino,PA,medsam3_seg,2521,1743,750,0.7997395068699417,0.7777811674856806,0.8222868272499703,0.780223027459242,0.819774797666102,0.04450565976428966,0.03955177020685996,0.6861283192652428,0.6487998545445363,0.7212211809513288,0.6538114111326921,0.7169903472067037,0.07242132640679255,0.0631789360740116,2000,0
20260916_151509_rad_dino_PA_medsam3_crop_cv_5fold_holdout15pct,microsoft/rad-dino,PA,medsam3_crop,2521,1743,750,0.8158434029738376,0.7946182772781185,0.8380860018927601,0.7965377893145522,0.834822381042941,0.043467724614641545,0.03828459172838883,0.7114933235387828,0.6761033775620955,0.7465755948315449,0.6803810186514694,0.7410103522298556,0.07047221726944941,0.06062933357838618,2000,0
20260916_180556_rad_dino_PA_chexmask_seg_cv_5fold_holdout15pct,microsoft/rad-dino,PA,chexmask_seg,2521,1743,750,0.8015140222096744,0.7796507730262479,0.8228946130270283,0.7823752538351054,0.821184810290299,0.04324384000078041,0.03880955645519357,0.6898532152291401,0.6502604954626219,0.7243551557750115,0.6578604524178567,0.7205372932044078,0.07409466031238965,0.06267684078655111,2000,0
20260916_211411_rad_dino_PA_chexmask_crop_cv_5fold_holdout15pct,microsoft/rad-dino,PA,chexmask_crop,2521,1743,750,0.8169433465085639,0.7954338653607824,0.8371341436364916,0.7980536374379507,0.8361162040209117,0.04170027827570921,0.03806256658296103,0.7130821247356445,0.6764034387591679,0.746580215828956,0.6819630849222204,0.7432182887450166,0.07017677706978809,0.061255203822796256,2000,0
20260917_104528_resnet152_AP_raw_cv_5fold_holdout15pct,resnet152,AP,raw,3280,1763,1582,0.7859555154498712,0.7680049332438944,0.8038517967252508,0.7705294677487069,0.8011229853663272,0.03584686348135635,0.030593517617620303,0.7721211356628583,0.7453000030029431,0.79953541664811,0.7511023766453063,0.7948469716416168,0.05423541364516693,0.04374459499631045,2000,0
20260917_124505_densenet_AP_raw_cv_5fold_holdout15pct,densenet201,AP,raw,3280,1763,1582,0.7960168056715791,0.778901968326038,0.8133245300492126,0.7815429602670982,0.8111118687938054,0.034422561723174594,0.029568908526707127,0.7783636509484466,0.7508804050419944,0.8040868048305472,0.7574891678533411,0.8006703227895103,0.053206399788552794,0.04318115493616925,2000,0
20260917_140723_resnet152_AP_medsam3_seg_cv_5fold_holdout15pct,resnet152,AP,medsam3_seg,3280,1763,1582,0.7826010075064143,0.7646033539766497,0.7999978205295062,0.7677626268015385,0.7980744019546362,0.035394466552856496,0.030311775153097686,0.7676127239467831,0.7393033532585789,0.7960516671205918,0.7471925952703115,0.7902615873318968,0.056748313862012956,0.04306899206158532,2000,0
20260917_162947_densenet_AP_medsam3_seg_cv_5fold_holdout15pct,densenet201,AP,medsam3_seg,3280,1763,1582,0.790024778165433,0.7724015605896333,0.8075833995478635,0.7753544026284711,0.8052140664440273,0.03518183895823024,0.02985966381555616,0.7722862799960292,0.7457500506111793,0.7980324508080769,0.7496462750156605,0.7945066406103621,0.05228240019689767,0.044860365594701634,2000,0
20260917_175129_resnet152_AP_medsam3_crop_cv_5fold_holdout15pct,resnet152,AP,medsam3_crop,3280,1763,1582,0.7893130015382119,0.7708346791474755,0.8070071351025856,0.7736915605716598,0.8044551162152553,0.036172455955110094,0.030763555643595564,0.7721810779421174,0.7447398819735453,0.7974401744363137,0.7505863078248299,0.7939265207492131,0.052700292462768306,0.04334021292438317,2000,0
20260917_195955_densenet_AP_medsam3_crop_cv_5fold_holdout15pct,densenet201,AP,medsam3_crop,3280,1763,1582,0.7954628707231979,0.778492920150328,0.8113054068288303,0.7801574899812292,0.8106576730718895,0.03281248667850234,0.03050018309066027,0.7782539899168065,0.7507606409825501,0.8031612045555827,0.7570395565752389,0.8003483030655794,0.05240056357303258,0.043308746490340444,2000,0
20260917_212010_resnet152_AP_chexmask_seg_cv_5fold_holdout15pct,resnet152,AP,chexmask_seg,3280,1763,1582,0.7859015365738529,0.7689443701731952,0.8031552286675998,0.7705254904214458,0.8010717609778423,0.03421085849440464,0.03054627055639647,0.7707673963603972,0.7434816128485116,0.7971172616775236,0.7495147229844727,0.7928409294445709,0.05363564882901206,0.043326206460098105,2000,0
20260917_234135_densenet_AP_chexmask_seg_cv_5fold_holdout15pct,densenet201,AP,chexmask_seg,3280,1763,1582,0.790153582931656,0.7721125515055195,0.8072365622433775,0.77532557038102,0.8053992488645532,0.03512401073785798,0.03007367848353315,0.7777242181717334,0.7516224125950304,0.8020464231516041,0.7561324474875961,0.7995765023003539,0.05042401055657375,0.043444054812757815,2000,0
20260918_010544_resnet152_AP_chexmask_crop_cv_5fold_holdout15pct,resnet152,AP,chexmask_crop,3280,1763,1582,0.7908396730592546,0.7738030011082545,0.8081738573285504,0.7761261405457076,0.8065801201098373,0.0343708562202959,0.030453979564129652,0.7747639641631591,0.7464642868960657,0.7999688215882081,0.754315458573633,0.7967987431440787,0.05350453469214245,0.0424832845704457,2000,0
20260918_030110_densenet_AP_chexmask_crop_cv_5fold_holdout15pct,densenet201,AP,chexmask_crop,3280,1763,1582,0.7953526793624983,0.7780979336007026,0.8126879154058892,0.7803351125343257,0.8111061056874931,0.03458998180518669,0.030770993153167336,0.7783400862899255,0.7511488987472965,0.8033934505899422,0.7566690988023049,0.7999492400359153,0.05224455184264565,0.04328014123361035,2000,0
20260918_042254_resnet152_PA_raw_cv_5fold_holdout15pct,resnet152,PA,raw,2521,1743,750,0.7796984754376058,0.7570305836147669,0.8006431493400478,0.7598085557481699,0.7988365878364045,0.04361256572528083,0.03902803208823469,0.6397840073920574,0.6005286986840697,0.6753703666175221,0.6048178690155694,0.6720046538595037,0.07484166793345248,0.06718678484393426,2000,0
20260918_062633_densenet_PA_raw_cv_5fold_holdout15pct,densenet201,PA,raw,2521,1743,750,0.7940101637492942,0.7717638868061635,0.8154091760336917,0.774463633857131,0.8132955996136598,0.043645289227528195,0.03883196575652881,0.6630957294102369,0.6235301700349022,0.7004952270952203,0.6284629617793777,0.6949177982684784,0.07696505706031809,0.06645483648910078,2000,0
20260918_073821_resnet152_PA_medsam3_seg_cv_5fold_holdout15pct,resnet152,PA,medsam3_seg,2521,1743,750,0.7711545266327875,0.7484960326787734,0.7937410467271974,0.7505295779755671,0.7917107793731689,0.04524501404842396,0.04118120139760184,0.6339823653151613,0.59576397409753,0.6724273746863481,0.596537275396797,0.6684111533248037,0.07666340058881804,0.0718738779280067,2000,0
20260918_101249_densenet_PA_medsam3_seg_cv_5fold_holdout15pct,densenet201,PA,medsam3_seg,2521,1743,750,0.7879427818558253,0.7659346684038185,0.8097674894865687,0.7682794410102446,0.8078856750824188,0.04383282108275022,0.03960623407217423,0.6586459083042477,0.622736172148188,0.6964784786261358,0.6244127466833184,0.6904262394687413,0.07374230647794777,0.0660134927854229,2000,0
20260918_112744_resnet152_PA_medsam3_crop_cv_5fold_holdout15pct,resnet152,PA,medsam3_crop,2521,1743,750,0.7790950498776585,0.7560699814083156,0.8017694162661061,0.7576262559210266,0.7992720106964595,0.04569943485779049,0.041645754775432864,0.6488366166928244,0.6094917451959595,0.6889956732386548,0.6129607687658429,0.6808185041708974,0.07950392804269535,0.06785773540505446,2000,0
20260918_133311_densenet_PA_medsam3_crop_cv_5fold_holdout15pct,densenet201,PA,medsam3_crop,2521,1743,750,0.7889840015057407,0.7663796536927157,0.8108160069584814,0.7688278373029482,0.8078623278116777,0.04443635326576578,0.039034490508729425,0.6594534613879597,0.6206794425983612,0.6975066428934075,0.6242389136680312,0.6922505831725247,0.0768272002950463,0.06801166950449355,2000,0
20260918_144611_resnet152_PA_chexmask_seg_cv_5fold_holdout15pct,resnet152,PA,chexmask_seg,2521,1743,750,0.7606941464332769,0.7365844352373345,0.7828020068718057,0.7406008050353157,0.781228682411444,0.046217571634471155,0.040627877376128385,0.6237884906637559,0.5812393703022136,0.6639629349847724,0.5874181494932773,0.658437665850642,0.08272356468255881,0.0710195163573647,2000,0
20260918_164912_densenet_PA_chexmask_seg_cv_5fold_holdout15pct,densenet201,PA,chexmask_seg,2521,1743,750,0.7901517033690947,0.7674702453041108,0.8123297582959458,0.7702432168306835,0.809348789012545,0.04485951299183499,0.0391055721818615,0.6608473931768932,0.6216324736922267,0.6964808062531154,0.6264166901087239,0.6918684513176789,0.07484833256088863,0.06545176120895502,2000,0
20260918_180651_resnet152_PA_chexmask_crop_cv_5fold_holdout15pct,resnet152,PA,chexmask_crop,2521,1743,750,0.7826967814793901,0.7604047601924905,0.804510578479593,0.7622488636450704,0.8014550616616748,0.04410581828710247,0.03920619801660441,0.6468231246865545,0.6065032888955991,0.6839143179643346,0.6098168820438019,0.6789170648610974,0.07741102906873543,0.06910018281729546,2000,0
20260918_200652_densenet_PA_chexmask_crop_cv_5fold_holdout15pct,densenet201,PA,chexmask_crop,2521,1743,750,0.7873525315264446,0.7653992506333065,0.8099206030174011,0.766665193032699,0.8070289600366397,0.044521352384094603,0.04036376700394073,0.65673507019705,0.6171841034086515,0.6942435197007671,0.621187504822386,0.6900931879994383,0.07705941629211566,0.06890568317705226,2000,0
