view,model,mode_a,mode_b,contrast,vs_raw,pairing,n_images_paired,n_subjects_paired,auc_a,auc_b,delta_auc,delta_auc_lo,delta_auc_hi,delta_auc_ci_width,delta_auc_excludes_zero,delta_auc_p,auprc_a,auprc_b,delta_auprc,delta_auprc_lo,delta_auprc_hi,delta_auprc_ci_width,delta_auprc_excludes_zero,delta_auprc_p,delta_auc_ci_width_unpaired,delta_auprc_ci_width_unpaired,pairing_width_reduction_auc,prob_corr_a_b,n_boot_effective,run_a,run_b
AP,convnextv2_base,chexmask_seg,chexmask_crop,chexmask_crop_minus_chexmask_seg,False,paired,3280,1763,0.7957837658344241,0.8013000346953879,0.005516268860963791,-0.0010352560140505728,0.012391826519066165,0.013427082533116738,False,0.097,0.7798593390827564,0.7873944736165381,0.00753513453378174,-0.00018530405525170036,0.015536746331571042,0.015722050386822742,False,0.057,0.04857792061222063,0.07323553938565222,0.723597009425329,0.9353011149602334,2000,20260911_192830_convnextv2_base_AP_chexmask_seg_cv_5fold_holdout15pct,20260912_075603_convnextv2_base_AP_chexmask_crop_cv_5fold_holdout15pct
AP,densenet201,chexmask_seg,chexmask_crop,chexmask_crop_minus_chexmask_seg,False,paired,3280,1763,0.790153582931656,0.7953526793624983,0.005199096430842265,-0.0025031902983219333,0.012673827332978444,0.015177017631300378,False,0.182,0.7777242181717336,0.7783400862899255,0.0006158681181918091,-0.007270915878481154,0.008623932523844927,0.015894848402326082,False,0.831,0.04916715224188459,0.07367231509838496,0.6913179442113111,0.9266744701292513,2000,20260917_234135_densenet_AP_chexmask_seg_cv_5fold_holdout15pct,20260918_030110_densenet_AP_chexmask_crop_cv_5fold_holdout15pct
AP,eva_x_base,chexmask_seg,chexmask_crop,chexmask_crop_minus_chexmask_seg,False,paired,3280,1763,0.8075965775158995,0.8130949775075608,0.00549839999166124,-0.0006023404758770778,0.01163256616215503,0.012234906638032107,False,0.077,0.7951281203948997,0.8032818180460273,0.008153697651127612,0.0015417818036264131,0.014887316422240431,0.013345534618614019,True,0.015,0.04531219869177759,0.06739148190907834,0.7299864718272373,0.9550266437679873,2000,20260911_234000_eva_x_base_AP_chexmask_seg_cv_5fold_holdout15pct,20260912_120123_eva_x_base_AP_chexmask_crop_cv_5fold_holdout15pct
AP,microsoft/rad-dino,chexmask_seg,chexmask_crop,chexmask_crop_minus_chexmask_seg,False,paired,3280,1763,0.8063807498671003,0.8119014859453898,0.005520736078289512,-0.0004131856463377242,0.01121066643074306,0.011623852077080785,False,0.074,0.7929068462561228,0.7983234661338474,0.005416619877724571,-0.0016742131902645978,0.012631781205072176,0.014305994395336774,False,0.142,0.04847670667094715,0.07242467810424144,0.7602177855030086,0.9518681612237418,2000,20260915_233922_rad_dino_AP_chexmask_seg_cv_5fold_holdout15pct,20260916_030439_rad_dino_AP_chexmask_crop_cv_5fold_holdout15pct
AP,resnet152,chexmask_seg,chexmask_crop,chexmask_crop_minus_chexmask_seg,False,paired,3280,1763,0.7859015365738528,0.7908396730592546,0.004938136485401867,-0.002866953572895581,0.012851702227854794,0.015718655800750374,False,0.211,0.7707673963603972,0.7747639641631591,0.003996567802761919,-0.005121233667443581,0.013251169476121425,0.018372403143565006,False,0.409,0.0500392924578124,0.07376381161514703,0.6858737398414934,0.9200009441214485,2000,20260917_212010_resnet152_AP_chexmask_seg_cv_5fold_holdout15pct,20260918_010544_resnet152_AP_chexmask_crop_cv_5fold_holdout15pct
AP,swinv2_base_window16_256,chexmask_seg,chexmask_crop,chexmask_crop_minus_chexmask_seg,False,paired,3280,1763,0.7984968558235389,0.8025099060544196,0.0040130502308807214,-0.00261212381463094,0.010560536746356642,0.013172660560987582,False,0.235,0.7833833995514119,0.7916032443920521,0.0082198448406402,-0.00013976662286409577,0.016700059313297176,0.016839825936161273,False,0.053,0.04883425720663055,0.07404752021442879,0.7302577879857863,0.9261718733074713,2000,20260914_081823_swint_base_AP_chexmask_seg_cv_5fold_holdout15pct,20260914_124109_swint_base_AP_chexmask_crop_cv_5fold_holdout15pct
AP,vit_base_patch16_dinov3,chexmask_seg,chexmask_crop,chexmask_crop_minus_chexmask_seg,False,paired,3280,1763,0.7991501863574161,0.8071714473337414,0.008021260976325273,0.0024531702687649428,0.013394804645104001,0.01094163437633906,True,0.004,0.7885722362404063,0.7900409209575507,0.0014686847171444528,-0.0049831314272228535,0.007993206263490123,0.012976337690712977,False,0.597,0.0473724547272639,0.07131711888007125,0.7690296093091856,0.9556961853235284,2000,20260911_222254_dinov3_base_AP_chexmask_seg_cv_5fold_holdout15pct,20260912_104931_dinov3_base_AP_chexmask_crop_cv_5fold_holdout15pct
AP,convnextv2_base,medsam3_crop,chexmask_crop,chexmask_crop_minus_medsam3_crop,False,paired,3280,1763,0.8071446440297874,0.8013000346953879,-0.005844609334399453,-0.009208539951795556,-0.0027981084289960593,0.006410431522799496,True,0.0,0.79162207528424,0.7873944736165381,-0.0042276016677018635,-0.008954048222660238,0.0005157568372538915,0.00946980505991413,False,0.085,0.046651322544366575,0.07135123108647404,0.8625884289410441,0.9825707381659873,2000,20260910_235159_convnextv2_base_AP_medsam3_crop_cv_5fold_holdout15pct,20260912_075603_convnextv2_base_AP_chexmask_crop_cv_5fold_holdout15pct
AP,densenet201,medsam3_crop,chexmask_crop,chexmask_crop_minus_medsam3_crop,False,paired,3280,1763,0.7954628707231978,0.7953526793624983,-0.00011019136069945201,-0.004100070199943601,0.003888816574723579,0.00798888677466718,False,0.988,0.7782539899168065,0.7783400862899255,8.609637311896012e-05,-0.00498560651335708,0.00529839677061593,0.01028400328397301,False,0.978,0.05006659014722681,0.07495908011648353,0.8404347739445626,0.9769563090880792,2000,20260917_195955_densenet_AP_medsam3_crop_cv_5fold_holdout15pct,20260918_030110_densenet_AP_chexmask_crop_cv_5fold_holdout15pct
AP,eva_x_base,medsam3_crop,chexmask_crop,chexmask_crop_minus_medsam3_crop,False,paired,3280,1763,0.8137490525776588,0.8130949775075608,-0.0006540750700980702,-0.0032065885604531633,0.0019960686215685025,0.005202657182021666,False,0.646,0.8028175435917962,0.8032818180460273,0.0004642744542310284,-0.0027475160659727604,0.0039459963453558605,0.006693512411328621,False,0.782,0.04769591857136933,0.06776951902871492,0.8909202854697783,0.9903668158507051,2000,20260911_103605_eva_x_base_AP_medsam3_crop_cv_5fold_holdout15pct,20260912_120123_eva_x_base_AP_chexmask_crop_cv_5fold_holdout15pct
AP,microsoft/rad-dino,medsam3_crop,chexmask_crop,chexmask_crop_minus_medsam3_crop,False,paired,3280,1763,0.8152891257506787,0.8119014859453898,-0.003387639805288889,-0.005972068247148371,-0.0007871516778651935,0.005184916569283177,True,0.015,0.8034051758422475,0.7983234661338474,-0.005081709708400051,-0.008285815365985234,-0.0020384940145329465,0.0062473213514522875,True,0.001,0.047599623367574034,0.07015503803940644,0.8910723194331982,0.9895769235616686,2000,20260915_195640_rad_dino_AP_medsam3_crop_cv_5fold_holdout15pct,20260916_030439_rad_dino_AP_chexmask_crop_cv_5fold_holdout15pct
AP,resnet152,medsam3_crop,chexmask_crop,chexmask_crop_minus_medsam3_crop,False,paired,3280,1763,0.7893130015382118,0.7908396730592546,0.0015266715210427995,-0.0033649738673712766,0.006583972210023163,0.00994894607739444,False,0.55,0.7721810779421177,0.7747639641631591,0.002582886221041414,-0.004261627588557831,0.008921795425733601,0.013183423014291432,False,0.459,0.04870490263801539,0.07364916417440012,0.7957300900211832,0.9679444103239492,2000,20260917_175129_resnet152_AP_medsam3_crop_cv_5fold_holdout15pct,20260918_010544_resnet152_AP_chexmask_crop_cv_5fold_holdout15pct
AP,swinv2_base_window16_256,medsam3_crop,chexmask_crop,chexmask_crop_minus_medsam3_crop,False,paired,3280,1763,0.8009575480337543,0.8025099060544196,0.0015523580206653342,-0.0028333011079620775,0.005899719513805054,0.008733020621767132,False,0.479,0.7902274549654072,0.7916032443920521,0.0013757894266448467,-0.004755719584777945,0.0075577306606566235,0.012313450245434569,False,0.617,0.04682996119218699,0.06996625096260436,0.8135163814053271,0.965811741438788,2000,20260914_034547_swint_base_AP_medsam3_crop_cv_5fold_holdout15pct,20260914_124109_swint_base_AP_chexmask_crop_cv_5fold_holdout15pct
AP,vit_base_patch16_dinov3,medsam3_crop,chexmask_crop,chexmask_crop_minus_medsam3_crop,False,paired,3280,1763,0.8090473063424063,0.8071714473337414,-0.0018758590086649374,-0.005646903539900899,0.0019316367796649997,0.007578540319565899,False,0.339,0.794109255194171,0.7900409209575507,-0.00406833423662023,-0.008829339701747586,0.0007661452446488601,0.009595484946396445,False,0.108,0.04700799897353016,0.0743631046587785,0.8387818991437326,0.9789276562785935,2000,20260911_091737_dinov3_base_AP_medsam3_crop_cv_5fold_holdout15pct,20260912_104931_dinov3_base_AP_chexmask_crop_cv_5fold_holdout15pct
AP,convnextv2_base,medsam3_crop,chexmask_seg,chexmask_seg_minus_medsam3_crop,False,paired,3280,1763,0.8071446440297874,0.7957837658344241,-0.011360878195363244,-0.017734366256946715,-0.004903697704141722,0.012830668552804993,True,0.0,0.79162207528424,0.7798593390827564,-0.011762736201483603,-0.020161683639941856,-0.003744608267913572,0.016417075372028283,True,0.003,0.047499377391205716,0.07319135864774788,0.7298771213961106,0.9427978981485081,2000,20260910_235159_convnextv2_base_AP_medsam3_crop_cv_5fold_holdout15pct,20260911_192830_convnextv2_base_AP_chexmask_seg_cv_5fold_holdout15pct
AP,densenet201,medsam3_crop,chexmask_seg,chexmask_seg_minus_medsam3_crop,False,paired,3280,1763,0.7954628707231978,0.790153582931656,-0.005309287791541717,-0.012621484274375552,0.0016877563573351427,0.014309240631710695,False,0.138,0.7782539899168065,0.7777242181717336,-0.000529771745072849,-0.009072003170116347,0.007142647472206826,0.01621465064232317,False,0.878,0.05006681531279019,0.07531902615379334,0.714197107558882,0.9284161174047337,2000,20260917_195955_densenet_AP_medsam3_crop_cv_5fold_holdout15pct,20260917_234135_densenet_AP_chexmask_seg_cv_5fold_holdout15pct
AP,eva_x_base,medsam3_crop,chexmask_seg,chexmask_seg_minus_medsam3_crop,False,paired,3280,1763,0.8137490525776588,0.8075965775158995,-0.0061524750617593105,-0.012090348938508359,-0.0001864759941079124,0.011903872944400446,True,0.042,0.8028175435917962,0.7951281203948997,-0.007689423196896583,-0.014653746098180279,-0.0011511409100335398,0.013502605188146739,True,0.025,0.04761638072188324,0.06776597507936753,0.7500046672188645,0.9536859745846133,2000,20260911_103605_eva_x_base_AP_medsam3_crop_cv_5fold_holdout15pct,20260911_234000_eva_x_base_AP_chexmask_seg_cv_5fold_holdout15pct
AP,microsoft/rad-dino,medsam3_crop,chexmask_seg,chexmask_seg_minus_medsam3_crop,False,paired,3280,1763,0.8152891257506787,0.8063807498671003,-0.008908375883578401,-0.014470254682148711,-0.0029055978889000484,0.011564656793248662,True,0.001,0.8034051758422475,0.7929068462561228,-0.010498329586124622,-0.01779746655420209,-0.0037351728492896106,0.014062293704912477,True,0.002,0.04834823207601138,0.07392475987751763,0.7608049705919522,0.9510120380410418,2000,20260915_195640_rad_dino_AP_medsam3_crop_cv_5fold_holdout15pct,20260915_233922_rad_dino_AP_chexmask_seg_cv_5fold_holdout15pct
AP,resnet152,medsam3_crop,chexmask_seg,chexmask_seg_minus_medsam3_crop,False,paired,3280,1763,0.7893130015382118,0.7859015365738528,-0.0034114649643590678,-0.011587721936252038,0.004135219532283784,0.015722941468535822,False,0.378,0.7721810779421177,0.7707673963603972,-0.001413681581720505,-0.01077470866176627,0.007762739647056507,0.018537448308822778,False,0.782,0.048276238215821624,0.07428277343031045,0.6743130357786882,0.9172561333041698,2000,20260917_175129_resnet152_AP_medsam3_crop_cv_5fold_holdout15pct,20260917_212010_resnet152_AP_chexmask_seg_cv_5fold_holdout15pct
AP,swinv2_base_window16_256,medsam3_crop,chexmask_seg,chexmask_seg_minus_medsam3_crop,False,paired,3280,1763,0.8009575480337543,0.7984968558235389,-0.002460692210215387,-0.008977422074405859,0.0038771582139154655,0.012854580288321324,False,0.424,0.7902274549654072,0.7833833995514119,-0.0068440554139953536,-0.015653574863108494,0.001290574261718975,0.01694414912482747,False,0.119,0.046628129070508326,0.0722997935417173,0.724317047572649,0.9320528294726483,2000,20260914_034547_swint_base_AP_medsam3_crop_cv_5fold_holdout15pct,20260914_081823_swint_base_AP_chexmask_seg_cv_5fold_holdout15pct
AP,vit_base_patch16_dinov3,medsam3_crop,chexmask_seg,chexmask_seg_minus_medsam3_crop,False,paired,3280,1763,0.8090473063424063,0.7991501863574161,-0.00989711998499021,-0.01564032311805649,-0.004253346895600095,0.011386976222456394,True,0.001,0.794109255194171,0.7885722362404063,-0.005537018953764683,-0.012221466125492783,0.0006948723501381172,0.0129163384756309,False,0.078,0.045857077558900755,0.06697640691322994,0.7516855231816619,0.9505457746360193,2000,20260911_091737_dinov3_base_AP_medsam3_crop_cv_5fold_holdout15pct,20260911_222254_dinov3_base_AP_chexmask_seg_cv_5fold_holdout15pct
AP,convnextv2_base,medsam3_seg,chexmask_crop,chexmask_crop_minus_medsam3_seg,False,paired,3280,1763,0.7974928487295978,0.8013000346953879,0.0038071859657901053,-0.002476104445435509,0.009886535710602799,0.012362640156038308,False,0.238,0.7804826922084321,0.7873944736165381,0.006911781408105999,-0.0010851138148666867,0.014554339744618214,0.0156394535594849,False,0.085,0.04865295263543665,0.07416249801847746,0.7459015437629595,0.9392094780901411,2000,20260910_104021_convnextv2_base_AP_medsam3_seg_cv_5fold_holdout15pct,20260912_075603_convnextv2_base_AP_chexmask_crop_cv_5fold_holdout15pct
AP,densenet201,medsam3_seg,chexmask_crop,chexmask_crop_minus_medsam3_seg,False,paired,3280,1763,0.7900247781654329,0.7953526793624983,0.005327901197065388,-0.0013285700768871254,0.012490748032555513,0.01381931810944264,False,0.135,0.7722862799960293,0.7783400862899255,0.00605380629389618,-0.002038983615545667,0.013906735847810126,0.015945719463355792,False,0.142,0.04997362352107594,0.07513339261504778,0.7234677588745498,0.9304949113261949,2000,20260917_162947_densenet_AP_medsam3_seg_cv_5fold_holdout15pct,20260918_030110_densenet_AP_chexmask_crop_cv_5fold_holdout15pct
AP,eva_x_base,medsam3_seg,chexmask_crop,chexmask_crop_minus_medsam3_seg,False,paired,3280,1763,0.806377399454106,0.8130949775075608,0.0067175780534547425,0.000660653445956777,0.012910756902916128,0.01225010345695935,True,0.026,0.794614597961208,0.8032818180460273,0.008667220084819238,0.0014745089071407037,0.015896637074864734,0.01442212816772403,True,0.016,0.046903032811654095,0.06931711016868967,0.7388206535353181,0.9497675115519543,2000,20260910_151857_eva_x_base_AP_medsam3_seg_cv_5fold_holdout15pct,20260912_120123_eva_x_base_AP_chexmask_crop_cv_5fold_holdout15pct
AP,microsoft/rad-dino,medsam3_seg,chexmask_crop,chexmask_crop_minus_medsam3_seg,False,paired,3280,1763,0.8044825547718071,0.8119014859453898,0.007418931173582721,0.0016227334732123956,0.013368448564057434,0.011745715090845038,True,0.015,0.789194994139062,0.7983234661338474,0.009128471994785392,0.0009000004690919328,0.016623526064181663,0.01572352559508973,True,0.034,0.048086707930987634,0.0726691052728156,0.7557388393544827,0.9497033387944566,2000,20260915_162728_rad_dino_AP_medsam3_seg_cv_5fold_holdout15pct,20260916_030439_rad_dino_AP_chexmask_crop_cv_5fold_holdout15pct
AP,resnet152,medsam3_seg,chexmask_crop,chexmask_crop_minus_medsam3_seg,False,paired,3280,1763,0.7826010075064141,0.7908396730592546,0.008238665552840474,0.0007750999039359413,0.015404919621401808,0.014629819717465867,True,0.032,0.7676127239467831,0.7747639641631591,0.00715124021637592,-0.0022705964162767684,0.01614183596624946,0.01841243238252623,False,0.135,0.04942686878509371,0.07153585776229203,0.7040107925696081,0.9226190454783258,2000,20260917_140723_resnet152_AP_medsam3_seg_cv_5fold_holdout15pct,20260918_010544_resnet152_AP_chexmask_crop_cv_5fold_holdout15pct
AP,swinv2_base_window16_256,medsam3_seg,chexmask_crop,chexmask_crop_minus_medsam3_seg,False,paired,3280,1763,0.7952584955305491,0.8025099060544196,0.007251410523870572,0.000289860684586016,0.013681917988139817,0.0133920573035538,True,0.04,0.7783613890282354,0.7916032443920521,0.013241855363816724,0.0044411606055110905,0.021660277317913333,0.01721911671240224,True,0.005,0.048770219384570185,0.07545138066095487,0.7254050223159187,0.9256968899490025,2000,20260913_232648_swint_base_AP_medsam3_seg_cv_5fold_holdout15pct,20260914_124109_swint_base_AP_chexmask_crop_cv_5fold_holdout15pct
AP,vit_base_patch16_dinov3,medsam3_seg,chexmask_crop,chexmask_crop_minus_medsam3_seg,False,paired,3280,1763,0.7999535409398132,0.8071714473337414,0.007217906393928164,0.0015032197534756819,0.012591650465861496,0.011088430712385815,True,0.006,0.7900066179687654,0.7900409209575507,3.430298878537297e-05,-0.007837030384017299,0.007390558276700657,0.015227588660717956,False,0.989,0.04789521195282294,0.06853173037784291,0.768485611394559,0.9573367584766691,2000,20260910_133001_dinov3_base_AP_medsam3_seg_cv_5fold_holdout15pct,20260912_104931_dinov3_base_AP_chexmask_crop_cv_5fold_holdout15pct
AP,convnextv2_base,medsam3_seg,chexmask_seg,chexmask_seg_minus_medsam3_seg,False,paired,3280,1763,0.7974928487295978,0.7957837658344241,-0.0017090828951736858,-0.007086858619519856,0.0036455528652527213,0.010732411484772577,False,0.539,0.7804826922084321,0.7798593390827564,-0.0006233531256757407,-0.007492840774211068,0.005925331818596868,0.013418172592807937,False,0.816,0.04938617619892168,0.07490390497899091,0.7826838943443669,0.9613118290748257,2000,20260910_104021_convnextv2_base_AP_medsam3_seg_cv_5fold_holdout15pct,20260911_192830_convnextv2_base_AP_chexmask_seg_cv_5fold_holdout15pct
AP,densenet201,medsam3_seg,chexmask_seg,chexmask_seg_minus_medsam3_seg,False,paired,3280,1763,0.7900247781654329,0.790153582931656,0.00012880476622312287,-0.005273870668539032,0.0060255089690675195,0.011299379637606553,False,0.989,0.7722862799960293,0.7777242181717336,0.005437938175704371,-0.0006394569494231866,0.011306451943343556,0.011945908892766742,False,0.086,0.048756992118199255,0.0747867655335139,0.7682510928850163,0.9538338110762977,2000,20260917_162947_densenet_AP_medsam3_seg_cv_5fold_holdout15pct,20260917_234135_densenet_AP_chexmask_seg_cv_5fold_holdout15pct
AP,eva_x_base,medsam3_seg,chexmask_seg,chexmask_seg_minus_medsam3_seg,False,paired,3280,1763,0.806377399454106,0.8075965775158995,0.0012191780617935022,-0.0034656818077260566,0.00613280704751116,0.009598488855237217,False,0.577,0.794614597961208,0.7951281203948997,0.0005135224336916266,-0.004957181330975108,0.005724047753319233,0.010681229084294341,False,0.804,0.04910199065764369,0.06939431397513256,0.8045193539675153,0.9712893208641099,2000,20260910_151857_eva_x_base_AP_medsam3_seg_cv_5fold_holdout15pct,20260911_234000_eva_x_base_AP_chexmask_seg_cv_5fold_holdout15pct
AP,microsoft/rad-dino,medsam3_seg,chexmask_seg,chexmask_seg_minus_medsam3_seg,False,paired,3280,1763,0.8044825547718071,0.8063807498671003,0.0018981950952932092,-0.0025016548515568475,0.005943606770696315,0.008445261622253161,False,0.359,0.789194994139062,0.7929068462561228,0.003711852117060821,-0.0012924865864719164,0.008137146971436417,0.009429633557908334,False,0.129,0.047963923754698004,0.07366763319749359,0.8239247133857359,0.9750471791799913,2000,20260915_162728_rad_dino_AP_medsam3_seg_cv_5fold_holdout15pct,20260915_233922_rad_dino_AP_chexmask_seg_cv_5fold_holdout15pct
AP,resnet152,medsam3_seg,chexmask_seg,chexmask_seg_minus_medsam3_seg,False,paired,3280,1763,0.7826010075064141,0.7859015365738528,0.0033005290674386067,-0.003108530317336905,0.009855457703863217,0.012963988021200122,False,0.332,0.7676127239467831,0.7707673963603972,0.0031546724136140014,-0.004006836718589288,0.010357683320102555,0.014364520038691844,False,0.379,0.049788192158855896,0.07474572803372748,0.7396172172743934,0.9469971122708833,2000,20260917_140723_resnet152_AP_medsam3_seg_cv_5fold_holdout15pct,20260917_212010_resnet152_AP_chexmask_seg_cv_5fold_holdout15pct
AP,swinv2_base_window16_256,medsam3_seg,chexmask_seg,chexmask_seg_minus_medsam3_seg,False,paired,3280,1763,0.7952584955305491,0.7984968558235389,0.0032383602929898503,-0.0017910769351071748,0.008033200350976629,0.009824277286083804,False,0.18,0.7783613890282354,0.7833833995514119,0.005022010523176523,-0.002006657477920959,0.011796529551209302,0.013803187029130262,False,0.168,0.04820182605248328,0.0735378635155499,0.7961845413203454,0.9596332988541993,2000,20260913_232648_swint_base_AP_medsam3_seg_cv_5fold_holdout15pct,20260914_081823_swint_base_AP_chexmask_seg_cv_5fold_holdout15pct
AP,vit_base_patch16_dinov3,medsam3_seg,chexmask_seg,chexmask_seg_minus_medsam3_seg,False,paired,3280,1763,0.7999535409398132,0.7991501863574161,-0.0008033545823971089,-0.005978540336317487,0.004352751364914528,0.010331291701232015,False,0.741,0.7900066179687654,0.7885722362404063,-0.0014343817283590798,-0.007361200835325465,0.00469926392361482,0.012060464758940286,False,0.653,0.04779498131051414,0.06848685437560594,0.7838414951119712,0.965799969122454,2000,20260910_133001_dinov3_base_AP_medsam3_seg_cv_5fold_holdout15pct,20260911_222254_dinov3_base_AP_chexmask_seg_cv_5fold_holdout15pct
AP,convnextv2_base,medsam3_seg,medsam3_crop,medsam3_crop_minus_medsam3_seg,False,paired,3280,1763,0.7974928487295978,0.8071446440297874,0.009651795300189558,0.003556874882351771,0.015628583754473964,0.012071708872122193,True,0.0,0.7804826922084321,0.79162207528424,0.011139383075807863,0.00416347395075492,0.017768779160869632,0.013605305210114712,True,0.001,0.04721281174407779,0.07357478908548432,0.7443128586037576,0.9528930459515417,2000,20260910_104021_convnextv2_base_AP_medsam3_seg_cv_5fold_holdout15pct,20260910_235159_convnextv2_base_AP_medsam3_crop_cv_5fold_holdout15pct
AP,densenet201,medsam3_seg,medsam3_crop,medsam3_crop_minus_medsam3_seg,False,paired,3280,1763,0.7900247781654329,0.7954628707231978,0.00543809255776484,-0.0016473376686289842,0.012324166117829624,0.013971503786458608,False,0.131,0.7722862799960293,0.7782539899168065,0.00596770992077722,-0.0021944024027487435,0.014080193515446936,0.01627459591819568,False,0.134,0.04877775678005516,0.07451752783458249,0.7135681362007315,0.933247544644987,2000,20260917_162947_densenet_AP_medsam3_seg_cv_5fold_holdout15pct,20260917_195955_densenet_AP_medsam3_crop_cv_5fold_holdout15pct
AP,eva_x_base,medsam3_seg,medsam3_crop,medsam3_crop_minus_medsam3_seg,False,paired,3280,1763,0.806377399454106,0.8137490525776588,0.007371653123552813,0.0011295567784780885,0.013647209450736636,0.012517652672258548,True,0.03,0.794614597961208,0.8028175435917962,0.00820294563058821,0.0008910931980667393,0.01523874200125469,0.014347648803187951,True,0.026,0.047117003996686516,0.06628486924460099,0.7343283398677292,0.9486018545628899,2000,20260910_151857_eva_x_base_AP_medsam3_seg_cv_5fold_holdout15pct,20260911_103605_eva_x_base_AP_medsam3_crop_cv_5fold_holdout15pct
AP,microsoft/rad-dino,medsam3_seg,medsam3_crop,medsam3_crop_minus_medsam3_seg,False,paired,3280,1763,0.8044825547718071,0.8152891257506787,0.01080657097887161,0.00478373388554641,0.016559356647804235,0.011775622762257826,True,0.001,0.789194994139062,0.8034051758422475,0.014210181703185443,0.006389964484649693,0.02204576554174789,0.015655801057098198,True,0.001,0.04866800976710979,0.07466394196217718,0.7580418262713533,0.9503957952805147,2000,20260915_162728_rad_dino_AP_medsam3_seg_cv_5fold_holdout15pct,20260915_195640_rad_dino_AP_medsam3_crop_cv_5fold_holdout15pct
AP,resnet152,medsam3_seg,medsam3_crop,medsam3_crop_minus_medsam3_seg,False,paired,3280,1763,0.7826010075064141,0.7893130015382118,0.0067119940317976745,-0.000681908440245349,0.014030594313064531,0.01471250275330988,False,0.081,0.7676127239467831,0.7721810779421177,0.0045683539953345065,-0.004920348193200208,0.013805338033947909,0.018725686227148118,False,0.354,0.04960376603565004,0.07395949409163945,0.7033994809439255,0.9219570373868153,2000,20260917_140723_resnet152_AP_medsam3_seg_cv_5fold_holdout15pct,20260917_175129_resnet152_AP_medsam3_crop_cv_5fold_holdout15pct
AP,swinv2_base_window16_256,medsam3_seg,medsam3_crop,medsam3_crop_minus_medsam3_seg,False,paired,3280,1763,0.7952584955305491,0.8009575480337543,0.0056990525032052375,-0.00041501350821292193,0.011836544511877236,0.012251558020090158,False,0.07,0.7783613890282354,0.7902274549654072,0.011866065937171877,0.00399788390968433,0.019764963694568337,0.01576707978488401,True,0.004,0.047138859836296315,0.07237695276895761,0.7400964286654932,0.9336955945448896,2000,20260913_232648_swint_base_AP_medsam3_seg_cv_5fold_holdout15pct,20260914_034547_swint_base_AP_medsam3_crop_cv_5fold_holdout15pct
AP,vit_base_patch16_dinov3,medsam3_seg,medsam3_crop,medsam3_crop_minus_medsam3_seg,False,paired,3280,1763,0.7999535409398132,0.8090473063424063,0.009093765402593101,0.0036848440518231634,0.014388742984718563,0.0107038989328954,True,0.003,0.7900066179687654,0.794109255194171,0.004102637225405603,-0.002800748525802893,0.011154278316333472,0.013955026842136365,False,0.228,0.047916695775089356,0.06859913618885848,0.7766144188418752,0.9543016089938441,2000,20260910_133001_dinov3_base_AP_medsam3_seg_cv_5fold_holdout15pct,20260911_091737_dinov3_base_AP_medsam3_crop_cv_5fold_holdout15pct
AP,convnextv2_base,raw,chexmask_crop,chexmask_crop_minus_raw,True,paired,3280,1763,0.8029104665412867,0.8013000346953879,-0.0016104318458988187,-0.005674718180838087,0.00235348096324508,0.008028199144083167,False,0.407,0.7875501883542125,0.7873944736165381,-0.00015571473767439503,-0.005661948000044495,0.005528783170606,0.011190731170650494,False,0.894,0.05047289770528835,0.07548166593093264,0.8409403955572378,0.9746031374094197,2000,20260909_143039_convnextv2_base_AP_raw_cv_5fold_holdout15pct,20260912_075603_convnextv2_base_AP_chexmask_crop_cv_5fold_holdout15pct
AP,densenet201,raw,chexmask_crop,chexmask_crop_minus_raw,True,paired,3280,1763,0.7960168056715791,0.7953526793624983,-0.0006641263090807481,-0.006330007157798837,0.004553058575172798,0.010883065732971636,False,0.795,0.7783636509484467,0.7783400862899255,-2.356465852126899e-05,-0.006583045316411041,0.006660733031026237,0.013243778347437278,False,0.946,0.048303044041452525,0.07296945406061676,0.7746919278289781,0.9622937660323279,2000,20260917_124505_densenet_AP_raw_cv_5fold_holdout15pct,20260918_030110_densenet_AP_chexmask_crop_cv_5fold_holdout15pct
AP,eva_x_base,raw,chexmask_crop,chexmask_crop_minus_raw,True,paired,3280,1763,0.8128183823014806,0.8130949775075608,0.00027659520608014354,-0.003104176239291398,0.003677298782494911,0.006781475021786309,False,0.866,0.8018108531983887,0.8032818180460273,0.001470964847638534,-0.0031622813151977345,0.006071635209364657,0.009233916524562392,False,0.542,0.047951012912802876,0.06845242473047702,0.8585749370066871,0.9822931273316976,2000,20260909_184003_eva_x_base_AP_raw_cv_5fold_holdout15pct,20260912_120123_eva_x_base_AP_chexmask_crop_cv_5fold_holdout15pct
AP,microsoft/rad-dino,raw,chexmask_crop,chexmask_crop_minus_raw,True,paired,3280,1763,0.8131478395792477,0.8119014859453898,-0.001246353633857944,-0.004545254683734623,0.002196354347945355,0.006741609031679978,False,0.456,0.8011676548800984,0.7983234661338474,-0.0028441887462510307,-0.006938925598271542,0.0013656167351196245,0.008304542333391167,False,0.2,0.04701436339233618,0.06894743853521347,0.8566053319616165,0.9849117087050437,2000,20260915_124445_rad_dino_AP_raw_cv_5fold_holdout15pct,20260916_030439_rad_dino_AP_chexmask_crop_cv_5fold_holdout15pct
AP,resnet152,raw,chexmask_crop,chexmask_crop_minus_raw,True,paired,3280,1763,0.7859555154498711,0.7908396730592546,0.004884157609383544,-0.00015654210962381122,0.01003630338295317,0.010192845492576982,False,0.056,0.7721211356628582,0.7747639641631591,0.0026428285003008423,-0.004692012314033994,0.010140020567108764,0.014832032881142758,False,0.489,0.04981353151474881,0.07472944856712602,0.7953799864689561,0.9637115775413371,2000,20260917_104528_resnet152_AP_raw_cv_5fold_holdout15pct,20260918_010544_resnet152_AP_chexmask_crop_cv_5fold_holdout15pct
AP,swinv2_base_window16_256,raw,chexmask_crop,chexmask_crop_minus_raw,True,paired,3280,1763,0.7996077038651853,0.8025099060544196,0.0029022021892343153,-0.0032696973340927,0.009082227719396034,0.012351925053488734,False,0.355,0.7848594900947714,0.7916032443920521,0.006743754297280691,-0.0002925300957850679,0.013669216662166285,0.013961746757951353,False,0.058,0.046818565802902445,0.07089774566886901,0.7361746383798242,0.9433576221720293,2000,20260913_190041_swint_base_AP_raw_cv_5fold_holdout15pct,20260914_124109_swint_base_AP_chexmask_crop_cv_5fold_holdout15pct
AP,vit_base_patch16_dinov3,raw,chexmask_crop,chexmask_crop_minus_raw,True,paired,3280,1763,0.805431838453509,0.8071714473337414,0.0017396088802323906,-0.0022407833695819723,0.006200792493379296,0.008441575862961268,False,0.399,0.7944014420800896,0.7900409209575507,-0.0043605211225388185,-0.01051148079691091,0.0019862558778018387,0.01249773667471275,False,0.185,0.04615594181985869,0.0702373665938649,0.8171074940706927,0.9733318422827073,2000,20260909_171916_dinov3_base_AP_raw_cv_5fold_holdout15pct,20260912_104931_dinov3_base_AP_chexmask_crop_cv_5fold_holdout15pct
AP,convnextv2_base,raw,chexmask_seg,chexmask_seg_minus_raw,True,paired,3280,1763,0.8029104665412867,0.7957837658344241,-0.00712670070686261,-0.013678938836506088,-0.0008919603927425724,0.012786978443763516,True,0.027,0.7875501883542125,0.7798593390827564,-0.007690849271456135,-0.016043813512019972,-0.0004893386759550903,0.015554474836064883,True,0.038,0.049119280517751024,0.07364214899244648,0.7396749645153601,0.9458166724460317,2000,20260909_143039_convnextv2_base_AP_raw_cv_5fold_holdout15pct,20260911_192830_convnextv2_base_AP_chexmask_seg_cv_5fold_holdout15pct
AP,densenet201,raw,chexmask_seg,chexmask_seg_minus_raw,True,paired,3280,1763,0.7960168056715791,0.790153582931656,-0.005863222739923013,-0.013117930853345214,0.0012748806905320414,0.014392811543877256,False,0.112,0.7783636509484467,0.7777242181717336,-0.0006394327767130781,-0.008713707581317991,0.00703320338277941,0.015746910964097402,False,0.859,0.04978417349620341,0.07295775758806991,0.7108958423307989,0.9285555058820925,2000,20260917_124505_densenet_AP_raw_cv_5fold_holdout15pct,20260917_234135_densenet_AP_chexmask_seg_cv_5fold_holdout15pct
AP,eva_x_base,raw,chexmask_seg,chexmask_seg_minus_raw,True,paired,3280,1763,0.8128183823014806,0.8075965775158995,-0.005221804785581097,-0.010309402556661285,-3.278909970690583e-05,0.01027661345695438,True,0.048,0.8018108531983887,0.7951281203948997,-0.006682732803489078,-0.012167674556585387,-0.001041910305214445,0.011125764251370941,True,0.013,0.04826926804882907,0.06977525654872649,0.7870982123333923,0.9658523154905575,2000,20260909_184003_eva_x_base_AP_raw_cv_5fold_holdout15pct,20260911_234000_eva_x_base_AP_chexmask_seg_cv_5fold_holdout15pct
AP,microsoft/rad-dino,raw,chexmask_seg,chexmask_seg_minus_raw,True,paired,3280,1763,0.8131478395792477,0.8063807498671003,-0.006767089712147456,-0.012514735534581356,-0.0009645179620559629,0.011550217572525393,True,0.02,0.8011676548800984,0.7929068462561228,-0.008260808623975602,-0.015358235438173527,-0.0011402429629989578,0.014217992475174569,True,0.023,0.04936971058039283,0.07002093220920666,0.7660464799825552,0.9541171302963481,2000,20260915_124445_rad_dino_AP_raw_cv_5fold_holdout15pct,20260915_233922_rad_dino_AP_chexmask_seg_cv_5fold_holdout15pct
AP,resnet152,raw,chexmask_seg,chexmask_seg_minus_raw,True,paired,3280,1763,0.7859555154498711,0.7859015365738528,-5.397887601832352e-05,-0.007840173954956845,0.007910853734947274,0.01575102768990412,False,0.973,0.7721211356628582,0.7707673963603972,-0.0013537393024610767,-0.011415394491308708,0.00838245875971429,0.019797853251022998,False,0.793,0.050225325873882974,0.07671349241258288,0.6863927228773918,0.9224357878612205,2000,20260917_104528_resnet152_AP_raw_cv_5fold_holdout15pct,20260917_212010_resnet152_AP_chexmask_seg_cv_5fold_holdout15pct
AP,swinv2_base_window16_256,raw,chexmask_seg,chexmask_seg_minus_raw,True,paired,3280,1763,0.7996077038651853,0.7984968558235389,-0.0011108480416464062,-0.007451514493225367,0.005180313429226749,0.012631827922452116,False,0.751,0.7848594900947714,0.7833833995514119,-0.0014760905433595095,-0.00997429565936149,0.0068519141125108814,0.016826209771872373,False,0.721,0.04943306191997879,0.07369567633729693,0.7444660024721864,0.9361888037356018,2000,20260913_190041_swint_base_AP_raw_cv_5fold_holdout15pct,20260914_081823_swint_base_AP_chexmask_seg_cv_5fold_holdout15pct
AP,vit_base_patch16_dinov3,raw,chexmask_seg,chexmask_seg_minus_raw,True,paired,3280,1763,0.805431838453509,0.7991501863574161,-0.006281652096092882,-0.01126897171610931,-0.0013356406406218478,0.009933331075487462,True,0.01,0.7944014420800896,0.7885722362404063,-0.005829205839683271,-0.011597086541057669,6.856118537083077e-05,0.0116656477264285,False,0.054,0.046440195399485455,0.06832843800790002,0.7861048819876947,0.9599078450891859,2000,20260909_171916_dinov3_base_AP_raw_cv_5fold_holdout15pct,20260911_222254_dinov3_base_AP_chexmask_seg_cv_5fold_holdout15pct
AP,convnextv2_base,raw,medsam3_crop,medsam3_crop_minus_raw,True,paired,3280,1763,0.8029104665412867,0.8071446440297874,0.0042341774885006345,0.0005762863818385034,0.007793980195537519,0.007217693813699016,True,0.022,0.7875501883542125,0.79162207528424,0.0040718869300274685,-0.0007033887966998332,0.008980494148472159,0.009683882945171992,False,0.095,0.04702445260882926,0.07329334859907463,0.8465119015049666,0.9822427072581509,2000,20260909_143039_convnextv2_base_AP_raw_cv_5fold_holdout15pct,20260910_235159_convnextv2_base_AP_medsam3_crop_cv_5fold_holdout15pct
AP,densenet201,raw,medsam3_crop,medsam3_crop_minus_raw,True,paired,3280,1763,0.7960168056715791,0.7954628707231978,-0.0005539349483812961,-0.005526743157213726,0.004215378358564031,0.009742121515777757,False,0.836,0.7783636509484467,0.7782539899168065,-0.00010966103164022911,-0.0064178564302603295,0.006096645015424358,0.012514501445684688,False,0.995,0.04675544186369543,0.07485089894722269,0.7916366282201196,0.9648741785815845,2000,20260917_124505_densenet_AP_raw_cv_5fold_holdout15pct,20260917_195955_densenet_AP_medsam3_crop_cv_5fold_holdout15pct
AP,eva_x_base,raw,medsam3_crop,medsam3_crop_minus_raw,True,paired,3280,1763,0.8128183823014806,0.8137490525776588,0.0009306702761782137,-0.0025008499771290273,0.004424110859878096,0.006924960837007123,False,0.599,0.8018108531983887,0.8028175435917962,0.0010066903934075055,-0.0039010500753443754,0.005800677013414015,0.00970172708875839,False,0.702,0.04853548045711059,0.07104530248514676,0.8573216794850416,0.9802330210807724,2000,20260909_184003_eva_x_base_AP_raw_cv_5fold_holdout15pct,20260911_103605_eva_x_base_AP_medsam3_crop_cv_5fold_holdout15pct
AP,microsoft/rad-dino,raw,medsam3_crop,medsam3_crop_minus_raw,True,paired,3280,1763,0.8131478395792477,0.8152891257506787,0.002141286171430945,-0.0013219925450125068,0.005549027609314656,0.006871020154327162,False,0.206,0.8011676548800984,0.8034051758422475,0.00223752096214902,-0.0023716516644174263,0.006794300323319635,0.00916595198773706,False,0.332,0.04823402777411996,0.07230385563678951,0.857548281339801,0.9826565278890199,2000,20260915_124445_rad_dino_AP_raw_cv_5fold_holdout15pct,20260915_195640_rad_dino_AP_medsam3_crop_cv_5fold_holdout15pct
AP,resnet152,raw,medsam3_crop,medsam3_crop_minus_raw,True,paired,3280,1763,0.7859555154498711,0.7893130015382118,0.0033574860883407442,-0.0020604842174044126,0.008920417442697809,0.01098090166010222,False,0.245,0.7721211356628582,0.7721810779421177,5.994227925942841e-05,-0.008585993645440656,0.008017394696321747,0.016603388341762403,False,0.989,0.05165271513786008,0.07451402569504782,0.7874090136250455,0.9582834446042113,2000,20260917_104528_resnet152_AP_raw_cv_5fold_holdout15pct,20260917_175129_resnet152_AP_medsam3_crop_cv_5fold_holdout15pct
AP,swinv2_base_window16_256,raw,medsam3_crop,medsam3_crop_minus_raw,True,paired,3280,1763,0.7996077038651853,0.8009575480337543,0.001349844168568981,-0.004626369958412013,0.007230146773329078,0.01185651673174109,False,0.634,0.7848594900947714,0.7902274549654072,0.005367964870635844,-0.0029858046057363473,0.014069862879986161,0.017055667485722507,False,0.23,0.04809315748530059,0.06999872971304687,0.7534676999453619,0.9447907231902855,2000,20260913_190041_swint_base_AP_raw_cv_5fold_holdout15pct,20260914_034547_swint_base_AP_medsam3_crop_cv_5fold_holdout15pct
AP,vit_base_patch16_dinov3,raw,medsam3_crop,medsam3_crop_minus_raw,True,paired,3280,1763,0.805431838453509,0.8090473063424063,0.003615467888897328,-0.0008687823116288795,0.0078695652789743,0.00873834759060318,False,0.123,0.7944014420800896,0.794109255194171,-0.0002921868859185883,-0.005957222281037849,0.005229778372652971,0.01118700065369082,False,0.927,0.045673524700113835,0.0711432153259386,0.8086780547816709,0.9747375190450894,2000,20260909_171916_dinov3_base_AP_raw_cv_5fold_holdout15pct,20260911_091737_dinov3_base_AP_medsam3_crop_cv_5fold_holdout15pct
AP,convnextv2_base,raw,medsam3_seg,medsam3_seg_minus_raw,True,paired,3280,1763,0.8029104665412867,0.7974928487295978,-0.005417617811688924,-0.011614605411733325,0.0005155644407012749,0.0121301698524346,False,0.077,0.7875501883542125,0.7804826922084321,-0.007067496145780394,-0.013711138779559479,-0.0001418332075147143,0.013569305572044764,True,0.042,0.04727949716580006,0.07271852320921829,0.7434369953238622,0.9548612257050807,2000,20260909_143039_convnextv2_base_AP_raw_cv_5fold_holdout15pct,20260910_104021_convnextv2_base_AP_medsam3_seg_cv_5fold_holdout15pct
AP,densenet201,raw,medsam3_seg,medsam3_seg_minus_raw,True,paired,3280,1763,0.7960168056715791,0.7900247781654329,-0.005992027506146136,-0.013184068174421438,0.0009769103144433668,0.014160978488864804,False,0.091,0.7783636509484467,0.7722862799960293,-0.006077370952417449,-0.014070627228441504,0.0020775369219882215,0.016148164150429724,False,0.142,0.048684888483592086,0.072612926608214,0.7091298977990392,0.9283996835526971,2000,20260917_124505_densenet_AP_raw_cv_5fold_holdout15pct,20260917_162947_densenet_AP_medsam3_seg_cv_5fold_holdout15pct
AP,eva_x_base,raw,medsam3_seg,medsam3_seg_minus_raw,True,paired,3280,1763,0.8128183823014806,0.806377399454106,-0.006440982847374599,-0.012181578931813462,-0.0012006885585214414,0.01098089037329202,True,0.009,0.8018108531983887,0.794614597961208,-0.007196255237180704,-0.013835767119835146,-0.0005336638567959868,0.013302103263039159,True,0.033,0.05007095007125791,0.07162853716370862,0.7806933889278176,0.9560687262313327,2000,20260909_184003_eva_x_base_AP_raw_cv_5fold_holdout15pct,20260910_151857_eva_x_base_AP_medsam3_seg_cv_5fold_holdout15pct
AP,microsoft/rad-dino,raw,medsam3_seg,medsam3_seg_minus_raw,True,paired,3280,1763,0.8131478395792477,0.8044825547718071,-0.008665284807440665,-0.014908616541119805,-0.002793611619581572,0.012115004921538233,True,0.005,0.8011676548800984,0.789194994139062,-0.011972660741036423,-0.019177891137229577,-0.004471200586006537,0.01470669055122304,True,0.002,0.04986611315821565,0.07182147139124925,0.7570493436474659,0.9508750775790141,2000,20260915_124445_rad_dino_AP_raw_cv_5fold_holdout15pct,20260915_162728_rad_dino_AP_medsam3_seg_cv_5fold_holdout15pct
AP,resnet152,raw,medsam3_seg,medsam3_seg_minus_raw,True,paired,3280,1763,0.7859555154498711,0.7826010075064141,-0.0033545079434569303,-0.010828926378280538,0.004254244752872209,0.015083171131152748,False,0.377,0.7721211356628582,0.7676127239467831,-0.004508411716075078,-0.0140596109363,0.004679535514318223,0.01873914645061822,False,0.319,0.05052381147139361,0.07764488127462951,0.7014641078752979,0.9218655602089459,2000,20260917_104528_resnet152_AP_raw_cv_5fold_holdout15pct,20260917_140723_resnet152_AP_medsam3_seg_cv_5fold_holdout15pct
AP,swinv2_base_window16_256,raw,medsam3_seg,medsam3_seg_minus_raw,True,paired,3280,1763,0.7996077038651853,0.7952584955305491,-0.0043492083346362564,-0.010623029835765038,0.0015925277315424514,0.01221555756730749,False,0.15,0.7848594900947714,0.7783613890282354,-0.006498101066536033,-0.015551083918096087,0.002355560642278877,0.017906644560374965,False,0.145,0.049519982574596055,0.07299837585489903,0.7533206408361275,0.9381536556791019,2000,20260913_190041_swint_base_AP_raw_cv_5fold_holdout15pct,20260913_232648_swint_base_AP_medsam3_seg_cv_5fold_holdout15pct
AP,vit_base_patch16_dinov3,raw,medsam3_seg,medsam3_seg_minus_raw,True,paired,3280,1763,0.805431838453509,0.7999535409398132,-0.0054782975136957734,-0.010519202242018164,-0.00046473387323107404,0.01005446836878709,True,0.034,0.7944014420800896,0.7900066179687654,-0.0043948241113241915,-0.010883475591979247,0.0017124451448229147,0.012595920736802161,False,0.183,0.04664473038749768,0.07191685642620313,0.7844457822939412,0.9619708842865085,2000,20260909_171916_dinov3_base_AP_raw_cv_5fold_holdout15pct,20260910_133001_dinov3_base_AP_medsam3_seg_cv_5fold_holdout15pct
PA,convnextv2_base,chexmask_seg,chexmask_crop,chexmask_crop_minus_chexmask_seg,False,paired,2521,1743,0.7995994729907774,0.8053717297195558,0.005772256728778458,-0.0057757773759262495,0.017203259983901938,0.02297903735982819,False,0.306,0.6726616983918436,0.6851939870486371,0.012532288656793455,-0.0030612392727927457,0.02828839096215875,0.03134963023495149,False,0.127,0.05866967741288197,0.10532863717742044,0.6083319634073404,0.8999689504930506,2000,20260909_011100_convnextv2_base_PA_chexmask_seg_cv_5fold_holdout15pct,20260913_080912_convnextv2_base_PA_chexmask_crop_cv_5fold_holdout15pct
PA,densenet201,chexmask_seg,chexmask_crop,chexmask_crop_minus_chexmask_seg,False,paired,2521,1743,0.7901517033690947,0.7873525315264446,-0.0027991718426501055,-0.01553590020531082,0.010117978724688123,0.025653878929998944,False,0.664,0.6608473931768932,0.6567350701970502,-0.004112322979842986,-0.02216812911586747,0.014482537205859,0.03665066632172647,False,0.662,0.06347989553928525,0.10656872155935904,0.5958739580136398,0.8638802844961335,2000,20260918_164912_densenet_PA_chexmask_seg_cv_5fold_holdout15pct,20260918_200652_densenet_PA_chexmask_crop_cv_5fold_holdout15pct
PA,eva_x_base,chexmask_seg,chexmask_crop,chexmask_crop_minus_chexmask_seg,False,paired,2521,1743,0.8006421983813288,0.8238042537172972,0.02316205533596838,0.012597652551726046,0.03447888678647231,0.021881234234746264,True,0.0,0.6891747646910105,0.722803010861197,0.03362824617018656,0.019698641594458905,0.048268393174585096,0.02856975158012619,True,0.0,0.06273865222939684,0.10257125565298608,0.651232000414354,0.9034338788308741,2000,20260909_084516_eva_x_base_PA_chexmask_seg_cv_5fold_holdout15pct,20260913_113626_eva_x_base_PA_chexmask_crop_cv_5fold_holdout15pct
PA,microsoft/rad-dino,chexmask_seg,chexmask_crop,chexmask_crop_minus_chexmask_seg,False,paired,2521,1743,0.8015140222096744,0.8169433465085639,0.015429324298889546,0.005577519649593,0.025695710455370595,0.020118190805777595,True,0.002,0.6898532152291402,0.7130821247356445,0.023228909506504247,0.009840106122317583,0.037346264833703076,0.027506158711385495,True,0.0,0.06231716485681618,0.10178822125283539,0.677164536416212,0.9233565811854113,2000,20260916_180556_rad_dino_PA_chexmask_seg_cv_5fold_holdout15pct,20260916_211411_rad_dino_PA_chexmask_crop_cv_5fold_holdout15pct
PA,resnet152,chexmask_seg,chexmask_crop,chexmask_crop_minus_chexmask_seg,False,paired,2521,1743,0.7606941464332768,0.7826967814793901,0.022002635046113328,0.008048504405223983,0.03620083064723781,0.028152326242013824,True,0.002,0.6237884906637559,0.6468231246865545,0.023034634022798595,0.0036557547171401556,0.04075940946260975,0.037103654745469596,True,0.02,0.06349054376765483,0.10923509561003773,0.5565902483834768,0.8587276368483832,2000,20260918_144611_resnet152_PA_chexmask_seg_cv_5fold_holdout15pct,20260918_180651_resnet152_PA_chexmask_crop_cv_5fold_holdout15pct
PA,swinv2_base_window16_256,chexmask_seg,chexmask_crop,chexmask_crop_minus_chexmask_seg,False,paired,2521,1743,0.7880624882364012,0.7942706568793525,0.006208168642951262,-0.00622923621073565,0.019151644550007577,0.025380880760743227,False,0.318,0.6587226331961384,0.6648181989476751,0.006095565751536691,-0.012197530360242128,0.025579571637991582,0.03777710199823371,False,0.555,0.0629480005425794,0.1107724910865112,0.5967960770481495,0.8531524395675548,2000,20260909_033321_swint_base_PA_chexmask_seg_cv_5fold_holdout15pct,20260914_212018_swint_base_PA_chexmask_crop_cv_5fold_holdout15pct
PA,vit_base_patch16_dinov3,chexmask_seg,chexmask_crop,chexmask_crop_minus_chexmask_seg,False,paired,2521,1743,0.7910483719179371,0.8081949934123848,0.017146621494447678,0.006869168356509386,0.027575120626531915,0.02070595227002253,True,0.001,0.6781106156888753,0.6900241400819132,0.011913524393037833,-0.0018748962207781965,0.02632313757977941,0.028198033800557604,False,0.089,0.05916259733535856,0.10164638940832434,0.6500161723351587,0.9066277541773398,2000,20260909_072955_dinov3_base_PA_chexmask_seg_cv_5fold_holdout15pct,20260913_103307_dinov3_base_PA_chexmask_crop_cv_5fold_holdout15pct
PA,convnextv2_base,medsam3_crop,chexmask_crop,chexmask_crop_minus_medsam3_crop,False,paired,2521,1743,0.8092467532467532,0.8053717297195558,-0.0038750235271973743,-0.010242618155395736,0.0022238323766788533,0.01246645053207459,False,0.227,0.6956950395567802,0.6851939870486371,-0.01050105250814315,-0.019315168797900635,-0.0008131007967984,0.018502068001102236,True,0.035,0.06078661685268735,0.10626249871408888,0.7949145522889312,0.9691226417346354,2000,20260908_093546_convnextv2_base_PA_medsam3_crop_cv_5fold_holdout15pct,20260913_080912_convnextv2_base_PA_chexmask_crop_cv_5fold_holdout15pct
PA,densenet201,medsam3_crop,chexmask_crop,chexmask_crop_minus_medsam3_crop,False,paired,2521,1743,0.7889840015057407,0.7873525315264446,-0.0016314699792960852,-0.007664606554936851,0.004738056740072352,0.012402663295009202,False,0.605,0.6594534613879597,0.6567350701970502,-0.0027183911909094416,-0.013272193818712818,0.006783799691279586,0.020055993509992404,False,0.6,0.06254409769735042,0.10475847272647246,0.8016973023573635,0.9651082488849099,2000,20260918_133311_densenet_PA_medsam3_crop_cv_5fold_holdout15pct,20260918_200652_densenet_PA_chexmask_crop_cv_5fold_holdout15pct
PA,eva_x_base,medsam3_crop,chexmask_crop,chexmask_crop_minus_medsam3_crop,False,paired,2521,1743,0.8233427442123095,0.8238042537172972,0.0004615095049876894,-0.004133696677355006,0.004704791268910619,0.008838487946265626,False,0.9,0.722636420700927,0.722803010861197,0.00016659016026998597,-0.006314156502986348,0.006069190523010245,0.012383347025996593,False,0.972,0.05857812875148037,0.09527000021369322,0.8491162463764728,0.9787292327592789,2000,20260908_172509_eva_x_base_PA_medsam3_crop_cv_5fold_holdout15pct,20260913_113626_eva_x_base_PA_chexmask_crop_cv_5fold_holdout15pct
PA,microsoft/rad-dino,medsam3_crop,chexmask_crop,chexmask_crop_minus_medsam3_crop,False,paired,2521,1743,0.8158434029738377,0.8169433465085639,0.0010999435347261999,-0.0023330031692873924,0.004635771570055713,0.0069687747393431055,False,0.579,0.7114933235387828,0.7130821247356445,0.0015888011968616667,-0.0037508830112847474,0.006792280019703552,0.0105431630309883,False,0.596,0.057097533198284194,0.09689503442271749,0.8779496354922647,0.9883035722908666,2000,20260916_151509_rad_dino_PA_medsam3_crop_cv_5fold_holdout15pct,20260916_211411_rad_dino_PA_chexmask_crop_cv_5fold_holdout15pct
PA,resnet152,medsam3_crop,chexmask_crop,chexmask_crop_minus_medsam3_crop,False,paired,2521,1743,0.7790950498776585,0.7826967814793901,0.003601731601731606,-0.0034746357757957035,0.010797082273216258,0.014271718049011962,False,0.328,0.6488366166928244,0.6468231246865545,-0.00201349200626999,-0.012645175581222213,0.010108860874177355,0.022754036455399567,False,0.738,0.06303707534878958,0.10921869075246374,0.7735980298888343,0.9452196686233284,2000,20260918_112744_resnet152_PA_medsam3_crop_cv_5fold_holdout15pct,20260918_180651_resnet152_PA_chexmask_crop_cv_5fold_holdout15pct
PA,swinv2_base_window16_256,medsam3_crop,chexmask_crop,chexmask_crop_minus_medsam3_crop,False,paired,2521,1743,0.8024573687182383,0.7942706568793525,-0.008186711838885752,-0.01584103133263972,-0.000502740922288827,0.015338290410350893,True,0.033,0.6793439249225895,0.6648181989476751,-0.014525725974914416,-0.027951950722446127,-0.0006877131588232429,0.027264237563622885,True,0.041,0.060963297559012204,0.10874864197905149,0.748401234439402,0.9434994232228016,2000,20260908_120636_swint_base_PA_medsam3_crop_cv_5fold_holdout15pct,20260914_212018_swint_base_PA_chexmask_crop_cv_5fold_holdout15pct
PA,vit_base_patch16_dinov3,medsam3_crop,chexmask_crop,chexmask_crop_minus_medsam3_crop,False,paired,2521,1743,0.811930735930736,0.8081949934123848,-0.0037357425183511817,-0.010536678819363671,0.0033597687969720695,0.01389644761633574,False,0.333,0.698501622836621,0.6900241400819132,-0.008477482754707832,-0.01882006820380728,0.0022538991615367464,0.021073967365344025,False,0.13,0.05743742096060532,0.09919212934807341,0.7580593385997099,0.9528276089091221,2000,20260908_155706_dinov3_base_PA_medsam3_crop_cv_5fold_holdout15pct,20260913_103307_dinov3_base_PA_chexmask_crop_cv_5fold_holdout15pct
PA,convnextv2_base,medsam3_crop,chexmask_seg,chexmask_seg_minus_medsam3_crop,False,paired,2521,1743,0.8092467532467532,0.7995994729907774,-0.009647280255975832,-0.020520300501466242,0.0011437006799985923,0.021664001181464835,False,0.083,0.6956950395567802,0.6726616983918436,-0.023033341164936605,-0.039318146219392475,-0.005410992491039379,0.033907153728353095,True,0.01,0.06005232036564217,0.102109655037954,0.6392478916791449,0.8979419096441643,2000,20260908_093546_convnextv2_base_PA_medsam3_crop_cv_5fold_holdout15pct,20260909_011100_convnextv2_base_PA_chexmask_seg_cv_5fold_holdout15pct
PA,densenet201,medsam3_crop,chexmask_seg,chexmask_seg_minus_medsam3_crop,False,paired,2521,1743,0.7889840015057407,0.7901517033690947,0.0011677018633540204,-0.011200158548152261,0.012882634947803865,0.02408279349595613,False,0.816,0.6594534613879597,0.6608473931768932,0.0013939317889335445,-0.017795181598320886,0.019854759032607583,0.03764994063092847,False,0.885,0.06537800683102493,0.10559287647189317,0.6316376918892591,0.8633744478603632,2000,20260918_133311_densenet_PA_medsam3_crop_cv_5fold_holdout15pct,20260918_164912_densenet_PA_chexmask_seg_cv_5fold_holdout15pct
PA,eva_x_base,medsam3_crop,chexmask_seg,chexmask_seg_minus_medsam3_crop,False,paired,2521,1743,0.8233427442123095,0.8006421983813288,-0.02270054583098069,-0.032353734333215034,-0.01277120713195318,0.019582527201261853,True,0.0,0.722636420700927,0.6891747646910105,-0.033461656009916574,-0.04805868732185706,-0.019206151796216934,0.028852535525640124,True,0.0,0.05946427220304979,0.09864923858704844,0.6706841524202241,0.9089756216379457,2000,20260908_172509_eva_x_base_PA_medsam3_crop_cv_5fold_holdout15pct,20260909_084516_eva_x_base_PA_chexmask_seg_cv_5fold_holdout15pct
PA,microsoft/rad-dino,medsam3_crop,chexmask_seg,chexmask_seg_minus_medsam3_crop,False,paired,2521,1743,0.8158434029738377,0.8015140222096744,-0.014329380764163346,-0.024820686463127694,-0.004563349669996955,0.02025733679313074,True,0.003,0.7114933235387828,0.6898532152291402,-0.02164010830964258,-0.03665199187143339,-0.00772366231245236,0.02892832955898103,True,0.0,0.06203696221974171,0.09985847193629599,0.6734634310207351,0.9229162432214788,2000,20260916_151509_rad_dino_PA_medsam3_crop_cv_5fold_holdout15pct,20260916_180556_rad_dino_PA_chexmask_seg_cv_5fold_holdout15pct
PA,resnet152,medsam3_crop,chexmask_seg,chexmask_seg_minus_medsam3_crop,False,paired,2521,1743,0.7790950498776585,0.7606941464332768,-0.018400903444381722,-0.033796579083969526,-0.003970192411073831,0.029826386672895694,True,0.018,0.6488366166928244,0.6237884906637559,-0.025048126029068585,-0.044458763779608015,-0.005699801032317627,0.03875896274729039,True,0.011,0.06568245445656032,0.11366585844540135,0.5459002420102671,0.8465055788358385,2000,20260918_112744_resnet152_PA_medsam3_crop_cv_5fold_holdout15pct,20260918_144611_resnet152_PA_chexmask_seg_cv_5fold_holdout15pct
PA,swinv2_base_window16_256,medsam3_crop,chexmask_seg,chexmask_seg_minus_medsam3_crop,False,paired,2521,1743,0.8024573687182383,0.7880624882364012,-0.014394880481837014,-0.026769585002472458,-0.0017811900703591198,0.02498839493211334,True,0.027,0.6793439249225895,0.6587226331961384,-0.020621291726451108,-0.03957281461198972,-0.0017492079680492786,0.037823606643940445,True,0.04,0.061737853021552234,0.10771992416183904,0.5952500174667545,0.8573070028200144,2000,20260908_120636_swint_base_PA_medsam3_crop_cv_5fold_holdout15pct,20260909_033321_swint_base_PA_chexmask_seg_cv_5fold_holdout15pct
PA,vit_base_patch16_dinov3,medsam3_crop,chexmask_seg,chexmask_seg_minus_medsam3_crop,False,paired,2521,1743,0.811930735930736,0.7910483719179371,-0.02088236401279886,-0.031019993531148767,-0.011315874614538774,0.019704118916609992,True,0.0,0.698501622836621,0.6781106156888753,-0.020391007147745666,-0.03362524070097169,-0.007973238916498936,0.025652001784472755,True,0.001,0.059055395616688766,0.10102318863538992,0.6663451542259806,0.9115037923805431,2000,20260908_155706_dinov3_base_PA_medsam3_crop_cv_5fold_holdout15pct,20260909_072955_dinov3_base_PA_chexmask_seg_cv_5fold_holdout15pct
PA,convnextv2_base,medsam3_seg,chexmask_crop,chexmask_crop_minus_medsam3_seg,False,paired,2521,1743,0.8003402973837757,0.8053717297195558,0.005031432335780184,-0.0068571654925275475,0.016784449652145785,0.023641615144673334,False,0.385,0.6808722128052931,0.6851939870486371,0.004321774243344012,-0.012317423679844244,0.02150130329015603,0.033818726970000275,False,0.602,0.06134128216564551,0.10548529702795822,0.6145888330010496,0.8797323330989262,2000,20260907_180114_convnextv2_base_PA_medsam3_seg_cv_5fold_holdout15pct,20260913_080912_convnextv2_base_PA_chexmask_crop_cv_5fold_holdout15pct
PA,densenet201,medsam3_seg,chexmask_crop,chexmask_crop_minus_medsam3_seg,False,paired,2521,1743,0.7879427818558253,0.7873525315264446,-0.0005902503293807593,-0.01323257217227596,0.012728669518965412,0.025961241691241373,False,0.95,0.6586459083042477,0.6567350701970502,-0.001910838107197499,-0.021000918186506397,0.016577101148225807,0.037578019334732204,False,0.846,0.061539586789594175,0.10355604584112146,0.5781375364120709,0.8621309922775426,2000,20260918_101249_densenet_PA_medsam3_seg_cv_5fold_holdout15pct,20260918_200652_densenet_PA_chexmask_crop_cv_5fold_holdout15pct
PA,eva_x_base,medsam3_seg,chexmask_crop,chexmask_crop_minus_medsam3_seg,False,paired,2521,1743,0.7974839073969509,0.8238042537172972,0.0263203463203463,0.015988753811156897,0.03660292775104351,0.020614173939886616,True,0.0,0.6850926821336447,0.722803010861197,0.03771032872755231,0.021953481407390764,0.05372938016804386,0.03177589876065309,True,0.0,0.0610676924963271,0.100402600179655,0.6624373200096524,0.8974229895123932,2000,20260908_015426_eva_x_base_PA_medsam3_seg_cv_5fold_holdout15pct,20260913_113626_eva_x_base_PA_chexmask_crop_cv_5fold_holdout15pct
PA,microsoft/rad-dino,medsam3_seg,chexmask_crop,chexmask_crop_minus_medsam3_seg,False,paired,2521,1743,0.7997395068699417,0.8169433465085639,0.017203839638622265,0.007226503500311163,0.02675214661383276,0.019525643113521597,True,0.0,0.6861283192652428,0.7130821247356445,0.026953805470401715,0.014105596356411473,0.039800179283718165,0.02569458292730669,True,0.0,0.06005917625260142,0.10427560152787305,0.6748932580860054,0.9152990628736212,2000,20260916_120955_rad_dino_PA_medsam3_seg_cv_5fold_holdout15pct,20260916_211411_rad_dino_PA_chexmask_crop_cv_5fold_holdout15pct
PA,resnet152,medsam3_seg,chexmask_crop,chexmask_crop_minus_medsam3_seg,False,paired,2521,1743,0.7711545266327875,0.7826967814793901,0.011542254846602651,-0.001857609302286109,0.025123486785241494,0.026981096087527603,False,0.104,0.6339823653151612,0.6468231246865545,0.012840759371393284,-0.008893751317503026,0.03226073447076076,0.04115448578826379,False,0.282,0.06513553026470395,0.11281105009670747,0.5857699173111931,0.8626741400429953,2000,20260918_073821_resnet152_PA_medsam3_seg_cv_5fold_holdout15pct,20260918_180651_resnet152_PA_chexmask_crop_cv_5fold_holdout15pct
PA,swinv2_base_window16_256,medsam3_seg,chexmask_crop,chexmask_crop_minus_medsam3_seg,False,paired,2521,1743,0.7896006022962545,0.7942706568793525,0.004670054583097993,-0.007282627698118385,0.017696547783085725,0.02497917548120411,False,0.471,0.6653528237640765,0.6648181989476751,-0.000534624816401319,-0.02005491287537304,0.01841764975317286,0.0384725626285459,False,0.992,0.0639459716859551,0.10648700006789583,0.6093706167469113,0.8477992301780015,2000,20260907_203123_swint_base_PA_medsam3_seg_cv_5fold_holdout15pct,20260914_212018_swint_base_PA_chexmask_crop_cv_5fold_holdout15pct
PA,vit_base_patch16_dinov3,medsam3_seg,chexmask_crop,chexmask_crop_minus_medsam3_seg,False,paired,2521,1743,0.7867946546207416,0.8081949934123848,0.02140033879164316,0.010797436833786395,0.03166497697792094,0.02086754014413455,True,0.0,0.6682123693539368,0.6900241400819132,0.021811770727976354,0.006034049125363222,0.038192079855767024,0.032158030730403804,True,0.004,0.059826817128499826,0.10492861843847487,0.6512008970941254,0.9009695476332151,2000,20260908_002127_dinov3_base_PA_medsam3_seg_cv_5fold_holdout15pct,20260913_103307_dinov3_base_PA_chexmask_crop_cv_5fold_holdout15pct
PA,convnextv2_base,medsam3_seg,chexmask_seg,chexmask_seg_minus_medsam3_seg,False,paired,2521,1743,0.8003402973837757,0.7995994729907774,-0.0007408243929982739,-0.008173911622107174,0.00676085828614648,0.014934769908253653,False,0.848,0.6808722128052931,0.6726616983918436,-0.008210514413449443,-0.01965642459381554,0.004839169400435401,0.02449559399425094,False,0.226,0.061485733996096734,0.10877016229515257,0.757101868391101,0.9377733250808169,2000,20260907_180114_convnextv2_base_PA_medsam3_seg_cv_5fold_holdout15pct,20260909_011100_convnextv2_base_PA_chexmask_seg_cv_5fold_holdout15pct
PA,densenet201,medsam3_seg,chexmask_seg,chexmask_seg_minus_medsam3_seg,False,paired,2521,1743,0.7879427818558253,0.7901517033690947,0.0022089215132693463,-0.007573728229488752,0.011750216555372424,0.019323944784861175,False,0.662,0.6586459083042477,0.6608473931768932,0.002201484872645487,-0.010730362831872998,0.015646568283566132,0.02637693111543913,False,0.745,0.062337657059565996,0.10341537555153466,0.690011692829642,0.9343272242920637,2000,20260918_101249_densenet_PA_medsam3_seg_cv_5fold_holdout15pct,20260918_164912_densenet_PA_chexmask_seg_cv_5fold_holdout15pct
PA,eva_x_base,medsam3_seg,chexmask_seg,chexmask_seg_minus_medsam3_seg,False,paired,2521,1743,0.7974839073969509,0.8006421983813288,0.0031582909843779206,-0.003212218809595205,0.00986200352431547,0.013074222333910675,False,0.356,0.6850926821336447,0.6891747646910105,0.0040820825573657515,-0.005550342365316968,0.013681790870234804,0.01923213323555177,False,0.429,0.06078733136920873,0.10319995859222447,0.7849186328891335,0.957056496500971,2000,20260908_015426_eva_x_base_PA_medsam3_seg_cv_5fold_holdout15pct,20260909_084516_eva_x_base_PA_chexmask_seg_cv_5fold_holdout15pct
PA,microsoft/rad-dino,medsam3_seg,chexmask_seg,chexmask_seg_minus_medsam3_seg,False,paired,2521,1743,0.7997395068699417,0.8015140222096744,0.0017745153397327185,-0.004709079947493544,0.009160003872141605,0.013869083819635149,False,0.603,0.6861283192652428,0.6898532152291402,0.0037248959638974677,-0.0051483335597203835,0.013262435500836474,0.01841076906055686,False,0.407,0.06196433844047641,0.10492422508121194,0.7761763593593768,0.9590593039051033,2000,20260916_120955_rad_dino_PA_medsam3_seg_cv_5fold_holdout15pct,20260916_180556_rad_dino_PA_chexmask_seg_cv_5fold_holdout15pct
PA,resnet152,medsam3_seg,chexmask_seg,chexmask_seg_minus_medsam3_seg,False,paired,2521,1743,0.7711545266327875,0.7606941464332768,-0.010460380199510677,-0.020687251058834975,0.00016547830306959307,0.02085272936190457,False,0.053,0.6339823653151612,0.6237884906637559,-0.01019387465140531,-0.02510714173463987,0.003991150005986419,0.029098291740626288,False,0.154,0.06599662765273986,0.11513184408652023,0.6840334104398914,0.9160026832452323,2000,20260918_073821_resnet152_PA_medsam3_seg_cv_5fold_holdout15pct,20260918_144611_resnet152_PA_chexmask_seg_cv_5fold_holdout15pct
PA,swinv2_base_window16_256,medsam3_seg,chexmask_seg,chexmask_seg_minus_medsam3_seg,False,paired,2521,1743,0.7896006022962545,0.7880624882364012,-0.0015381140598532683,-0.008934529250320239,0.00572448400253789,0.014659013252858129,False,0.706,0.6653528237640765,0.6587226331961384,-0.00663019056793801,-0.019264784739191722,0.00565681875890466,0.02492160349809638,False,0.323,0.06249255793421604,0.10769820223576898,0.7654278567331295,0.937604663746009,2000,20260907_203123_swint_base_PA_medsam3_seg_cv_5fold_holdout15pct,20260909_033321_swint_base_PA_chexmask_seg_cv_5fold_holdout15pct
PA,vit_base_patch16_dinov3,medsam3_seg,chexmask_seg,chexmask_seg_minus_medsam3_seg,False,paired,2521,1743,0.7867946546207416,0.7910483719179371,0.004253717297195481,-0.003913628676125566,0.012876295504180907,0.016789924180306472,False,0.3,0.6682123693539368,0.6781106156888753,0.00989824633493852,-0.0020662498658712723,0.022575176845444946,0.02464142671131622,False,0.1,0.06216422231348135,0.10121341012524358,0.729910170907659,0.9376097009763509,2000,20260908_002127_dinov3_base_PA_medsam3_seg_cv_5fold_holdout15pct,20260909_072955_dinov3_base_PA_chexmask_seg_cv_5fold_holdout15pct
PA,convnextv2_base,medsam3_seg,medsam3_crop,medsam3_crop_minus_medsam3_seg,False,paired,2521,1743,0.8003402973837757,0.8092467532467532,0.008906455862977558,-0.002112275503322033,0.020298389851477756,0.02241066535479979,False,0.126,0.6808722128052931,0.6956950395567802,0.014822826751487161,-0.000880300268542447,0.030652385155962136,0.03153268542450458,False,0.072,0.059025253536808056,0.10507328544456235,0.6203207269440268,0.8802428553177074,2000,20260907_180114_convnextv2_base_PA_medsam3_seg_cv_5fold_holdout15pct,20260908_093546_convnextv2_base_PA_medsam3_crop_cv_5fold_holdout15pct
PA,densenet201,medsam3_seg,medsam3_crop,medsam3_crop_minus_medsam3_seg,False,paired,2521,1743,0.7879427818558253,0.7889840015057407,0.001041219649915326,-0.011063027599904332,0.013001035361208972,0.024064062961113304,False,0.878,0.6586459083042477,0.6594534613879597,0.0008075530837119427,-0.016296006008774854,0.019249945594791856,0.03554595160356671,False,0.947,0.062428226719400876,0.11156284792671803,0.6145323321568111,0.862778976836904,2000,20260918_101249_densenet_PA_medsam3_seg_cv_5fold_holdout15pct,20260918_133311_densenet_PA_medsam3_crop_cv_5fold_holdout15pct
PA,eva_x_base,medsam3_seg,medsam3_crop,medsam3_crop_minus_medsam3_seg,False,paired,2521,1743,0.7974839073969509,0.8233427442123095,0.02585883681535861,0.015861962600766208,0.03629885014530216,0.020436887544535952,True,0.0,0.6850926821336447,0.722636420700927,0.037543738567282325,0.020244264263979964,0.054208325814672664,0.033964061550692703,True,0.0,0.060743737669499726,0.10169535784385848,0.6635556465798844,0.9000251282512528,2000,20260908_015426_eva_x_base_PA_medsam3_seg_cv_5fold_holdout15pct,20260908_172509_eva_x_base_PA_medsam3_crop_cv_5fold_holdout15pct
PA,microsoft/rad-dino,medsam3_seg,medsam3_crop,medsam3_crop_minus_medsam3_seg,False,paired,2521,1743,0.7997395068699417,0.8158434029738377,0.016103896103896065,0.006187895038366614,0.02631191436812974,0.020124019329763126,True,0.001,0.6861283192652428,0.7114933235387828,0.02536500427354005,0.012027634800931853,0.03938513607223932,0.02735750127130747,True,0.0,0.05904939275701751,0.10194654286587282,0.659200232378824,0.914508317713657,2000,20260916_120955_rad_dino_PA_medsam3_seg_cv_5fold_holdout15pct,20260916_151509_rad_dino_PA_medsam3_crop_cv_5fold_holdout15pct
PA,resnet152,medsam3_seg,medsam3_crop,medsam3_crop_minus_medsam3_seg,False,paired,2521,1743,0.7711545266327875,0.7790950498776585,0.007940523244871045,-0.005618609984116524,0.021742891770350974,0.0273615017544675,False,0.263,0.6339823653151612,0.6488366166928244,0.014854251377663275,-0.006665894781675846,0.03415916665529101,0.040825061436966854,False,0.176,0.06251505248342633,0.11287422962351551,0.5623213823307365,0.8545956379765632,2000,20260918_073821_resnet152_PA_medsam3_seg_cv_5fold_holdout15pct,20260918_112744_resnet152_PA_medsam3_crop_cv_5fold_holdout15pct
PA,swinv2_base_window16_256,medsam3_seg,medsam3_crop,medsam3_crop_minus_medsam3_seg,False,paired,2521,1743,0.7896006022962545,0.8024573687182383,0.012856766421983745,0.0003044287999512813,0.02557522947938416,0.025270800679432878,True,0.045,0.6653528237640765,0.6793439249225895,0.013991101158513097,-0.005996675537371865,0.03328726341721261,0.03928393895458447,False,0.185,0.05907991370620391,0.1050489219752671,0.5722607042877379,0.8505181807589807,2000,20260907_203123_swint_base_PA_medsam3_seg_cv_5fold_holdout15pct,20260908_120636_swint_base_PA_medsam3_crop_cv_5fold_holdout15pct
PA,vit_base_patch16_dinov3,medsam3_seg,medsam3_crop,medsam3_crop_minus_medsam3_seg,False,paired,2521,1743,0.7867946546207416,0.811930735930736,0.02513608130999434,0.015304920778002948,0.03502658090388939,0.019721660125886442,True,0.0,0.6682123693539368,0.698501622836621,0.030289253482684186,0.015824629591755755,0.04467364583875597,0.028849016247000217,True,0.0,0.06283406471137205,0.09964440630026927,0.6861310784766546,0.9078550433156451,2000,20260908_002127_dinov3_base_PA_medsam3_seg_cv_5fold_holdout15pct,20260908_155706_dinov3_base_PA_medsam3_crop_cv_5fold_holdout15pct
PA,convnextv2_base,raw,chexmask_crop,chexmask_crop_minus_raw,True,paired,2521,1743,0.8109113495200452,0.8053717297195558,-0.005539619800489337,-0.011478402670791765,-0.00020608976735106576,0.011272312903440699,True,0.046,0.6948410650426781,0.6851939870486371,-0.009647077994040965,-0.019847611795474514,0.0012028914671507358,0.02105050326262525,False,0.08,0.05905093920465833,0.10428190538837474,0.809108660162488,0.9581135267624841,2000,20260912_204440_convnextv2_base_PA_raw_cv_5fold_holdout15pct,20260913_080912_convnextv2_base_PA_chexmask_crop_cv_5fold_holdout15pct
PA,densenet201,raw,chexmask_crop,chexmask_crop_minus_raw,True,paired,2521,1743,0.7940101637492942,0.7873525315264446,-0.006657632222849652,-0.014805603269957914,0.001529308293569522,0.016334911563527437,False,0.118,0.6630957294102369,0.6567350701970502,-0.006360659213186626,-0.019406133329170072,0.006761187916856627,0.0261673212460267,False,0.33,0.06535882899392831,0.11017407724596995,0.7500733747074184,0.9402485839167557,2000,20260918_062633_densenet_PA_raw_cv_5fold_holdout15pct,20260918_200652_densenet_PA_chexmask_crop_cv_5fold_holdout15pct
PA,eva_x_base,raw,chexmask_crop,chexmask_crop_minus_raw,True,paired,2521,1743,0.8261313758705063,0.8238042537172972,-0.0023271221532091824,-0.008009320150958394,0.003713886105199505,0.011723206256157899,False,0.414,0.7279927234686776,0.722803010861197,-0.005189712607480579,-0.012870207721556101,0.0023909215919272904,0.015261129313483392,False,0.184,0.05888976861282923,0.09542072721263102,0.80092966006995,0.9604174845635204,2000,20260913_004127_eva_x_base_PA_raw_cv_5fold_holdout15pct,20260913_113626_eva_x_base_PA_chexmask_crop_cv_5fold_holdout15pct
PA,microsoft/rad-dino,raw,chexmask_crop,chexmask_crop_minus_raw,True,paired,2521,1743,0.8140907208733296,0.8169433465085639,0.0028526256352343626,-0.0014519299846048577,0.007284375152523881,0.008736305137128739,False,0.215,0.7073000764218162,0.7130821247356445,0.005782048313828225,-0.0006555708467362253,0.012668536539333808,0.013324107386070034,False,0.078,0.06072111775602625,0.10304062129419284,0.856124105418634,0.984387387988385,2000,20260916_064318_rad_dino_PA_raw_cv_5fold_holdout15pct,20260916_211411_rad_dino_PA_chexmask_crop_cv_5fold_holdout15pct
PA,resnet152,raw,chexmask_crop,chexmask_crop_minus_raw,True,paired,2521,1743,0.7796984754376058,0.7826967814793901,0.0029983060417843044,-0.005623610730052009,0.011557077724859284,0.017180688454911292,False,0.538,0.6397840073920573,0.6468231246865545,0.0070391172944971325,-0.005159291162645291,0.019673851317126772,0.024833142479772065,False,0.289,0.06220927343287816,0.10753838426772974,0.7238243189988594,0.9314849196389425,2000,20260918_042254_resnet152_PA_raw_cv_5fold_holdout15pct,20260918_180651_resnet152_PA_chexmask_crop_cv_5fold_holdout15pct
PA,swinv2_base_window16_256,raw,chexmask_crop,chexmask_crop_minus_raw,True,paired,2521,1743,0.7966068134763787,0.7942706568793525,-0.00233615659702624,-0.011461437153447584,0.007112761803557328,0.018574198957004913,False,0.63,0.6785754749850883,0.6648181989476751,-0.013757276037413169,-0.028919570605109517,0.0021288742129923427,0.03104844481810186,False,0.096,0.06335436907723847,0.10700085536618746,0.7068205519597207,0.9175079559175429,2000,20260914_172603_swint_base_PA_raw_cv_5fold_holdout15pct,20260914_212018_swint_base_PA_chexmask_crop_cv_5fold_holdout15pct
PA,vit_base_patch16_dinov3,raw,chexmask_crop,chexmask_crop_minus_raw,True,paired,2521,1743,0.8099582156973462,0.8081949934123848,-0.0017632222849613965,-0.009173293655038597,0.005917789883633245,0.015091083538671841,False,0.668,0.6963091449536446,0.6900241400819132,-0.006285004871731448,-0.01793609187739681,0.006646880992054099,0.02458297286945091,False,0.331,0.05996536391482723,0.10342595606678504,0.7483366638096834,0.9508735984833727,2000,20260912_231315_dinov3_base_PA_raw_cv_5fold_holdout15pct,20260913_103307_dinov3_base_PA_chexmask_crop_cv_5fold_holdout15pct
PA,convnextv2_base,raw,chexmask_seg,chexmask_seg_minus_raw,True,paired,2521,1743,0.8109113495200452,0.7995994729907774,-0.011311876529267795,-0.022169245510208397,-0.0002545075816178786,0.021914737928590517,True,0.046,0.6948410650426781,0.6726616983918436,-0.02217936665083442,-0.0390424067810099,-0.0038651762293133557,0.03517723055169654,True,0.013,0.060542105400181415,0.10699329737520881,0.6380248459525022,0.896883090764789,2000,20260912_204440_convnextv2_base_PA_raw_cv_5fold_holdout15pct,20260909_011100_convnextv2_base_PA_chexmask_seg_cv_5fold_holdout15pct
PA,densenet201,raw,chexmask_seg,chexmask_seg_minus_raw,True,paired,2521,1743,0.7940101637492942,0.7901517033690947,-0.0038584603801995465,-0.01665315302385595,0.008106420438985127,0.024759573462841078,False,0.547,0.6630957294102369,0.6608473931768932,-0.0022483362333436396,-0.019448686280429624,0.01460441922439218,0.0340531055048218,False,0.748,0.06247231599814798,0.1094113026909104,0.6036712731512133,0.8700353938335027,2000,20260918_062633_densenet_PA_raw_cv_5fold_holdout15pct,20260918_164912_densenet_PA_chexmask_seg_cv_5fold_holdout15pct
PA,eva_x_base,raw,chexmask_seg,chexmask_seg_minus_raw,True,paired,2521,1743,0.8261313758705063,0.8006421983813288,-0.02548917748917756,-0.03533225893104851,-0.01601472938815505,0.019317529542893456,True,0.0,0.7279927234686776,0.6891747646910105,-0.03881795877766714,-0.052148008845563906,-0.024707813348206733,0.027440195497357173,True,0.0,0.06059585636786706,0.1021560871908964,0.6812070874018177,0.9108004798075267,2000,20260913_004127_eva_x_base_PA_raw_cv_5fold_holdout15pct,20260909_084516_eva_x_base_PA_chexmask_seg_cv_5fold_holdout15pct
PA,microsoft/rad-dino,raw,chexmask_seg,chexmask_seg_minus_raw,True,paired,2521,1743,0.8140907208733296,0.8015140222096744,-0.012576698663655184,-0.02277869670850037,-0.002601614320299679,0.020177082388200693,True,0.011,0.7073000764218162,0.6898532152291402,-0.017446861192676022,-0.03150952698188368,-0.004157257311790607,0.027352269670093073,True,0.007,0.06159669429751101,0.10772241983038704,0.6724323826414171,0.9252294071680989,2000,20260916_064318_rad_dino_PA_raw_cv_5fold_holdout15pct,20260916_180556_rad_dino_PA_chexmask_seg_cv_5fold_holdout15pct
PA,resnet152,raw,chexmask_seg,chexmask_seg_minus_raw,True,paired,2521,1743,0.7796984754376058,0.7606941464332768,-0.019004329004329024,-0.03291579755298217,-0.005941665348131053,0.026974132204851117,True,0.004,0.6397840073920573,0.6237884906637559,-0.015995516728301462,-0.03515614261137466,0.004003803573134008,0.039159946184508666,False,0.119,0.06451264675980746,0.11194412858648353,0.5818783826172749,0.866840986672809,2000,20260918_042254_resnet152_PA_raw_cv_5fold_holdout15pct,20260918_144611_resnet152_PA_chexmask_seg_cv_5fold_holdout15pct
PA,swinv2_base_window16_256,raw,chexmask_seg,chexmask_seg_minus_raw,True,paired,2521,1743,0.7966068134763787,0.7880624882364012,-0.008544325239977502,-0.01928033769131189,0.0028198194424550187,0.02210015713376691,False,0.14,0.6785754749850883,0.6587226331961384,-0.01985284178894986,-0.03505837314883539,-0.004074851507565448,0.030983521641269943,True,0.01,0.06019799345161271,0.10241944739681098,0.632875518491641,0.8821174219909612,2000,20260914_172603_swint_base_PA_raw_cv_5fold_holdout15pct,20260909_033321_swint_base_PA_chexmask_seg_cv_5fold_holdout15pct
PA,vit_base_patch16_dinov3,raw,chexmask_seg,chexmask_seg_minus_raw,True,paired,2521,1743,0.8099582156973462,0.7910483719179371,-0.018909843779409075,-0.029178616012398927,-0.008710914141549866,0.02046770187084906,True,0.0,0.6963091449536446,0.6781106156888753,-0.01819852926476928,-0.032185851709701334,-0.004133361064802985,0.02805249064489835,True,0.014,0.060699510502067934,0.09945264126730952,0.6628028512659627,0.9125760283874397,2000,20260912_231315_dinov3_base_PA_raw_cv_5fold_holdout15pct,20260909_072955_dinov3_base_PA_chexmask_seg_cv_5fold_holdout15pct
PA,convnextv2_base,raw,medsam3_crop,medsam3_crop_minus_raw,True,paired,2521,1743,0.8109113495200452,0.8092467532467532,-0.0016645962732919628,-0.008598359351752813,0.005065384012523187,0.013663743364276,False,0.595,0.6948410650426781,0.6956950395567802,0.0008539745141021848,-0.008625423949977947,0.010031025698259284,0.018656449648237233,False,0.882,0.060443921696791594,0.10187980522771481,0.7739434672551817,0.9556354450514724,2000,20260912_204440_convnextv2_base_PA_raw_cv_5fold_holdout15pct,20260908_093546_convnextv2_base_PA_medsam3_crop_cv_5fold_holdout15pct
PA,densenet201,raw,medsam3_crop,medsam3_crop_minus_raw,True,paired,2521,1743,0.7940101637492942,0.7889840015057407,-0.005026162243553567,-0.01302866157773847,0.0034452555128011942,0.016473917090539664,False,0.242,0.6630957294102369,0.6594534613879597,-0.003642268022277184,-0.01637142941044689,0.01046608620993128,0.02683751562037817,False,0.624,0.06117756745006597,0.11024500555100644,0.730719644843906,0.938616825198644,2000,20260918_062633_densenet_PA_raw_cv_5fold_holdout15pct,20260918_133311_densenet_PA_medsam3_crop_cv_5fold_holdout15pct
PA,eva_x_base,raw,medsam3_crop,medsam3_crop_minus_raw,True,paired,2521,1743,0.8261313758705063,0.8233427442123095,-0.0027886316581968718,-0.008624509348671002,0.003388332614434905,0.012012841963105907,False,0.36,0.7279927234686776,0.722636420700927,-0.005356302767750565,-0.01350671293757314,0.0028672363265749494,0.016373949264148088,False,0.18,0.0582395738787376,0.09622459946559003,0.7937340340415572,0.9642551830167756,2000,20260913_004127_eva_x_base_PA_raw_cv_5fold_holdout15pct,20260908_172509_eva_x_base_PA_medsam3_crop_cv_5fold_holdout15pct
PA,microsoft/rad-dino,raw,medsam3_crop,medsam3_crop_minus_raw,True,paired,2521,1743,0.8140907208733296,0.8158434029738377,0.0017526821005081628,-0.0026841412901091126,0.006435480676857886,0.009119621966967,False,0.44,0.7073000764218162,0.7114933235387828,0.004193247116966559,-0.001989162687263793,0.011144464917097948,0.01313362760436174,False,0.192,0.05926541445500845,0.10009112487012853,0.8461223624127324,0.9831091631021666,2000,20260916_064318_rad_dino_PA_raw_cv_5fold_holdout15pct,20260916_151509_rad_dino_PA_medsam3_crop_cv_5fold_holdout15pct
PA,resnet152,raw,medsam3_crop,medsam3_crop_minus_raw,True,paired,2521,1743,0.7796984754376058,0.7790950498776585,-0.0006034255599473015,-0.009553925604346225,0.008185252549951744,0.01773917815429797,False,0.901,0.6397840073920573,0.6488366166928244,0.009052609300767123,-0.004597342273454439,0.02237025144398885,0.02696759371744329,False,0.178,0.0625269666810754,0.1063981505636998,0.7162955586062842,0.9295292382277016,2000,20260918_042254_resnet152_PA_raw_cv_5fold_holdout15pct,20260918_112744_resnet152_PA_medsam3_crop_cv_5fold_holdout15pct
PA,swinv2_base_window16_256,raw,medsam3_crop,medsam3_crop_minus_raw,True,paired,2521,1743,0.7966068134763787,0.8024573687182383,0.005850555241859512,-0.0036286736423919302,0.015826314243250497,0.019454987885642427,False,0.242,0.6785754749850883,0.6793439249225895,0.0007684499375012477,-0.016636700628115952,0.017458967952213293,0.034095668580329246,False,0.94,0.06212511150892558,0.10555083459925609,0.6868418033688791,0.9130643860297206,2000,20260914_172603_swint_base_PA_raw_cv_5fold_holdout15pct,20260908_120636_swint_base_PA_medsam3_crop_cv_5fold_holdout15pct
PA,vit_base_patch16_dinov3,raw,medsam3_crop,medsam3_crop_minus_raw,True,paired,2521,1743,0.8099582156973462,0.811930735930736,0.001972520233389785,-0.0046365076446940184,0.008557653788067372,0.01319416143276139,False,0.558,0.6963091449536446,0.698501622836621,0.0021924778829763847,-0.0073627435509871966,0.01206148789063547,0.01942423144162267,False,0.638,0.06242874353374481,0.10233291497746551,0.7886524590130585,0.9604373153075774,2000,20260912_231315_dinov3_base_PA_raw_cv_5fold_holdout15pct,20260908_155706_dinov3_base_PA_medsam3_crop_cv_5fold_holdout15pct
PA,convnextv2_base,raw,medsam3_seg,medsam3_seg_minus_raw,True,paired,2521,1743,0.8109113495200452,0.8003402973837757,-0.010571052136269521,-0.021312172462024027,0.00020938537997000677,0.021521557841994034,False,0.055,0.6948410650426781,0.6808722128052931,-0.013968852237384977,-0.030063318691879743,0.0014150930184801444,0.03147841171035989,False,0.074,0.060391797167876245,0.10563369442533456,0.6436344197181495,0.8906564777756579,2000,20260912_204440_convnextv2_base_PA_raw_cv_5fold_holdout15pct,20260907_180114_convnextv2_base_PA_medsam3_seg_cv_5fold_holdout15pct
PA,densenet201,raw,medsam3_seg,medsam3_seg_minus_raw,True,paired,2521,1743,0.7940101637492942,0.7879427818558253,-0.006067381893468893,-0.018974221827000825,0.006506336774595067,0.02548055860159589,False,0.346,0.6630957294102369,0.6586459083042477,-0.004449821105989127,-0.022704378892547533,0.012382374450414615,0.03508675334296215,False,0.622,0.06314267329985786,0.1061002349938782,0.5964605666821957,0.8698881993324747,2000,20260918_062633_densenet_PA_raw_cv_5fold_holdout15pct,20260918_101249_densenet_PA_medsam3_seg_cv_5fold_holdout15pct
PA,eva_x_base,raw,medsam3_seg,medsam3_seg_minus_raw,True,paired,2521,1743,0.8261313758705063,0.7974839073969509,-0.028647468473555482,-0.03905136153014316,-0.018691388555409715,0.020359972974733444,True,0.0,0.7279927234686776,0.6850926821336447,-0.04290004133503289,-0.058977456687043836,-0.02675730334497906,0.03222015334206478,True,0.0,0.059250899382347504,0.10181948535357671,0.6563769801475916,0.8938897074331121,2000,20260913_004127_eva_x_base_PA_raw_cv_5fold_holdout15pct,20260908_015426_eva_x_base_PA_medsam3_seg_cv_5fold_holdout15pct
PA,microsoft/rad-dino,raw,medsam3_seg,medsam3_seg_minus_raw,True,paired,2521,1743,0.8140907208733296,0.7997395068699417,-0.014351214003387902,-0.024216480838118663,-0.0036242222791433984,0.020592258558975264,True,0.01,0.7073000764218162,0.6861283192652428,-0.02117175715657349,-0.03418292664642464,-0.007015707045733028,0.02716721960069161,True,0.001,0.061140535957942804,0.10194885479814095,0.6631979383834611,0.9164003987871292,2000,20260916_064318_rad_dino_PA_raw_cv_5fold_holdout15pct,20260916_120955_rad_dino_PA_medsam3_seg_cv_5fold_holdout15pct
PA,resnet152,raw,medsam3_seg,medsam3_seg_minus_raw,True,paired,2521,1743,0.7796984754376058,0.7711545266327875,-0.008543948804818347,-0.02143654244663807,0.00402075980085379,0.02545730224749186,False,0.196,0.6397840073920573,0.6339823653151612,-0.005801642076896152,-0.025695014364926702,0.016565709457066813,0.042260723821993515,False,0.665,0.06433552530644215,0.10694277728360808,0.6043041208378425,0.8676798516733873,2000,20260918_042254_resnet152_PA_raw_cv_5fold_holdout15pct,20260918_073821_resnet152_PA_medsam3_seg_cv_5fold_holdout15pct
PA,swinv2_base_window16_256,raw,medsam3_seg,medsam3_seg_minus_raw,True,paired,2521,1743,0.7966068134763787,0.7896006022962545,-0.007006211180124233,-0.017918953248654772,0.004930711500808939,0.022849664749463712,False,0.23,0.6785754749850883,0.6653528237640765,-0.01322265122101185,-0.029201710418543768,0.003222781743287385,0.03242449216183115,False,0.116,0.06323231814690192,0.10463766976672037,0.6386394581267896,0.8795756056362307,2000,20260914_172603_swint_base_PA_raw_cv_5fold_holdout15pct,20260907_203123_swint_base_PA_medsam3_seg_cv_5fold_holdout15pct
PA,vit_base_patch16_dinov3,raw,medsam3_seg,medsam3_seg_minus_raw,True,paired,2521,1743,0.8099582156973462,0.7867946546207416,-0.023163561076604555,-0.03374481391016643,-0.013117642167462492,0.020627171742703933,True,0.0,0.6963091449536446,0.6682123693539368,-0.0280967755997078,-0.04214304627395608,-0.013822482765076504,0.02832056350887957,True,0.0,0.0642783640963588,0.10496368184497222,0.6790961930552242,0.9092823370776204,2000,20260912_231315_dinov3_base_PA_raw_cv_5fold_holdout15pct,20260908_002127_dinov3_base_PA_medsam3_seg_cv_5fold_holdout15pct
