view,mode_a,mode_b,contrast,n_models,models,n_images_paired,n_subjects_paired,mean_delta_auc,mean_delta_auc_lo,mean_delta_auc_hi,mean_delta_auc_excludes_zero,mean_delta_auc_p,mean_delta_auprc,mean_delta_auprc_lo,mean_delta_auprc_hi,mean_delta_auprc_excludes_zero,mean_delta_auprc_p,n_boot_effective
AP,medsam3_center,medsam3_crop,medsam3_crop_minus_medsam3_center,2,resnet152|eva_x_base,3280,1763,-0.00017701348652915394,-0.0030554487717387585,0.0027092191132387857,False,0.904,-0.0012432426204539992,-0.004973099813414107,0.002775021741493681,False,0.534,2000
AP,medsam3_margin0,medsam3_crop,medsam3_crop_minus_medsam3_margin0,2,resnet152|eva_x_base,3280,1763,-2.23360866282718e-05,-0.0031771670768097394,0.0030604777994173624,False,0.96,-0.002731527021232083,-0.006673731044749838,0.0012816879946495603,False,0.184,2000
AP,medsam3_margin10,medsam3_crop,medsam3_crop_minus_medsam3_margin10,2,resnet152|eva_x_base,3280,1763,-0.001693261500478771,-0.004187610983978439,0.0010047562496071215,False,0.21,-0.0036748723398090655,-0.007026732826766273,-0.00016769187052570215,True,0.037,2000
AP,medsam3_margin20,medsam3_crop,medsam3_crop_minus_medsam3_margin20,2,resnet152|eva_x_base,3280,1763,-0.0003838084218958926,-0.0035856908052769284,0.0028679145233355893,False,0.826,-0.0010166576283285322,-0.004922639203883837,0.0033620302646737107,False,0.623,2000
AP,medsam3_margin20,medsam3_margin0,medsam3_margin0_minus_medsam3_margin20,2,resnet152|eva_x_base,3280,1763,-0.0003614723352676208,-0.004030197617762461,0.003706789723318016,False,0.9,0.0017148693929035508,-0.003089617021677901,0.006494540415548065,False,0.466,2000
AP,medsam3_seg,medsam3_center,medsam3_center_minus_medsam3_seg,2,resnet152|eva_x_base,3280,1763,0.0072188370642043975,0.0020562000912005703,0.012616838012244655,True,0.005,0.007628892433415357,0.001268358187660601,0.014159478291066748,True,0.021,2000
AP,medsam3_seg,medsam3_crop,medsam3_crop_minus_medsam3_seg,2,resnet152|eva_x_base,3280,1763,0.007041823577675244,0.0017993241651747122,0.012363781885810755,True,0.007,0.006385649812961358,-0.00044340376062382004,0.013224134137805987,False,0.064,2000
AP,medsam3_soft,medsam3_crop,medsam3_crop_minus_medsam3_soft,2,resnet152|eva_x_base,3280,1763,0.007599108939050747,0.002098391885499365,0.013033702315443626,True,0.006,0.009043786049982294,0.0018734031832016592,0.0162603765011845,True,0.016,2000
AP,medsam3_soft,medsam3_seg,medsam3_seg_minus_medsam3_soft,2,resnet152|eva_x_base,3280,1763,0.0005572853613755036,-0.002875485957005726,0.00413939843347196,False,0.734,0.002658136237020936,-0.0017904495023395375,0.0071327641959115715,False,0.254,2000
AP,raw,medsam3_center,medsam3_center_minus_raw,2,resnet152|eva_x_base,3280,1763,0.002321091668788633,-0.0012457877070747192,0.005750753606647385,False,0.194,0.0017765589567874662,-0.0026156707461482227,0.006088207669158718,False,0.42,2000
AP,raw,medsam3_crop,medsam3_crop_minus_raw,2,resnet152|eva_x_base,3280,1763,0.002144078182259479,-0.0013894873860208225,0.0054678695727414335,False,0.225,0.000533316336333467,-0.00435000864495316,0.005113691683261693,False,0.829,2000
AP,raw,medsam3_margin0,medsam3_margin0_minus_raw,2,resnet152|eva_x_base,3280,1763,0.002166414268887751,-0.0017230568089445426,0.0063529906689730326,False,0.274,0.00326484335756555,-0.002071065293930473,0.00848431670977976,False,0.251,2000
AP,raw,medsam3_margin10,medsam3_margin10_minus_raw,2,resnet152|eva_x_base,3280,1763,0.00383733968273825,0.0005780132826962895,0.0071322099022780115,True,0.022,0.0042081886761425324,-0.00038671326146768876,0.008701083062698711,False,0.064,2000
AP,raw,medsam3_margin20,medsam3_margin20_minus_raw,2,resnet152|eva_x_base,3280,1763,0.0025278866041553716,-0.0005891069932860718,0.005622697042127168,False,0.114,0.0015499739646619992,-0.00244150454693622,0.005544549832712071,False,0.455,2000
AP,raw,medsam3_seg,medsam3_seg_minus_raw,2,resnet152|eva_x_base,3280,1763,-0.004897745395415765,-0.00966888943507293,0.0001796510239867842,False,0.061,-0.005852333476627891,-0.01226018239751554,0.0002628180023206971,False,0.058,2000
AP,raw,medsam3_soft,medsam3_soft_minus_raw,2,resnet152|eva_x_base,3280,1763,-0.005455030756791268,-0.010691974776743959,2.538058145469529e-05,False,0.051,-0.008510469713648827,-0.015763766877420184,-0.0015360249673717122,True,0.022,2000
PA,medsam3_center,medsam3_crop,medsam3_crop_minus_medsam3_center,2,resnet152|eva_x_base,2521,1743,-0.00037944664031624997,-0.005256987973374707,0.004736734938604053,False,0.894,0.003037893283809656,-0.004105036602736924,0.010623492565008712,False,0.404,2000
PA,medsam3_margin0,medsam3_crop,medsam3_crop_minus_medsam3_margin0,2,resnet152|eva_x_base,2521,1743,-0.001118765292678292,-0.006443316889614123,0.004326673538578482,False,0.757,0.0016579682281454011,-0.006039346467104347,0.00947379151808489,False,0.635,2000
PA,medsam3_margin10,medsam3_crop,medsam3_crop_minus_medsam3_margin10,2,resnet152|eva_x_base,2521,1743,0.003961227178618465,-0.0006943636217761089,0.008950700634380136,False,0.109,0.006636116357835398,-0.00015189015811742644,0.013531659550409515,False,0.055,2000
PA,medsam3_margin20,medsam3_crop,medsam3_crop_minus_medsam3_margin20,2,resnet152|eva_x_base,2521,1743,-0.005452663278750214,-0.010432958069268094,-0.000320662353267373,True,0.034,-0.0037811454753060025,-0.011710157390047677,0.004995809240358223,False,0.394,2000
PA,medsam3_margin20,medsam3_margin0,medsam3_margin0_minus_medsam3_margin20,2,resnet152|eva_x_base,2521,1743,-0.004333897986071922,-0.010680463684817794,0.001579386577236403,False,0.138,-0.005439113703451404,-0.014953130513289116,0.003406211659827335,False,0.229,2000
PA,medsam3_seg,medsam3_center,medsam3_center_minus_medsam3_seg,2,resnet152|eva_x_base,2521,1743,0.017279126670431078,0.008683544372979742,0.026486831309884912,True,0.0,0.023161101688663144,0.010241188832832263,0.035599918914757556,True,0.0,2000
PA,medsam3_seg,medsam3_crop,medsam3_crop_minus_medsam3_seg,2,resnet152|eva_x_base,2521,1743,0.016899680030114828,0.007732832669993736,0.026283433701418644,True,0.0,0.0261989949724728,0.012661888435708025,0.038719534245874425,True,0.001,2000
PA,medsam3_soft,medsam3_crop,medsam3_crop_minus_medsam3_soft,2,resnet152|eva_x_base,2521,1743,0.016356860530773565,0.007033787992372018,0.02652031907798001,True,0.001,0.02639703074613542,0.011152928617197008,0.04107722864102417,True,0.0,2000
PA,medsam3_soft,medsam3_seg,medsam3_seg_minus_medsam3_soft,2,resnet152|eva_x_base,2521,1743,-0.0005428194993412627,-0.006755708734330247,0.005782345569302772,False,0.87,0.00019803577366261926,-0.008619787826461433,0.008500288084234366,False,0.992,2000
PA,raw,medsam3_center,medsam3_center_minus_raw,2,resnet152|eva_x_base,2521,1743,-0.0013165819687558367,-0.006315969620623066,0.0038960433259843854,False,0.599,-0.0011897400173013772,-0.00884588531232433,0.006499288074267427,False,0.787,2000
PA,raw,medsam3_crop,medsam3_crop_minus_raw,2,resnet152|eva_x_base,2521,1743,-0.0016960286090720866,-0.007393266291313208,0.004136777361349938,False,0.548,0.001848153266508279,-0.006173830972712827,0.009821092705427954,False,0.652,2000
PA,raw,medsam3_margin0,medsam3_margin0_minus_raw,2,resnet152|eva_x_base,2521,1743,-0.0005772633163937946,-0.0069374593881809405,0.005610132606872727,False,0.87,0.0001901850383628778,-0.008714382072621247,0.00934246595293343,False,0.936,2000
PA,raw,medsam3_margin10,medsam3_margin10_minus_raw,2,resnet152|eva_x_base,2521,1743,-0.005657255787690552,-0.010974946249071107,-0.0006657142317053255,True,0.028,-0.004787963091327119,-0.012201448058817541,0.002722119024117918,False,0.225,2000
PA,raw,medsam3_margin20,medsam3_margin20_minus_raw,2,resnet152|eva_x_base,2521,1743,0.003756634669678127,-0.0012076727352777427,0.008533173230189926,False,0.133,0.0056292987418142815,-0.0012044746371880563,0.012877003047700475,False,0.116,2000
PA,raw,medsam3_seg,medsam3_seg_minus_raw,2,resnet152|eva_x_base,2521,1743,-0.018595708639186914,-0.027864154681095488,-0.009070395910356946,True,0.0,-0.02435084170596452,-0.03700806132464985,-0.01050323244741599,True,0.0,2000
PA,raw,medsam3_soft,medsam3_soft_minus_raw,2,resnet152|eva_x_base,2521,1743,-0.01805288913984565,-0.027972599517792553,-0.009027281586269299,True,0.001,-0.02454887747962714,-0.03804681440811624,-0.009590296784547437,True,0.001,2000
