run,view,mode,model,policy,n_images,n_pos,n_subjects,auroc,auroc_lo,auroc_hi,auprc,auprc_lo,auprc_hi,prevalence,n_extra
20260917_104528_resnet152_AP_raw_cv_5fold_holdout15pct,AP,raw,resnet152,u_ignore,3280,1582,1763,0.7859555154498711,0.7680049332438943,0.8038517967252509,0.7721211356628582,0.7453000030029431,0.7995354166481099,0.4823170731707317,1209
20260917_104528_resnet152_AP_raw_cv_5fold_holdout15pct,AP,raw,resnet152,u_zero,4489,1582,1763,0.6709959872786252,0.6526687987350532,0.6894132454499552,0.4941535319662771,0.46893385099835877,0.5228034766405261,0.3524170193807084,1209
20260917_104528_resnet152_AP_raw_cv_5fold_holdout15pct,AP,raw,resnet152,u_one,4489,2791,1763,0.7914434711269059,0.7762117776102726,0.8072726749217385,0.8510741425529126,0.8333585851340453,0.8676864950915125,0.6217420360882157,1209
20260917_124505_densenet_AP_raw_cv_5fold_holdout15pct,AP,raw,densenet,u_ignore,3280,1582,1763,0.7960168056715791,0.7794971422430474,0.8130848073590221,0.7783636509484467,0.7534870405655588,0.8045193266050283,0.4823170731707317,1209
20260917_124505_densenet_AP_raw_cv_5fold_holdout15pct,AP,raw,densenet,u_zero,4489,1582,1763,0.6762418365886954,0.6588935913681317,0.6942290115218533,0.4949280405819388,0.47047722891431526,0.52175157869665,0.3524170193807084,1209
20260917_124505_densenet_AP_raw_cv_5fold_holdout15pct,AP,raw,densenet,u_one,4489,2791,1763,0.8004145497115708,0.7859104604610883,0.8161527751566906,0.855767176886481,0.8390726350107304,0.8718959080790868,0.6217420360882157,1209
20260909_143039_convnextv2_base_AP_raw_cv_5fold_holdout15pct,AP,raw,convnextv2_base,u_ignore,3280,1582,1763,0.8029104665412867,0.7861665282418059,0.819756730509382,0.7875501883542125,0.7620735125169323,0.8136240175871923,0.4823170731707317,1209
20260909_143039_convnextv2_base_AP_raw_cv_5fold_holdout15pct,AP,raw,convnextv2_base,u_zero,4489,1582,1763,0.6784969538195654,0.6601545135055226,0.696502010737751,0.49977971624663187,0.47478379386923253,0.528069242624115,0.3524170193807084,1209
20260909_143039_convnextv2_base_AP_raw_cv_5fold_holdout15pct,AP,raw,convnextv2_base,u_one,4489,2791,1763,0.8110517611082906,0.7963345003171269,0.8263172910147148,0.8638274275937172,0.8473139075725017,0.8799836934970865,0.6217420360882157,1209
20260913_190041_swint_base_AP_raw_cv_5fold_holdout15pct,AP,raw,swint_base,u_ignore,3280,1582,1763,0.7996077038651853,0.7830457652261908,0.8167463308609637,0.7848594900947714,0.7587806773088818,0.8100948516164382,0.4823170731707317,1209
20260913_190041_swint_base_AP_raw_cv_5fold_holdout15pct,AP,raw,swint_base,u_zero,4489,1582,1763,0.6807675096121355,0.6636512771456308,0.6983495827722622,0.5010068378064324,0.4756763916538249,0.5285056868236595,0.3524170193807084,1209
20260913_190041_swint_base_AP_raw_cv_5fold_holdout15pct,AP,raw,swint_base,u_one,4489,2791,1763,0.8047794969443681,0.7901356825655191,0.8197824230642922,0.8596137795139593,0.8428686687736384,0.8756340005521394,0.6217420360882157,1209
20260909_171916_dinov3_base_AP_raw_cv_5fold_holdout15pct,AP,raw,dinov3_base,u_ignore,3280,1582,1763,0.805431838453509,0.7893281537746802,0.8224801225881019,0.7944014420800896,0.7693010984432527,0.8197022178066302,0.4823170731707317,1209
20260909_171916_dinov3_base_AP_raw_cv_5fold_holdout15pct,AP,raw,dinov3_base,u_zero,4489,1582,1763,0.683924804202072,0.6664539486432115,0.7016354756073684,0.5044274346548822,0.48031057261614624,0.5323870153095132,0.3524170193807084,1209
20260909_171916_dinov3_base_AP_raw_cv_5fold_holdout15pct,AP,raw,dinov3_base,u_one,4489,2791,1763,0.8099612628341392,0.7955556504424878,0.8250613617941194,0.8659280346882698,0.8494450322542079,0.8810387355848689,0.6217420360882157,1209
20260909_184003_eva_x_base_AP_raw_cv_5fold_holdout15pct,AP,raw,eva_x_base,u_ignore,3280,1582,1763,0.8128183823014806,0.7967955057257877,0.8297473605884559,0.8018108531983887,0.7773696600752696,0.8259303123564337,0.4823170731707317,1209
20260909_184003_eva_x_base_AP_raw_cv_5fold_holdout15pct,AP,raw,eva_x_base,u_zero,4489,1582,1763,0.6871284144771089,0.6696438929201358,0.7048463132260147,0.5096294123254086,0.4864032804172612,0.536996488051836,0.3524170193807084,1209
20260909_184003_eva_x_base_AP_raw_cv_5fold_holdout15pct,AP,raw,eva_x_base,u_one,4489,2791,1763,0.8195107190831712,0.805470107650696,0.8342688757533543,0.8719426779236467,0.8566028561299618,0.8864294980120551,0.6217420360882157,1209
20260915_124445_rad_dino_AP_raw_cv_5fold_holdout15pct,AP,raw,rad_dino,u_ignore,3280,1582,1763,0.8131478395792477,0.7969335511324924,0.8301865141532081,0.8011676548800984,0.7761108774747533,0.8251400981305532,0.4823170731707317,1209
20260915_124445_rad_dino_AP_raw_cv_5fold_holdout15pct,AP,raw,rad_dino,u_zero,4489,1582,1763,0.686766369333015,0.6691345215623117,0.7040902169268467,0.5076678520544162,0.4831654448905868,0.5357196483079004,0.3524170193807084,1209
20260915_124445_rad_dino_AP_raw_cv_5fold_holdout15pct,AP,raw,rad_dino,u_one,4489,2791,1763,0.820648483536388,0.8058930831541748,0.8360420093374366,0.8721075647221006,0.8560599341553407,0.8868576065225325,0.6217420360882157,1209
20260917_140723_resnet152_AP_medsam3_seg_cv_5fold_holdout15pct,AP,medsam3_seg,resnet152,u_ignore,3280,1582,1763,0.7826010075064141,0.7651356480163284,0.8004152817541312,0.7676127239467831,0.7400830568309216,0.7954096277991095,0.4823170731707317,1209
20260917_140723_resnet152_AP_medsam3_seg_cv_5fold_holdout15pct,AP,medsam3_seg,resnet152,u_zero,4489,1582,1763,0.669363631184503,0.6511931910969623,0.6879840311296812,0.49297690215340434,0.4669720969013128,0.5225453549157887,0.3524170193807084,1209
20260917_140723_resnet152_AP_medsam3_seg_cv_5fold_holdout15pct,AP,medsam3_seg,resnet152,u_one,4489,2791,1763,0.7861382645462721,0.7705441996074863,0.8021644518620906,0.8473502809230097,0.8293120106251565,0.8642589685429707,0.6217420360882157,1209
20260917_162947_densenet_AP_medsam3_seg_cv_5fold_holdout15pct,AP,medsam3_seg,densenet,u_ignore,3280,1582,1763,0.7900247781654329,0.7733011304769757,0.8068114762493168,0.7722862799960293,0.7456831692707125,0.7984141105897657,0.4823170731707317,1209
20260917_162947_densenet_AP_medsam3_seg_cv_5fold_holdout15pct,AP,medsam3_seg,densenet,u_zero,4489,1582,1763,0.6732732838516559,0.6555109504855431,0.6917298159882129,0.4972863467857992,0.47271628924718556,0.5254503691525602,0.3524170193807084,1209
20260917_162947_densenet_AP_medsam3_seg_cv_5fold_holdout15pct,AP,medsam3_seg,densenet,u_one,4489,2791,1763,0.7943028639506339,0.7791104623397005,0.8093943172381092,0.8511120111164627,0.8337946005046183,0.8672960867465833,0.6217420360882157,1209
20260910_104021_convnextv2_base_AP_medsam3_seg_cv_5fold_holdout15pct,AP,medsam3_seg,convnextv2_base,u_ignore,3280,1582,1763,0.7974928487295978,0.7806082686385457,0.8147858374671093,0.7804826922084321,0.7552823811408399,0.8074243003068251,0.4823170731707317,1209
20260910_104021_convnextv2_base_AP_medsam3_seg_cv_5fold_holdout15pct,AP,medsam3_seg,convnextv2_base,u_zero,4489,1582,1763,0.6763851325346161,0.6579017382256998,0.6942211992143782,0.49740769105920946,0.4722300898085253,0.525964931528874,0.3524170193807084,1209
20260910_104021_convnextv2_base_AP_medsam3_seg_cv_5fold_holdout15pct,AP,medsam3_seg,convnextv2_base,u_one,4489,2791,1763,0.8032946214886398,0.7881722859535142,0.8188744747511673,0.8577809526951472,0.8414248656036095,0.8742719613650354,0.6217420360882157,1209
20260913_232648_swint_base_AP_medsam3_seg_cv_5fold_holdout15pct,AP,medsam3_seg,swint_base,u_ignore,3280,1582,1763,0.7952584955305491,0.7785716105782519,0.8123792415245626,0.7783613890282354,0.7523684415972017,0.8052975317176656,0.4823170731707317,1209
20260913_232648_swint_base_AP_medsam3_seg_cv_5fold_holdout15pct,AP,medsam3_seg,swint_base,u_zero,4489,1582,1763,0.6772227288679794,0.6594884379401581,0.6955814383775445,0.5024649161495105,0.4766368603914553,0.5310399006822946,0.3524170193807084,1209
20260913_232648_swint_base_AP_medsam3_seg_cv_5fold_holdout15pct,AP,medsam3_seg,swint_base,u_one,4489,2791,1763,0.7996762266734021,0.784835992117476,0.815366680607232,0.8551470826908455,0.8380079166365443,0.871616745619193,0.6217420360882157,1209
20260910_133001_dinov3_base_AP_medsam3_seg_cv_5fold_holdout15pct,AP,medsam3_seg,dinov3_base,u_ignore,3280,1582,1763,0.7999535409398132,0.7840618211818303,0.8168215710870392,0.7900066179687654,0.7652557165206909,0.8141224203454132,0.4823170731707317,1209
20260910_133001_dinov3_base_AP_medsam3_seg_cv_5fold_holdout15pct,AP,medsam3_seg,dinov3_base,u_zero,4489,1582,1763,0.6791110171750737,0.6615868776545266,0.6973706803099309,0.5031124311699694,0.47863778381485245,0.5304658535100334,0.3524170193807084,1209
20260910_133001_dinov3_base_AP_medsam3_seg_cv_5fold_holdout15pct,AP,medsam3_seg,dinov3_base,u_one,4489,2791,1763,0.8052656633576121,0.7903176491193811,0.8210538243659296,0.8632455018245334,0.8474548361520341,0.8782427667857522,0.6217420360882157,1209
20260910_151857_eva_x_base_AP_medsam3_seg_cv_5fold_holdout15pct,AP,medsam3_seg,eva_x_base,u_ignore,3280,1582,1763,0.806377399454106,0.7897851634663838,0.8230072047417428,0.794614597961208,0.7702344587050934,0.8184661242840053,0.4823170731707317,1209
20260910_151857_eva_x_base_AP_medsam3_seg_cv_5fold_holdout15pct,AP,medsam3_seg,eva_x_base,u_zero,4489,1582,1763,0.6828821576759876,0.6653866977409078,0.7006012351132519,0.5077268266924759,0.4837503880499956,0.53518677363115,0.3524170193807084,1209
20260910_151857_eva_x_base_AP_medsam3_seg_cv_5fold_holdout15pct,AP,medsam3_seg,eva_x_base,u_one,4489,2791,1763,0.8119466533646135,0.7975485552745528,0.8266394899222321,0.8668231263194521,0.8512695650105654,0.8815930896063989,0.6217420360882157,1209
20260915_162728_rad_dino_AP_medsam3_seg_cv_5fold_holdout15pct,AP,medsam3_seg,rad_dino,u_ignore,3280,1582,1763,0.8044825547718071,0.7877988064276872,0.8210916775490668,0.789194994139062,0.7628758784268314,0.8146443209294244,0.4823170731707317,1209
20260915_162728_rad_dino_AP_medsam3_seg_cv_5fold_holdout15pct,AP,medsam3_seg,rad_dino,u_zero,4489,1582,1763,0.6823872539234604,0.6644543564173321,0.7006903097936844,0.5012486165565847,0.4752296665798468,0.5305905262867704,0.3524170193807084,1209
20260915_162728_rad_dino_AP_medsam3_seg_cv_5fold_holdout15pct,AP,medsam3_seg,rad_dino,u_one,4489,2791,1763,0.8104695852688201,0.7959109365754189,0.8255657118450724,0.8636744912740237,0.8473579124969752,0.8794395947799171,0.6217420360882157,1209
20260917_175129_resnet152_AP_medsam3_crop_cv_5fold_holdout15pct,AP,medsam3_crop,resnet152,u_ignore,3280,1582,1763,0.7893130015382118,0.77190725725659,0.8066911805817972,0.7721810779421177,0.7458426355809712,0.7984289247302472,0.4823170731707317,1209
20260917_175129_resnet152_AP_medsam3_crop_cv_5fold_holdout15pct,AP,medsam3_crop,resnet152,u_zero,4489,1582,1763,0.6741924218841394,0.6564693961854418,0.692655804240097,0.4933741501146065,0.4690403703210101,0.5213128174195829,0.3524170193807084,1209
20260917_175129_resnet152_AP_medsam3_crop_cv_5fold_holdout15pct,AP,medsam3_crop,resnet152,u_one,4489,2791,1763,0.7933607055152456,0.7778984832945911,0.8087362553663575,0.8506336588922867,0.8335225652585156,0.8668650690381949,0.6217420360882157,1209
20260917_195955_densenet_AP_medsam3_crop_cv_5fold_holdout15pct,AP,medsam3_crop,densenet,u_ignore,3280,1582,1763,0.7954628707231978,0.7789092257782586,0.8124256089785824,0.7782539899168065,0.752019093684276,0.8045456818669466,0.4823170731707317,1209
20260917_195955_densenet_AP_medsam3_crop_cv_5fold_holdout15pct,AP,medsam3_crop,densenet,u_zero,4489,1582,1763,0.6752089750665055,0.6567869623305846,0.6929783498003614,0.49620908520333584,0.4718990780852754,0.523874506300718,0.3524170193807084,1209
20260917_195955_densenet_AP_medsam3_crop_cv_5fold_holdout15pct,AP,medsam3_crop,densenet,u_one,4489,2791,1763,0.802063801745388,0.7876917265684696,0.8174985219477293,0.8563374963917123,0.8392027772245769,0.8726081795326499,0.6217420360882157,1209
20260910_235159_convnextv2_base_AP_medsam3_crop_cv_5fold_holdout15pct,AP,medsam3_crop,convnextv2_base,u_ignore,3280,1582,1763,0.8071446440297874,0.7903478540386129,0.8235414027728666,0.79162207528424,0.7666902156786656,0.8168777413475831,0.4823170731707317,1209
20260910_235159_convnextv2_base_AP_medsam3_crop_cv_5fold_holdout15pct,AP,medsam3_crop,convnextv2_base,u_zero,4489,1582,1763,0.6822587442056468,0.6637913208718641,0.700052936258996,0.5047347412855894,0.4798010698109249,0.5327190163415598,0.3524170193807084,1209
20260910_235159_convnextv2_base_AP_medsam3_crop_cv_5fold_holdout15pct,AP,medsam3_crop,convnextv2_base,u_one,4489,2791,1763,0.8152901025043057,0.8006704702214329,0.8302287472421853,0.8661061933722852,0.8500478025954062,0.8819440029981234,0.6217420360882157,1209
20260914_034547_swint_base_AP_medsam3_crop_cv_5fold_holdout15pct,AP,medsam3_crop,swint_base,u_ignore,3280,1582,1763,0.8009575480337543,0.7840885546174449,0.8180660323675958,0.7902274549654072,0.7647698627575563,0.8156483903195204,0.4823170731707317,1209
20260914_034547_swint_base_AP_medsam3_crop_cv_5fold_holdout15pct,AP,medsam3_crop,swint_base,u_zero,4489,1582,1763,0.6788561721847566,0.6606398076714131,0.6970484689915001,0.5069323860516166,0.4819260267312761,0.5336925507377086,0.3524170193807084,1209
20260914_034547_swint_base_AP_medsam3_crop_cv_5fold_holdout15pct,AP,medsam3_crop,swint_base,u_one,4489,2791,1763,0.809076288035031,0.7943883278562796,0.824601260764228,0.8644535200807958,0.8476251655182057,0.8798078757251515,0.6217420360882157,1209
20260911_091737_dinov3_base_AP_medsam3_crop_cv_5fold_holdout15pct,AP,medsam3_crop,dinov3_base,u_ignore,3280,1582,1763,0.8090473063424063,0.7929307066635116,0.8254934407106426,0.794109255194171,0.7696267855543821,0.818781492048675,0.4823170731707317,1209
20260911_091737_dinov3_base_AP_medsam3_crop_cv_5fold_holdout15pct,AP,medsam3_crop,dinov3_base,u_zero,4489,1582,1763,0.6860207520362593,0.6685877862422254,0.7034261881411057,0.5068398308812436,0.48142667194849154,0.5352161807630688,0.3524170193807084,1209
20260911_091737_dinov3_base_AP_medsam3_crop_cv_5fold_holdout15pct,AP,medsam3_crop,dinov3_base,u_one,4489,2791,1763,0.8132606109406856,0.7992690085503168,0.8274661832861306,0.8660040967962221,0.8497424535913285,0.881470381478539,0.6217420360882157,1209
20260911_103605_eva_x_base_AP_medsam3_crop_cv_5fold_holdout15pct,AP,medsam3_crop,eva_x_base,u_ignore,3280,1582,1763,0.8137490525776588,0.7977261984017817,0.8304354493816052,0.8028175435917962,0.7786539646722119,0.8261857048780314,0.4823170731707317,1209
20260911_103605_eva_x_base_AP_medsam3_crop_cv_5fold_holdout15pct,AP,medsam3_crop,eva_x_base,u_zero,4489,1582,1763,0.688678141649456,0.6716771262084602,0.706227322273872,0.5150547217042545,0.4911686563113056,0.5420209686876122,0.3524170193807084,1209
20260911_103605_eva_x_base_AP_medsam3_crop_cv_5fold_holdout15pct,AP,medsam3_crop,eva_x_base,u_one,4489,2791,1763,0.8202186567205121,0.8058005419998235,0.8348119390836712,0.8722325905780589,0.856920884424901,0.8866219622590624,0.6217420360882157,1209
20260915_195640_rad_dino_AP_medsam3_crop_cv_5fold_holdout15pct,AP,medsam3_crop,rad_dino,u_ignore,3280,1582,1763,0.8152891257506787,0.7987017967318528,0.8316590486837262,0.8034051758422475,0.7778278475164415,0.8277237516835768,0.4823170731707317,1209
20260915_195640_rad_dino_AP_medsam3_crop_cv_5fold_holdout15pct,AP,medsam3_crop,rad_dino,u_zero,4489,1582,1763,0.6890582346896218,0.671556957319026,0.7064852937925323,0.5126347606697543,0.4870682311231504,0.5409339985551436,0.3524170193807084,1209
20260915_195640_rad_dino_AP_medsam3_crop_cv_5fold_holdout15pct,AP,medsam3_crop,rad_dino,u_one,4489,2791,1763,0.8224097817357576,0.8076524040554169,0.8375254534693984,0.8732890281002091,0.8571719036095214,0.8882257472163774,0.6217420360882157,1209
20260917_212010_resnet152_AP_chexmask_seg_cv_5fold_holdout15pct,AP,chexmask_seg,resnet152,u_ignore,3280,1582,1763,0.7859015365738528,0.7691402338774922,0.8028907767645251,0.7707673963603972,0.7443005178414387,0.7976551896705808,0.4823170731707317,1209
20260917_212010_resnet152_AP_chexmask_seg_cv_5fold_holdout15pct,AP,chexmask_seg,resnet152,u_zero,4489,1582,1763,0.6722269407685446,0.6541042971326154,0.6902353624052961,0.4961530844229654,0.47084280446684484,0.5252654185661392,0.3524170193807084,1209
20260917_212010_resnet152_AP_chexmask_seg_cv_5fold_holdout15pct,AP,chexmask_seg,resnet152,u_one,4489,2791,1763,0.7884437568340775,0.7725760159753501,0.803838644788308,0.8489131521380959,0.8316610408068934,0.865413770698471,0.6217420360882157,1209
20260917_234135_densenet_AP_chexmask_seg_cv_5fold_holdout15pct,AP,chexmask_seg,densenet,u_ignore,3280,1582,1763,0.790153582931656,0.7730524374963763,0.8077669863253472,0.7777242181717336,0.7521884610710607,0.8039072927970974,0.4823170731707317,1209
20260917_234135_densenet_AP_chexmask_seg_cv_5fold_holdout15pct,AP,chexmask_seg,densenet,u_zero,4489,1582,1763,0.6746243754449459,0.6572370398898665,0.6921638494933672,0.49832465007240573,0.47353384671192744,0.5257229027602919,0.3524170193807084,1209
20260917_234135_densenet_AP_chexmask_seg_cv_5fold_holdout15pct,AP,chexmask_seg,densenet,u_one,4489,2791,1763,0.7930982094136504,0.7776058055203833,0.8085346710803096,0.8537406150408451,0.8366975340689736,0.8696444613792842,0.6217420360882157,1209
20260911_192830_convnextv2_base_AP_chexmask_seg_cv_5fold_holdout15pct,AP,chexmask_seg,convnextv2_base,u_ignore,3280,1582,1763,0.7957837658344241,0.7786862731580158,0.8130812432377206,0.7798593390827564,0.7535438044335522,0.8067166042990903,0.4823170731707317,1209
20260911_192830_convnextv2_base_AP_chexmask_seg_cv_5fold_holdout15pct,AP,chexmask_seg,convnextv2_base,u_zero,4489,1582,1763,0.675698007816696,0.6581271071902333,0.6939138182106688,0.49384563536986714,0.4692297947692682,0.5214887734141165,0.3524170193807084,1209
20260911_192830_convnextv2_base_AP_chexmask_seg_cv_5fold_holdout15pct,AP,chexmask_seg,convnextv2_base,u_one,4489,2791,1763,0.8010294320588768,0.7858070530017974,0.8165912825840064,0.8572821164991032,0.8407130926252658,0.8734529391461242,0.6217420360882157,1209
20260914_081823_swint_base_AP_chexmask_seg_cv_5fold_holdout15pct,AP,chexmask_seg,swint_base,u_ignore,3280,1582,1763,0.7984968558235389,0.7819796132854365,0.8152895619754782,0.7833833995514119,0.7583197624209455,0.8092387739466534,0.4823170731707317,1209
20260914_081823_swint_base_AP_chexmask_seg_cv_5fold_holdout15pct,AP,chexmask_seg,swint_base,u_zero,4489,1582,1763,0.6797361702016624,0.6621854417140205,0.6978518350163694,0.5018855044959729,0.47766336370306417,0.5290801290727486,0.3524170193807084,1209
20260914_081823_swint_base_AP_chexmask_seg_cv_5fold_holdout15pct,AP,chexmask_seg,swint_base,u_one,4489,2791,1763,0.8015335342989982,0.786263749486122,0.8166256951308216,0.8581896257559973,0.8415339471923132,0.8742959587356507,0.6217420360882157,1209
20260911_222254_dinov3_base_AP_chexmask_seg_cv_5fold_holdout15pct,AP,chexmask_seg,dinov3_base,u_ignore,3280,1582,1763,0.7991501863574161,0.7826309658830004,0.8164134731962985,0.7885722362404063,0.7633913447230203,0.8133770977685751,0.4823170731707317,1209
20260911_222254_dinov3_base_AP_chexmask_seg_cv_5fold_holdout15pct,AP,chexmask_seg,dinov3_base,u_zero,4489,1582,1763,0.6794828473230621,0.6616550131930221,0.6972466651983336,0.5015365093352223,0.47668912208852643,0.5292715251082006,0.3524170193807084,1209
20260911_222254_dinov3_base_AP_chexmask_seg_cv_5fold_holdout15pct,AP,chexmask_seg,dinov3_base,u_one,4489,2791,1763,0.8039257515849996,0.7889618155845397,0.8195230076150978,0.8621347729974799,0.8454232614857926,0.8775641765387918,0.6217420360882157,1209
20260911_234000_eva_x_base_AP_chexmask_seg_cv_5fold_holdout15pct,AP,chexmask_seg,eva_x_base,u_ignore,3280,1582,1763,0.8075965775158995,0.7916485332948655,0.8237206368313762,0.7951281203948997,0.7700311185719964,0.8192106099733454,0.4823170731707317,1209
20260911_234000_eva_x_base_AP_chexmask_seg_cv_5fold_holdout15pct,AP,chexmask_seg,eva_x_base,u_zero,4489,1582,1763,0.6834686055760606,0.6656569870000193,0.7012340461427254,0.5064749917610669,0.48231428820482747,0.5336392325186825,0.3524170193807084,1209
20260911_234000_eva_x_base_AP_chexmask_seg_cv_5fold_holdout15pct,AP,chexmask_seg,eva_x_base,u_one,4489,2791,1763,0.8125834807236283,0.7986299970688072,0.8276825328333148,0.8672113467604775,0.8512237015221801,0.882083846693439,0.6217420360882157,1209
20260915_233922_rad_dino_AP_chexmask_seg_cv_5fold_holdout15pct,AP,chexmask_seg,rad_dino,u_ignore,3280,1582,1763,0.8063807498671003,0.7896154574157439,0.8232521161009365,0.7929068462561228,0.7666111597553418,0.8179760099093815,0.4823170731707317,1209
20260915_233922_rad_dino_AP_chexmask_seg_cv_5fold_holdout15pct,AP,chexmask_seg,rad_dino,u_zero,4489,1582,1763,0.6834764335791761,0.6658589918583099,0.7014092570354503,0.5034852127202141,0.4782463839161735,0.5314110465440055,0.3524170193807084,1209
20260915_233922_rad_dino_AP_chexmask_seg_cv_5fold_holdout15pct,AP,chexmask_seg,rad_dino,u_one,4489,2791,1763,0.8117164417513977,0.7969844948621966,0.8268556519129222,0.8657394392589269,0.8492661386857815,0.8809595125734694,0.6217420360882157,1209
20260918_010544_resnet152_AP_chexmask_crop_cv_5fold_holdout15pct,AP,chexmask_crop,resnet152,u_ignore,3280,1582,1763,0.7908396730592546,0.7739604287042808,0.8086988644305433,0.7747639641631591,0.7493258264993689,0.8013229699826284,0.4823170731707317,1209
20260918_010544_resnet152_AP_chexmask_crop_cv_5fold_holdout15pct,AP,chexmask_crop,resnet152,u_zero,4489,1582,1763,0.6763418610729496,0.6586962779962793,0.6941296564276835,0.4997818373054199,0.47458997574814576,0.5278416450313994,0.3524170193807084,1209
20260918_010544_resnet152_AP_chexmask_crop_cv_5fold_holdout15pct,AP,chexmask_crop,resnet152,u_one,4489,2791,1763,0.793872615115302,0.77907348142215,0.8100381113737715,0.8514378152999096,0.8339438664226579,0.868091196164494,0.6217420360882157,1209
20260918_030110_densenet_AP_chexmask_crop_cv_5fold_holdout15pct,AP,chexmask_crop,densenet,u_ignore,3280,1582,1763,0.7953526793624983,0.7782866387703506,0.8131960672758376,0.7783400862899255,0.7521691149018542,0.8048675584040716,0.4823170731707317,1209
20260918_030110_densenet_AP_chexmask_crop_cv_5fold_holdout15pct,AP,chexmask_crop,densenet,u_zero,4489,1582,1763,0.6750417602221761,0.6574900119791487,0.6932917134989726,0.4949823108348395,0.4700258296391215,0.5224043897886667,0.3524170193807084,1209
20260918_030110_densenet_AP_chexmask_crop_cv_5fold_holdout15pct,AP,chexmask_crop,densenet,u_one,4489,2791,1763,0.8018202965193101,0.7867188212805653,0.8171677262276841,0.8566424745433666,0.8400193273257481,0.8725828693752787,0.6217420360882157,1209
20260912_075603_convnextv2_base_AP_chexmask_crop_cv_5fold_holdout15pct,AP,chexmask_crop,convnextv2_base,u_ignore,3280,1582,1763,0.8013000346953879,0.7842565668090007,0.8181675584333364,0.7873944736165381,0.7620875025742745,0.8125446797655873,0.4823170731707317,1209
20260912_075603_convnextv2_base_AP_chexmask_crop_cv_5fold_holdout15pct,AP,chexmask_crop,convnextv2_base,u_zero,4489,1582,1763,0.6769811479940525,0.6585918462534716,0.6950573992098402,0.49688426935082797,0.47185169225729506,0.524870831299439,0.3524170193807084,1209
20260912_075603_convnextv2_base_AP_chexmask_crop_cv_5fold_holdout15pct,AP,chexmask_crop,convnextv2_base,u_one,4489,2791,1763,0.8097700880205979,0.7950655389027824,0.8248314143132236,0.8638405877639977,0.8478327841787867,0.879649894061569,0.6217420360882157,1209
20260914_124109_swint_base_AP_chexmask_crop_cv_5fold_holdout15pct,AP,chexmask_crop,swint_base,u_ignore,3280,1582,1763,0.8025099060544196,0.7862541854410333,0.8184950736360254,0.7916032443920521,0.7671958266668041,0.8160835790300408,0.4823170731707317,1209
20260914_124109_swint_base_AP_chexmask_crop_cv_5fold_holdout15pct,AP,chexmask_crop,swint_base,u_zero,4489,1582,1763,0.6822291717494325,0.6648284153447426,0.7000016919579783,0.5044755496369164,0.48032920375208843,0.5317148372924284,0.3524170193807084,1209
20260914_124109_swint_base_AP_chexmask_crop_cv_5fold_holdout15pct,AP,chexmask_crop,swint_base,u_one,4489,2791,1763,0.8084346074522728,0.7943792422594479,0.8232774353559837,0.8643798877623152,0.848011375817079,0.8795285809115618,0.6217420360882157,1209
20260912_104931_dinov3_base_AP_chexmask_crop_cv_5fold_holdout15pct,AP,chexmask_crop,dinov3_base,u_ignore,3280,1582,1763,0.8071714473337414,0.7909056033652457,0.8235695112483048,0.7900409209575507,0.765344353186665,0.8156453210753375,0.4823170731707317,1209
20260912_104931_dinov3_base_AP_chexmask_crop_cv_5fold_holdout15pct,AP,chexmask_crop,dinov3_base,u_zero,4489,1582,1763,0.6843960065007217,0.6669212407211049,0.7019032544387929,0.504661619861075,0.4798913441309502,0.5336736153076623,0.3524170193807084,1209
20260912_104931_dinov3_base_AP_chexmask_crop_cv_5fold_holdout15pct,AP,chexmask_crop,dinov3_base,u_one,4489,2791,1763,0.8133916479817552,0.7990261033456996,0.8278995929598,0.8641722478440396,0.8474546440555318,0.8799510867554755,0.6217420360882157,1209
20260912_120123_eva_x_base_AP_chexmask_crop_cv_5fold_holdout15pct,AP,chexmask_crop,eva_x_base,u_ignore,3280,1582,1763,0.8130949775075608,0.7967654713763632,0.8296845593108295,0.8032818180460273,0.7788298493426551,0.8264697166274778,0.4823170731707317,1209
20260912_120123_eva_x_base_AP_chexmask_crop_cv_5fold_holdout15pct,AP,chexmask_crop,eva_x_base,u_zero,4489,1582,1763,0.6873871734689839,0.6700888333954582,0.7052229100314803,0.5127799982441361,0.4884999476900115,0.5395471806846025,0.3524170193807084,1209
20260912_120123_eva_x_base_AP_chexmask_crop_cv_5fold_holdout15pct,AP,chexmask_crop,eva_x_base,u_one,4489,2791,1763,0.8209384109026194,0.8068904098248945,0.8358108521897524,0.8732335948679826,0.8579418117670967,0.8878143042216596,0.6217420360882157,1209
20260916_030439_rad_dino_AP_chexmask_crop_cv_5fold_holdout15pct,AP,chexmask_crop,rad_dino,u_ignore,3280,1582,1763,0.8119014859453898,0.7950085134247906,0.8287344276971235,0.7983234661338474,0.7725322789761001,0.8228006980650454,0.4823170731707317,1209
20260916_030439_rad_dino_AP_chexmask_crop_cv_5fold_holdout15pct,AP,chexmask_crop,rad_dino,u_zero,4489,1582,1763,0.6866404689495733,0.6695877517073173,0.703916633377445,0.5093513376513961,0.4838195036204837,0.5374689921268624,0.3524170193807084,1209
20260916_030439_rad_dino_AP_chexmask_crop_cv_5fold_holdout15pct,AP,chexmask_crop,rad_dino,u_one,4489,2791,1763,0.819083002364575,0.8047392967855488,0.8344909627901436,0.8699802401820995,0.8538522114718529,0.8852366825299297,0.6217420360882157,1209
20260918_042254_resnet152_PA_raw_cv_5fold_holdout15pct,PA,raw,resnet152,u_ignore,2521,750,1743,0.7796984754376058,0.7574586583543875,0.8001510892954184,0.6397840073920573,0.5983876519752178,0.6775173722909076,0.29750099166997224,336
20260918_042254_resnet152_PA_raw_cv_5fold_holdout15pct,PA,raw,resnet152,u_zero,2857,750,1743,0.7280427147603228,0.7046423758497714,0.7510107753893546,0.49038150505947903,0.44476962936361747,0.5386826876725676,0.2625131256562828,336
20260918_042254_resnet152_PA_raw_cv_5fold_holdout15pct,PA,raw,resnet152,u_one,2857,1086,1743,0.7934512240901864,0.7741892075663467,0.8116939124146195,0.7217796422672494,0.6883504809748502,0.7523345958947663,0.3801190059502975,336
20260918_062633_densenet_PA_raw_cv_5fold_holdout15pct,PA,raw,densenet,u_ignore,2521,750,1743,0.7940101637492942,0.7720806038581662,0.8148528419420246,0.6630957294102369,0.6227745262623194,0.7010941715221262,0.29750099166997224,336
20260918_062633_densenet_PA_raw_cv_5fold_holdout15pct,PA,raw,densenet,u_zero,2857,750,1743,0.7425900965037178,0.7197336730729613,0.7650566762809599,0.511017358650435,0.4654770323294564,0.559810483738865,0.2625131256562828,336
20260918_062633_densenet_PA_raw_cv_5fold_holdout15pct,PA,raw,densenet,u_one,2857,1086,1743,0.8042703553152748,0.7852132590008306,0.8227149193418263,0.7370534681805541,0.7035720408850012,0.7671970248932248,0.3801190059502975,336
20260912_204440_convnextv2_base_PA_raw_cv_5fold_holdout15pct,PA,raw,convnextv2_base,u_ignore,2521,750,1743,0.8109113495200452,0.7904640097874046,0.8314598117781903,0.6948410650426781,0.6581657133173191,0.7314942524138391,0.29750099166997224,336
20260912_204440_convnextv2_base_PA_raw_cv_5fold_holdout15pct,PA,raw,convnextv2_base,u_zero,2857,750,1743,0.7612086695143173,0.7379683646643808,0.783008464771903,0.5516710948243748,0.506619326948081,0.597983171703603,0.2625131256562828,336
20260912_204440_convnextv2_base_PA_raw_cv_5fold_holdout15pct,PA,raw,convnextv2_base,u_one,2857,1086,1743,0.8193688367841623,0.8015651452094679,0.8367745312477451,0.7577918018129726,0.7279856383215078,0.7869013804509881,0.3801190059502975,336
20260914_172603_swint_base_PA_raw_cv_5fold_holdout15pct,PA,raw,swint_base,u_ignore,2521,750,1743,0.7966068134763787,0.7742956864729649,0.8177745352720148,0.6785754749850883,0.6421686551063024,0.7144178798607355,0.29750099166997224,336
20260914_172603_swint_base_PA_raw_cv_5fold_holdout15pct,PA,raw,swint_base,u_zero,2857,750,1743,0.7465622528081,0.723239567185231,0.7696757727104464,0.5266570842767984,0.48214210312225453,0.5738615945513476,0.2625131256562828,336
20260914_172603_swint_base_PA_raw_cv_5fold_holdout15pct,PA,raw,swint_base,u_one,2857,1086,1743,0.8061707289427683,0.7873650106788251,0.8245669785935662,0.7470166313759896,0.7170130773696322,0.7740691424368629,0.3801190059502975,336
20260912_231315_dinov3_base_PA_raw_cv_5fold_holdout15pct,PA,raw,dinov3_base,u_ignore,2521,750,1743,0.8099582156973462,0.7879218308910109,0.8304028689872576,0.6963091449536446,0.6594776749074439,0.7308690856454975,0.29750099166997224,336
20260912_231315_dinov3_base_PA_raw_cv_5fold_holdout15pct,PA,raw,dinov3_base,u_zero,2857,750,1743,0.7603537414965986,0.7365898101703598,0.782694325282219,0.5525556700491401,0.5088779393153988,0.5972285280234791,0.2625131256562828,336
20260912_231315_dinov3_base_PA_raw_cv_5fold_holdout15pct,PA,raw,dinov3_base,u_one,2857,1086,1743,0.8193210024821843,0.8015592298017853,0.836525395363665,0.7587174980620873,0.7296899626811135,0.7858985726957339,0.3801190059502975,336
20260913_004127_eva_x_base_PA_raw_cv_5fold_holdout15pct,PA,raw,eva_x_base,u_ignore,2521,750,1743,0.8261313758705063,0.8055639324256393,0.8460035611072144,0.7279927234686776,0.693582114516978,0.7608097123419815,0.29750099166997224,336
20260913_004127_eva_x_base_PA_raw_cv_5fold_holdout15pct,PA,raw,eva_x_base,u_zero,2857,750,1743,0.775563360227812,0.752838578833898,0.7976035541029318,0.5820071449294308,0.5351078715782637,0.6291292652835125,0.2625131256562828,336
20260913_004127_eva_x_base_PA_raw_cv_5fold_holdout15pct,PA,raw,eva_x_base,u_one,2857,1086,1743,0.835742206388375,0.8189681275837137,0.8520965560119931,0.785057741560334,0.7588746547543901,0.8102359697065102,0.3801190059502975,336
20260916_064318_rad_dino_PA_raw_cv_5fold_holdout15pct,PA,raw,rad_dino,u_ignore,2521,750,1743,0.8140907208733296,0.7920334793841922,0.8347339080820184,0.7073000764218162,0.6715343337183892,0.7411655580117984,0.29750099166997224,336
20260916_064318_rad_dino_PA_raw_cv_5fold_holdout15pct,PA,raw,rad_dino,u_zero,2857,750,1743,0.7634405948425882,0.7393061064601939,0.786551682053133,0.5606688188957243,0.5091262113303263,0.6136627623107216,0.2625131256562828,336
20260916_064318_rad_dino_PA_raw_cv_5fold_holdout15pct,PA,raw,rad_dino,u_one,2857,1086,1743,0.8260557602378404,0.8082657814979949,0.8425843591506907,0.7697794110166126,0.7425396420720296,0.7959219430594366,0.3801190059502975,336
20260918_073821_resnet152_PA_medsam3_seg_cv_5fold_holdout15pct,PA,medsam3_seg,resnet152,u_ignore,2521,750,1743,0.7711545266327875,0.7481754046230669,0.7930642228192452,0.6339823653151612,0.5922225155622614,0.6769194142407542,0.29750099166997224,336
20260918_073821_resnet152_PA_medsam3_seg_cv_5fold_holdout15pct,PA,medsam3_seg,resnet152,u_zero,2857,750,1743,0.7213383958234456,0.6977436866732561,0.7450173916292234,0.4880845075111311,0.44334903380082324,0.5393916986649276,0.2625131256562828,336
20260918_073821_resnet152_PA_medsam3_seg_cv_5fold_holdout15pct,PA,medsam3_seg,resnet152,u_one,2857,1086,1743,0.7848995427664657,0.7642326023759926,0.8038335273254157,0.7168283093833451,0.6839855403489782,0.7488069758386021,0.3801190059502975,336
20260918_101249_densenet_PA_medsam3_seg_cv_5fold_holdout15pct,PA,medsam3_seg,densenet,u_ignore,2521,750,1743,0.7879427818558253,0.7651482081402399,0.8092869636995199,0.6586459083042477,0.6202750473503954,0.6967007011898012,0.29750099166997224,336
20260918_101249_densenet_PA_medsam3_seg_cv_5fold_holdout15pct,PA,medsam3_seg,densenet,u_zero,2857,750,1743,0.739046986236355,0.7153886270088374,0.7616602550994046,0.5145747229115721,0.46723631449522796,0.5634093036876417,0.2625131256562828,336
20260918_101249_densenet_PA_medsam3_seg_cv_5fold_holdout15pct,PA,medsam3_seg,densenet,u_one,2857,1086,1743,0.79517299899236,0.7751673773440763,0.8146752612488289,0.7301105252167954,0.6973884420555522,0.7602927507470861,0.3801190059502975,336
20260907_180114_convnextv2_base_PA_medsam3_seg_cv_5fold_holdout15pct,PA,medsam3_seg,convnextv2_base,u_ignore,2521,750,1743,0.8003402973837757,0.7784300134820036,0.8214669013381534,0.6808722128052931,0.642029503454186,0.7185519144331107,0.29750099166997224,336
20260907_180114_convnextv2_base_PA_medsam3_seg_cv_5fold_holdout15pct,PA,medsam3_seg,convnextv2_base,u_zero,2857,750,1743,0.7510827400727733,0.7285753133829584,0.7749274809963156,0.5392971487331611,0.4922440858006553,0.5856376531448825,0.2625131256562828,336
20260907_180114_convnextv2_base_PA_medsam3_seg_cv_5fold_holdout15pct,PA,medsam3_seg,convnextv2_base,u_one,2857,1086,1743,0.809162972506715,0.7897156931744382,0.8280002927881578,0.7472418871959361,0.7171790531498837,0.7764147152140571,0.3801190059502975,336
20260907_203123_swint_base_PA_medsam3_seg_cv_5fold_holdout15pct,PA,medsam3_seg,swint_base,u_ignore,2521,750,1743,0.7896006022962545,0.7677662897319,0.8114233622650097,0.6653528237640765,0.6287714968115622,0.7012884346866155,0.29750099166997224,336
20260907_203123_swint_base_PA_medsam3_seg_cv_5fold_holdout15pct,PA,medsam3_seg,swint_base,u_zero,2857,750,1743,0.7397424458155355,0.7158979341506929,0.7632971550714254,0.5200488419908741,0.4758626836833583,0.5666152610456217,0.2625131256562828,336
20260907_203123_swint_base_PA_medsam3_seg_cv_5fold_holdout15pct,PA,medsam3_seg,swint_base,u_one,2857,1086,1743,0.8007436154205311,0.7816201448315654,0.8199251949371402,0.7373388916555773,0.7066117635238486,0.7661677341270903,0.3801190059502975,336
20260908_002127_dinov3_base_PA_medsam3_seg_cv_5fold_holdout15pct,PA,medsam3_seg,dinov3_base,u_ignore,2521,750,1743,0.7867946546207416,0.7646948473464394,0.8083869658547572,0.6682123693539368,0.6297766337303474,0.7051234507325985,0.29750099166997224,336
20260908_002127_dinov3_base_PA_medsam3_seg_cv_5fold_holdout15pct,PA,medsam3_seg,dinov3_base,u_zero,2857,750,1743,0.737733902863471,0.7132817201891322,0.7611009664528834,0.5140937155138612,0.4677650376526477,0.5648415646292,0.2625131256562828,336
20260908_002127_dinov3_base_PA_medsam3_seg_cv_5fold_holdout15pct,PA,medsam3_seg,dinov3_base,u_one,2857,1086,1743,0.7976276265971197,0.7783206656146747,0.8169077293381095,0.7385331519485124,0.7079154108407407,0.7680679169339876,0.3801190059502975,336
20260908_015426_eva_x_base_PA_medsam3_seg_cv_5fold_holdout15pct,PA,medsam3_seg,eva_x_base,u_ignore,2521,750,1743,0.7974839073969509,0.7756847387851001,0.8183364032430132,0.6850926821336447,0.6471305267416696,0.7220099727549637,0.29750099166997224,336
20260908_015426_eva_x_base_PA_medsam3_seg_cv_5fold_holdout15pct,PA,medsam3_seg,eva_x_base,u_zero,2857,750,1743,0.7491428571428571,0.7251994576190961,0.7717406107734445,0.5455424580027837,0.49976641796115795,0.5917405869935879,0.2625131256562828,336
20260908_015426_eva_x_base_PA_medsam3_seg_cv_5fold_holdout15pct,PA,medsam3_seg,eva_x_base,u_one,2857,1086,1743,0.808930040253605,0.7901655446402991,0.826284491114963,0.7501449845603531,0.7194293935571653,0.7786086378321193,0.3801190059502975,336
20260916_120955_rad_dino_PA_medsam3_seg_cv_5fold_holdout15pct,PA,medsam3_seg,rad_dino,u_ignore,2521,750,1743,0.7997395068699417,0.7768828712121065,0.8217044724345313,0.6861283192652428,0.6495940701238239,0.7232508944024174,0.29750099166997224,336
20260916_120955_rad_dino_PA_medsam3_seg_cv_5fold_holdout15pct,PA,medsam3_seg,rad_dino,u_zero,2857,750,1743,0.7518025628856194,0.7271226314903605,0.774768110507145,0.5435686435610695,0.49512011951306406,0.5925669568602002,0.2625131256562828,336
20260916_120955_rad_dino_PA_medsam3_seg_cv_5fold_holdout15pct,PA,medsam3_seg,rad_dino,u_one,2857,1086,1743,0.8089440785813594,0.789622791744019,0.8267848706648678,0.7491944942718382,0.720155111012607,0.7769262612432142,0.3801190059502975,336
20260918_112744_resnet152_PA_medsam3_crop_cv_5fold_holdout15pct,PA,medsam3_crop,resnet152,u_ignore,2521,750,1743,0.7790950498776585,0.7560723746681085,0.7999410701603523,0.6488366166928244,0.6095313900112621,0.6860970593910457,0.29750099166997224,336
20260918_112744_resnet152_PA_medsam3_crop_cv_5fold_holdout15pct,PA,medsam3_crop,resnet152,u_zero,2857,750,1743,0.7258642619838633,0.7025141236807476,0.7486125568104387,0.495783605936393,0.44854630311489696,0.5447778210189504,0.2625131256562828,336
20260918_112744_resnet152_PA_medsam3_crop_cv_5fold_holdout15pct,PA,medsam3_crop,resnet152,u_one,2857,1086,1743,0.7964510067560752,0.7771184724914098,0.813944370511834,0.7323324724167171,0.6989648660642588,0.7619597653422107,0.3801190059502975,336
20260918_133311_densenet_PA_medsam3_crop_cv_5fold_holdout15pct,PA,medsam3_crop,densenet,u_ignore,2521,750,1743,0.7889840015057407,0.7669664036875369,0.8097287354769707,0.6594534613879597,0.6204102712210372,0.698780077425527,0.29750099166997224,336
20260918_133311_densenet_PA_medsam3_crop_cv_5fold_holdout15pct,PA,medsam3_crop,densenet,u_zero,2857,750,1743,0.7390811580446132,0.7168030034115551,0.7615561680066141,0.5193273175563983,0.4764147094391885,0.5660976707097886,0.2625131256562828,336
20260918_133311_densenet_PA_medsam3_crop_cv_5fold_holdout15pct,PA,medsam3_crop,densenet,u_one,2857,1086,1743,0.7991401264281399,0.7797241861025367,0.8177582923240652,0.7328615749061627,0.7016499880224819,0.7636741727154978,0.3801190059502975,336
20260908_093546_convnextv2_base_PA_medsam3_crop_cv_5fold_holdout15pct,PA,medsam3_crop,convnextv2_base,u_ignore,2521,750,1743,0.8092467532467532,0.7884061593908286,0.829542154707959,0.6956950395567802,0.6599231023484493,0.7316818376703211,0.29750099166997224,336
20260908_093546_convnextv2_base_PA_medsam3_crop_cv_5fold_holdout15pct,PA,medsam3_crop,convnextv2_base,u_zero,2857,750,1743,0.7596614459737383,0.7369101188900355,0.7818830308573179,0.5522528386393771,0.5076574001052382,0.5988880639448795,0.2625131256562828,336
20260908_093546_convnextv2_base_PA_medsam3_crop_cv_5fold_holdout15pct,PA,medsam3_crop,convnextv2_base,u_one,2857,1086,1743,0.8165024182319403,0.7982709986273865,0.8340571441095,0.7580026169865055,0.7275803113012824,0.7861718174394277,0.3801190059502975,336
20260908_120636_swint_base_PA_medsam3_crop_cv_5fold_holdout15pct,PA,medsam3_crop,swint_base,u_ignore,2521,750,1743,0.8024573687182383,0.7811894338646582,0.8223625667134735,0.6793439249225895,0.642780074601675,0.7163886506023618,0.29750099166997224,336
20260908_120636_swint_base_PA_medsam3_crop_cv_5fold_holdout15pct,PA,medsam3_crop,swint_base,u_zero,2857,750,1743,0.7513652903021674,0.7290853172788277,0.7738887711644039,0.526352920465291,0.479503843443855,0.5763672977936729,0.2625131256562828,336
20260908_120636_swint_base_PA_medsam3_crop_cv_5fold_holdout15pct,PA,medsam3_crop,swint_base,u_one,2857,1086,1743,0.8109037251482604,0.7929400024730059,0.8292841632472273,0.7479877028443436,0.716364737687311,0.7772456572722514,0.3801190059502975,336
20260908_155706_dinov3_base_PA_medsam3_crop_cv_5fold_holdout15pct,PA,medsam3_crop,dinov3_base,u_ignore,2521,750,1743,0.811930735930736,0.7903844591846516,0.832268349890637,0.698501622836621,0.6620900789033485,0.7340957172401489,0.29750099166997224,336
20260908_155706_dinov3_base_PA_medsam3_crop_cv_5fold_holdout15pct,PA,medsam3_crop,dinov3_base,u_zero,2857,750,1743,0.7608441702262301,0.7374895346014625,0.7838502235443373,0.5502160273974954,0.5044009812630426,0.594737235386065,0.2625131256562828,336
20260908_155706_dinov3_base_PA_medsam3_crop_cv_5fold_holdout15pct,PA,medsam3_crop,dinov3_base,u_one,2857,1086,1743,0.8203873954534536,0.8021448448121316,0.8375720305502039,0.7627506144000241,0.7334377510611526,0.7897790944981803,0.3801190059502975,336
20260908_172509_eva_x_base_PA_medsam3_crop_cv_5fold_holdout15pct,PA,medsam3_crop,eva_x_base,u_ignore,2521,750,1743,0.8233427442123095,0.8029881552417363,0.843431913852431,0.722636420700927,0.689531102400312,0.7562207385984123,0.29750099166997224,336
20260908_172509_eva_x_base_PA_medsam3_crop_cv_5fold_holdout15pct,PA,medsam3_crop,eva_x_base,u_zero,2857,750,1743,0.7712868217054264,0.7485954268652365,0.7937927092235186,0.5709806134267944,0.5233846252949973,0.6187940737239104,0.2625131256562828,336
20260908_172509_eva_x_base_PA_medsam3_crop_cv_5fold_holdout15pct,PA,medsam3_crop,eva_x_base,u_one,2857,1086,1743,0.8333016171113697,0.8158105853123243,0.8499269688072165,0.7830130455226901,0.7560422929191473,0.808453864233267,0.3801190059502975,336
20260916_151509_rad_dino_PA_medsam3_crop_cv_5fold_holdout15pct,PA,medsam3_crop,rad_dino,u_ignore,2521,750,1743,0.8158434029738377,0.7943746528478067,0.8360941907658738,0.7114933235387828,0.6770206630856747,0.7459455356892293,0.29750099166997224,336
20260916_151509_rad_dino_PA_medsam3_crop_cv_5fold_holdout15pct,PA,medsam3_crop,rad_dino,u_zero,2857,750,1743,0.7655870906502136,0.7420933324676915,0.7878803946515818,0.5649662718229407,0.5156966589939569,0.6132321818431903,0.2625131256562828,336
20260916_151509_rad_dino_PA_medsam3_crop_cv_5fold_holdout15pct,PA,medsam3_crop,rad_dino,u_one,2857,1086,1743,0.8259528125009749,0.8081418480314104,0.8421706140227666,0.7718161772548503,0.7451205159715356,0.7975241156558972,0.3801190059502975,336
20260918_144611_resnet152_PA_chexmask_seg_cv_5fold_holdout15pct,PA,chexmask_seg,resnet152,u_ignore,2521,750,1743,0.7606941464332768,0.7369014801813341,0.7827643804604386,0.6237884906637559,0.5828588756678902,0.6664619004247395,0.29750099166997224,336
20260918_144611_resnet152_PA_chexmask_seg_cv_5fold_holdout15pct,PA,chexmask_seg,resnet152,u_zero,2857,750,1743,0.7134820439803828,0.6889518755229271,0.7376078447781297,0.4875675592972613,0.4445677696797726,0.5360231304753666,0.2625131256562828,336
20260918_144611_resnet152_PA_chexmask_seg_cv_5fold_holdout15pct,PA,chexmask_seg,resnet152,u_one,2857,1086,1743,0.7747784283936098,0.754603416258144,0.7940483806376526,0.7047742283998077,0.6705022948087596,0.7364165574873535,0.3801190059502975,336
20260918_164912_densenet_PA_chexmask_seg_cv_5fold_holdout15pct,PA,chexmask_seg,densenet,u_ignore,2521,750,1743,0.7901517033690947,0.7677846638658579,0.811784501528147,0.6608473931768932,0.6215726476355741,0.6998587071304269,0.29750099166997224,336
20260918_164912_densenet_PA_chexmask_seg_cv_5fold_holdout15pct,PA,chexmask_seg,densenet,u_zero,2857,750,1743,0.7407593735168486,0.7173731469396404,0.7636505900260762,0.5172457466453094,0.4693759643301133,0.5637285924962528,0.2625131256562828,336
20260918_164912_densenet_PA_chexmask_seg_cv_5fold_holdout15pct,PA,chexmask_seg,densenet,u_one,2857,1086,1743,0.797574072976427,0.7772512101031539,0.8168770309522423,0.7322603549289903,0.6990629745786247,0.7619098709900265,0.3801190059502975,336
20260909_011100_convnextv2_base_PA_chexmask_seg_cv_5fold_holdout15pct,PA,chexmask_seg,convnextv2_base,u_ignore,2521,750,1743,0.7995994729907774,0.7779808540009004,0.8211645126362714,0.6726616983918436,0.6342247060219602,0.7129617523485376,0.29750099166997224,336
20260909_011100_convnextv2_base_PA_chexmask_seg_cv_5fold_holdout15pct,PA,chexmask_seg,convnextv2_base,u_zero,2857,750,1743,0.7488093656067077,0.7260758429566526,0.7718892748820674,0.5244298273097106,0.47995832512216197,0.5718019967964043,0.2625131256562828,336
20260909_011100_convnextv2_base_PA_chexmask_seg_cv_5fold_holdout15pct,PA,chexmask_seg,convnextv2_base,u_one,2857,1086,1743,0.8084990115977385,0.7894761250171286,0.8277880774490933,0.7433324622053594,0.7115996134101814,0.7742392028813367,0.3801190059502975,336
20260909_033321_swint_base_PA_chexmask_seg_cv_5fold_holdout15pct,PA,chexmask_seg,swint_base,u_ignore,2521,750,1743,0.7880624882364012,0.7654996327464477,0.8095289240805994,0.6587226331961384,0.6214640063830795,0.6965798328306482,0.29750099166997224,336
20260909_033321_swint_base_PA_chexmask_seg_cv_5fold_holdout15pct,PA,chexmask_seg,swint_base,u_zero,2857,750,1743,0.7368150609080841,0.7128170208904997,0.7599012709486416,0.5047297579067177,0.4622865194796551,0.5514219180935215,0.2625131256562828,336
20260909_033321_swint_base_PA_chexmask_seg_cv_5fold_holdout15pct,PA,chexmask_seg,swint_base,u_one,2857,1086,1743,0.8009058360968041,0.7817287228612072,0.8200378925036993,0.7344115475460389,0.7044953542078064,0.7643363436067369,0.3801190059502975,336
20260909_072955_dinov3_base_PA_chexmask_seg_cv_5fold_holdout15pct,PA,chexmask_seg,dinov3_base,u_ignore,2521,750,1743,0.7910483719179371,0.7689731083798124,0.8125958032615367,0.6781106156888753,0.6417483269385688,0.7140353215371605,0.29750099166997224,336
20260909_072955_dinov3_base_PA_chexmask_seg_cv_5fold_holdout15pct,PA,chexmask_seg,dinov3_base,u_zero,2857,750,1743,0.7431798766018035,0.7192646746366924,0.766429947320516,0.5319883310252366,0.48766333522915567,0.5782491524192959,0.2625131256562828,336
20260909_072955_dinov3_base_PA_chexmask_seg_cv_5fold_holdout15pct,PA,chexmask_seg,dinov3_base,u_one,2857,1086,1743,0.8022519557470315,0.7835418617664685,0.8206475556460819,0.7444941854229665,0.7144623137143776,0.7725530812840247,0.3801190059502975,336
20260909_084516_eva_x_base_PA_chexmask_seg_cv_5fold_holdout15pct,PA,chexmask_seg,eva_x_base,u_ignore,2521,750,1743,0.8006421983813288,0.7791937978821343,0.8214901351666711,0.6891747646910105,0.6521737572728801,0.725041727821582,0.29750099166997224,336
20260909_084516_eva_x_base_PA_chexmask_seg_cv_5fold_holdout15pct,PA,chexmask_seg,eva_x_base,u_zero,2857,750,1743,0.7511532985287138,0.7269154728127548,0.7734709721712123,0.5446798534759241,0.4976324249782556,0.5920240014918698,0.2625131256562828,336
20260909_084516_eva_x_base_PA_chexmask_seg_cv_5fold_holdout15pct,PA,chexmask_seg,eva_x_base,u_one,2857,1086,1743,0.8133089586368472,0.795094704639584,0.8309812697589243,0.7551498612479633,0.7263766094020272,0.7826339089496396,0.3801190059502975,336
20260916_180556_rad_dino_PA_chexmask_seg_cv_5fold_holdout15pct,PA,chexmask_seg,rad_dino,u_ignore,2521,750,1743,0.8015140222096744,0.7786482648909627,0.8230599956072033,0.6898532152291402,0.6539472822737832,0.7262997279258467,0.29750099166997224,336
20260916_180556_rad_dino_PA_chexmask_seg_cv_5fold_holdout15pct,PA,chexmask_seg,rad_dino,u_zero,2857,750,1743,0.7522879291251384,0.7274236292289796,0.7760340232601275,0.5450460477963658,0.4989815044583245,0.593278780868287,0.2625131256562828,336
20260916_180556_rad_dino_PA_chexmask_seg_cv_5fold_holdout15pct,PA,chexmask_seg,rad_dino,u_one,2857,1086,1743,0.8132964801232877,0.7943771016590436,0.830912622723342,0.754741945461118,0.726590932481713,0.781659453613305,0.3801190059502975,336
20260918_180651_resnet152_PA_chexmask_crop_cv_5fold_holdout15pct,PA,chexmask_crop,resnet152,u_ignore,2521,750,1743,0.7826967814793901,0.760995347265997,0.803317326398817,0.6468231246865545,0.6064489662481365,0.6846511920260165,0.29750099166997224,336
20260918_180651_resnet152_PA_chexmask_crop_cv_5fold_holdout15pct,PA,chexmask_crop,resnet152,u_zero,2857,750,1743,0.7301325739598165,0.7072793830449265,0.7530625334803293,0.48930793869880435,0.44452952984565386,0.539599128441947,0.2625131256562828,336
20260918_180651_resnet152_PA_chexmask_crop_cv_5fold_holdout15pct,PA,chexmask_crop,resnet152,u_one,2857,1086,1743,0.7973063048729635,0.7775583859195038,0.8155047398890072,0.7294436439534963,0.6949919900755983,0.759236051535109,0.3801190059502975,336
20260918_200652_densenet_PA_chexmask_crop_cv_5fold_holdout15pct,PA,chexmask_crop,densenet,u_ignore,2521,750,1743,0.7873525315264446,0.7657787279977896,0.8080627751953751,0.6567350701970502,0.6171494881417058,0.6949745672906192,0.29750099166997224,336
20260918_200652_densenet_PA_chexmask_crop_cv_5fold_holdout15pct,PA,chexmask_crop,densenet,u_zero,2857,750,1743,0.7369966777408637,0.7143459894263922,0.7596289696370989,0.513116827798472,0.4693880975608829,0.5595623001230213,0.2625131256562828,336
20260918_200652_densenet_PA_chexmask_crop_cv_5fold_holdout15pct,PA,chexmask_crop,densenet,u_one,2857,1086,1743,0.7986035503450829,0.7784375130603554,0.8173325131231205,0.7316388900045538,0.6993640427997723,0.7618904245816638,0.3801190059502975,336
20260913_080912_convnextv2_base_PA_chexmask_crop_cv_5fold_holdout15pct,PA,chexmask_crop,convnextv2_base,u_ignore,2521,750,1743,0.8053717297195558,0.7839843859230277,0.8259854763802316,0.6851939870486371,0.6480940117728569,0.7240977627377516,0.29750099166997224,336
20260913_080912_convnextv2_base_PA_chexmask_crop_cv_5fold_holdout15pct,PA,chexmask_crop,convnextv2_base,u_zero,2857,750,1743,0.7541547223540579,0.7312515645833215,0.7765413763658857,0.538718357009525,0.4946596110780348,0.5841285028901795,0.2625131256562828,336
20260913_080912_convnextv2_base_PA_chexmask_crop_cv_5fold_holdout15pct,PA,chexmask_crop,convnextv2_base,u_one,2857,1086,1743,0.8161098649928821,0.7978853902152709,0.833457052337657,0.7533991728205218,0.7224411723232428,0.7831500171884799,0.3801190059502975,336
20260914_212018_swint_base_PA_chexmask_crop_cv_5fold_holdout15pct,PA,chexmask_crop,swint_base,u_ignore,2521,750,1743,0.7942706568793525,0.7726289400573485,0.8146510407704053,0.6648181989476751,0.6272459033051411,0.7012824573488874,0.29750099166997224,336
20260914_212018_swint_base_PA_chexmask_crop_cv_5fold_holdout15pct,PA,chexmask_crop,swint_base,u_zero,2857,750,1743,0.7429672520170859,0.7203206958813264,0.7658893418054417,0.5177621151057907,0.473018584678292,0.5649258949862368,0.2625131256562828,336
20260914_212018_swint_base_PA_chexmask_crop_cv_5fold_holdout15pct,PA,chexmask_crop,swint_base,u_one,2857,1086,1743,0.8056793874713644,0.7869233682072917,0.8222519814754208,0.7385505508228863,0.7086045017905458,0.7660769058878969,0.3801190059502975,336
20260913_103307_dinov3_base_PA_chexmask_crop_cv_5fold_holdout15pct,PA,chexmask_crop,dinov3_base,u_ignore,2521,750,1743,0.8081949934123848,0.7868987729914887,0.8283903351922677,0.6900241400819132,0.6536254707639869,0.7263316625240617,0.29750099166997224,336
20260913_103307_dinov3_base_PA_chexmask_crop_cv_5fold_holdout15pct,PA,chexmask_crop,dinov3_base,u_zero,2857,750,1743,0.7567093814269894,0.7347320769552584,0.7792188772258056,0.5409371265501983,0.4959553596400237,0.5873195679494566,0.2625131256562828,336
20260913_103307_dinov3_base_PA_chexmask_crop_cv_5fold_holdout15pct,PA,chexmask_crop,dinov3_base,u_one,2857,1086,1743,0.8191062680613486,0.8014051888784757,0.8361293437072955,0.7574971375562914,0.7288287118541223,0.7856800374330453,0.3801190059502975,336
20260913_113626_eva_x_base_PA_chexmask_crop_cv_5fold_holdout15pct,PA,chexmask_crop,eva_x_base,u_ignore,2521,750,1743,0.8238042537172972,0.8035172904350544,0.8438129254448405,0.722803010861197,0.688964046055424,0.7550137112414018,0.29750099166997224,336
20260913_113626_eva_x_base_PA_chexmask_crop_cv_5fold_holdout15pct,PA,chexmask_crop,eva_x_base,u_zero,2857,750,1743,0.7728732795443759,0.7506278234734576,0.7952595228947698,0.5808731317460043,0.5351030740769527,0.6271927425541677,0.2625131256562828,336
20260913_113626_eva_x_base_PA_chexmask_crop_cv_5fold_holdout15pct,PA,chexmask_crop,eva_x_base,u_one,2857,1086,1743,0.8334591583450579,0.8169177532825773,0.8497164986765398,0.7813912035759505,0.7550307826789773,0.806860390160498,0.3801190059502975,336
20260916_211411_rad_dino_PA_chexmask_crop_cv_5fold_holdout15pct,PA,chexmask_crop,rad_dino,u_ignore,2521,750,1743,0.8169433465085639,0.7952538642991654,0.8371607671454104,0.7130821247356445,0.6790676899436481,0.7473854212132455,0.29750099166997224,336
20260916_211411_rad_dino_PA_chexmask_crop_cv_5fold_holdout15pct,PA,chexmask_crop,rad_dino,u_zero,2857,750,1743,0.7659237462426831,0.74233580416975,0.7884713092593861,0.5661018780357712,0.5178792663951323,0.6149877651392623,0.2625131256562828,336
20260916_211411_rad_dino_PA_chexmask_crop_cv_5fold_holdout15pct,PA,chexmask_crop,rad_dino,u_one,2857,1086,1743,0.8284048404154097,0.8102165853041035,0.8448539531836206,0.7744285756834234,0.747626984951434,0.800073525341366,0.3801190059502975,336
