view,model,mode,policy,delta_auroc,delta_auroc_lo,delta_auroc_hi,delta_auprc,delta_auprc_lo,delta_auprc_hi,n_images_paired,n_subjects_paired
AP,convnextv2_base,medsam3_seg,u_ignore,-0.005417617811688924,-0.011614605411733325,0.0005155644407012749,-0.007067496145780394,-0.013711138779559479,-0.0001418332075147143,3280,1763
AP,convnextv2_base,medsam3_seg,u_zero,-0.0021118212849493556,-0.0079625346484302,0.003706574400944143,-0.0023720251874224108,-0.011080552669608161,0.005360957330176928,4489,1763
AP,convnextv2_base,medsam3_seg,u_one,-0.007757139619650744,-0.013061309223595819,-0.002550244674992061,-0.00604647489857002,-0.010358991737445996,-0.0018128404606980626,4489,1763
AP,convnextv2_base,medsam3_crop,u_ignore,0.0042341774885006345,0.0004470771251265771,0.007942483477233739,0.0040718869300274685,-0.0005949307534606845,0.008905136749943384,3280,1763
AP,convnextv2_base,medsam3_crop,u_zero,0.003761790386081376,0.00020234015220022277,0.007118687734093204,0.004955025038957506,-0.0005988451670054448,0.010267904289328248,4489,1763
AP,convnextv2_base,medsam3_crop,u_one,0.004238341396015088,0.0009873630635477359,0.007593386822647535,0.0022787657785680038,-0.0007780236053343215,0.005388671817572287,4489,1763
AP,convnextv2_base,chexmask_seg,u_ignore,-0.00712670070686261,-0.013584444313075195,-0.0007879024470142307,-0.007690849271456135,-0.015344024456001156,-8.612158917455858e-05,3280,1763
AP,convnextv2_base,chexmask_seg,u_zero,-0.0027989460028694513,-0.008885893946235495,0.003241583364792019,-0.005934080876764725,-0.015443986096883246,0.0038597035062964496,4489,1763
AP,convnextv2_base,chexmask_seg,u_one,-0.010022329049413803,-0.01566589149145553,-0.004535948206406351,-0.006545311094613981,-0.011231804515923944,-0.0018207074105310072,4489,1763
AP,convnextv2_base,chexmask_crop,u_ignore,-0.0016104318458988187,-0.005468700754334546,0.002381090009307887,-0.00015571473767439503,-0.005574533383225605,0.005371389850347567,3280,1763
AP,convnextv2_base,chexmask_crop,u_zero,-0.001515805825512917,-0.005242940504739224,0.0022433275827839854,-0.0028954468958038992,-0.009345593890344275,0.0036630359064572142,4489,1763
AP,convnextv2_base,chexmask_crop,u_one,-0.0012816730876926696,-0.004741511493452533,0.0021093835552256465,1.3160170280523964e-05,-0.0033352936038912985,0.003391021787209683,4489,1763
AP,densenet,medsam3_seg,u_ignore,-0.005992027506146136,-0.01364429416145269,0.0015526030772148604,-0.006077370952417449,-0.01431655136636156,0.002289565704188465,3280,1763
AP,densenet,medsam3_seg,u_zero,-0.0029685527370395537,-0.010438451377927893,0.00486095003875541,0.0023583062038604052,-0.007571619573585289,0.011902782073665595,4489,1763
AP,densenet,medsam3_seg,u_one,-0.006111685760936902,-0.01267737487727139,0.0003325343978873102,-0.0046551657700182325,-0.00994679198795552,0.0002665938246067155,4489,1763
AP,densenet,medsam3_crop,u_ignore,-0.0005539349483812961,-0.005855307974495766,0.004374094029428121,-0.00010966103164022911,-0.006445656886308984,0.006013698516085661,3280,1763
AP,densenet,medsam3_crop,u_zero,-0.001032861522189954,-0.006066621885196069,0.003707411029927234,0.0012810446213970539,-0.005105307186775765,0.0076593941372758954,4489,1763
AP,densenet,medsam3_crop,u_one,0.0016492520338172723,-0.0031685667288813336,0.006335851316269871,0.0005703195052313426,-0.003528833475248766,0.004480392036260396,4489,1763
AP,densenet,chexmask_seg,u_ignore,-0.005863222739923013,-0.013210699030325573,0.001282903459726952,-0.0006394327767130781,-0.008606119298401552,0.006998202789062297,3280,1763
AP,densenet,chexmask_seg,u_zero,-0.001617461143749499,-0.008961017915157318,0.006071866675135381,0.0033966094904669397,-0.006088958117069604,0.013152425672262207,4489,1763
AP,densenet,chexmask_seg,u_one,-0.007316340297920387,-0.014032234710882227,-0.000727828871793451,-0.002026561845635877,-0.00702606930589286,0.002914442539735889,4489,1763
AP,densenet,chexmask_crop,u_ignore,-0.0006641263090807481,-0.006343621508033528,0.004567990684956415,-2.356465852126899e-05,-0.006541519204081195,0.006412446765838955,3280,1763
AP,densenet,chexmask_crop,u_zero,-0.0012000763665193093,-0.00617052817723141,0.004149657674325508,5.427025290072329e-05,-0.006431839463895616,0.006553513853613734,4489,1763
AP,densenet,chexmask_crop,u_one,0.0014057468077393054,-0.00381040621862154,0.006155282735110302,0.0008752976568856541,-0.0035109381238943222,0.005084764433234649,4489,1763
AP,dinov3_base,medsam3_seg,u_ignore,-0.0054782975136957734,-0.010750251310675075,-0.00016477267716205637,-0.0043948241113241915,-0.010908311254033059,0.002171034485414189,3280,1763
AP,dinov3_base,medsam3_seg,u_zero,-0.004813787026998306,-0.010096398500613068,0.000713340815369017,-0.0013150034849127579,-0.008897155324980161,0.006796499934367321,4489,1763
AP,dinov3_base,medsam3_seg,u_one,-0.00469559947652709,-0.009417357652664955,-7.777090324676312e-05,-0.002682532863736431,-0.0068836584967793685,0.0015977884428820387,4489,1763
AP,dinov3_base,medsam3_crop,u_ignore,0.003615467888897328,-0.0007757220476059173,0.007825752887332161,-0.0002921868859185883,-0.005850213581400107,0.005193239307166952,3280,1763
AP,dinov3_base,medsam3_crop,u_zero,0.0020959478341873172,-0.002269349733388448,0.006376447505717358,0.0024123962263614684,-0.005336296198550647,0.010312355562023088,4489,1763
AP,dinov3_base,medsam3_crop,u_one,0.003299348106546418,-0.0004901650443397104,0.007024579061957005,7.606210795230162e-05,-0.003318289285860895,0.0034642336723627568,4489,1763
AP,dinov3_base,chexmask_seg,u_ignore,-0.006281652096092882,-0.01154831508667683,-0.0010826342659819154,-0.005829205839683271,-0.011834079561160143,-1.41958846113161e-05,3280,1763
AP,dinov3_base,chexmask_seg,u_zero,-0.004441956879009945,-0.009659522071018566,0.0013153997706992241,-0.002890925319659843,-0.011972056928799348,0.005864995832631383,4489,1763
AP,dinov3_base,chexmask_seg,u_one,-0.006035511249139591,-0.010714320250791156,-0.001352232946261814,-0.003793261690789973,-0.007509155760343264,-0.0001333550680391303,4489,1763
AP,dinov3_base,chexmask_crop,u_ignore,0.0017396088802323906,-0.0025301782665601265,0.006091146780602903,-0.0043605211225388185,-0.010715375601107923,0.0020165467277216626,3280,1763
AP,dinov3_base,chexmask_crop,u_zero,0.00047120229864971996,-0.0038816362770658975,0.004873250086662562,0.00023418520619289396,-0.008166728085725375,0.00947175888704377,4489,1763
AP,dinov3_base,chexmask_crop,u_one,0.0034303851476160663,-0.0004236517981948462,0.007217446962387882,-0.0017557868442302782,-0.005669190879287625,0.0023516876375881896,4489,1763
AP,eva_x_base,medsam3_seg,u_ignore,-0.006440982847374599,-0.011839192703668216,-0.0010780795615592286,-0.007196255237180704,-0.013805623833105874,-0.0003790062276631733,3280,1763
AP,eva_x_base,medsam3_seg,u_zero,-0.00424625680112134,-0.009942460960566907,0.0017328765359768475,-0.001902585632932663,-0.008901812514682538,0.005770949295402379,4489,1763
AP,eva_x_base,medsam3_seg,u_one,-0.007564065718557722,-0.012351542028778454,-0.0029655594078162456,-0.005119551604194528,-0.009494446376066895,-0.0007674013759795847,4489,1763
AP,eva_x_base,medsam3_crop,u_ignore,0.0009306702761782137,-0.0027126741194626073,0.004331559115465531,0.0010066903934075055,-0.004068686440377137,0.0057028581088307845,3280,1763
AP,eva_x_base,medsam3_crop,u_zero,0.0015497271723470263,-0.0020454259551065503,0.004958144243040583,0.005425309378845888,-0.0008954859931085273,0.0112581966846162,4489,1763
AP,eva_x_base,medsam3_crop,u_one,0.0007079376373408941,-0.0026524241540701347,0.0039645311685786375,0.0002899126544122499,-0.0029761029988378458,0.0031783909474766103,4489,1763
AP,eva_x_base,chexmask_seg,u_ignore,-0.005221804785581097,-0.010257745635832491,-5.688910671325515e-05,-0.006682732803489078,-0.012291829844842927,-0.0012256231234003601,3280,1763
AP,eva_x_base,chexmask_seg,u_zero,-0.0036598089010483337,-0.008506532805936736,0.0014862573905218294,-0.0031544205643416756,-0.009393393229035023,0.0032325065277098637,4489,1763
AP,eva_x_base,chexmask_seg,u_one,-0.006927238359542898,-0.011083381376922673,-0.0027872404523500024,-0.00473133116316915,-0.008240079864622643,-0.0014499773291296908,4489,1763
AP,eva_x_base,chexmask_crop,u_ignore,0.00027659520608014354,-0.0031441517029761725,0.0036421866516547084,0.001470964847638534,-0.0031853557068715426,0.005920684522284796,3280,1763
AP,eva_x_base,chexmask_crop,u_zero,0.0002587589918749966,-0.0031333103843187494,0.003579979439678675,0.003150585918727522,-0.00292999972381868,0.008908927248672371,4489,1763
AP,eva_x_base,chexmask_crop,u_one,0.0014276918194482402,-0.0015848606980087276,0.004455288184442228,0.001290916944335918,-0.0016281943781075753,0.004166271202533461,4489,1763
AP,rad_dino,medsam3_seg,u_ignore,-0.008665284807440665,-0.014892194777354964,-0.002462137944555674,-0.011972660741036423,-0.0195373120406114,-0.004185289745945128,3280,1763
AP,rad_dino,medsam3_seg,u_zero,-0.0043791154095546014,-0.010920310190443747,0.002795347432605756,-0.006419235497831521,-0.01662897438448164,0.004258535505330846,4489,1763
AP,rad_dino,medsam3_seg,u_one,-0.010178898267567904,-0.015991652027498814,-0.004631158142149745,-0.008433073448076867,-0.013190323117525863,-0.0037762152693432147,4489,1763
AP,rad_dino,medsam3_crop,u_ignore,0.002141286171430945,-0.001512293537452758,0.005444382874661563,0.00223752096214902,-0.002530674695807886,0.006692342965666632,3280,1763
AP,rad_dino,medsam3_crop,u_zero,0.002291865356606748,-0.0013148254632064564,0.005703642625549544,0.004966908615338106,-0.0013630240004940965,0.010904305660893034,4489,1763
AP,rad_dino,medsam3_crop,u_one,0.0017612981993696541,-0.001212451393596234,0.004672281885559986,0.0011814633781085382,-0.00166044512683515,0.003875575537902141,4489,1763
AP,rad_dino,chexmask_seg,u_ignore,-0.006767089712147456,-0.01256627231527114,-0.001060609977449737,-0.008260808623975602,-0.015133440183808666,-0.001396059492852737,3280,1763
AP,rad_dino,chexmask_seg,u_zero,-0.0032899357538389573,-0.009479835023424279,0.0035354457239209656,-0.004182639334202154,-0.013691599272449177,0.005437056541293628,4489,1763
AP,rad_dino,chexmask_seg,u_one,-0.008932041784990297,-0.014372456294929581,-0.003985903842781451,-0.006368125463173668,-0.010727464061130792,-0.0021536271634393796,4489,1763
AP,rad_dino,chexmask_crop,u_ignore,-0.001246353633857944,-0.004412256867289086,0.001907751849300132,-0.0028441887462510307,-0.0070967435113705405,0.0013498871051608663,3280,1763
AP,rad_dino,chexmask_crop,u_zero,-0.00012590038344173493,-0.0032098649658360095,0.002985946774861625,0.001683485596979839,-0.004111984496400068,0.006865394969228748,4489,1763
AP,rad_dino,chexmask_crop,u_one,-0.001565481171812988,-0.004464008910832254,0.0013045742488107584,-0.0021273245400010854,-0.0047177725651194324,0.00033595502403976896,4489,1763
AP,resnet152,medsam3_seg,u_ignore,-0.0033545079434569303,-0.011549124731807775,0.0045432037002023674,-0.004508411716075078,-0.013816903522259352,0.0045923951872340225,3280,1763
AP,resnet152,medsam3_seg,u_zero,-0.001632356094122156,-0.009248178986136224,0.00583431183431877,-0.0011766298128727537,-0.011099573789550421,0.008860363637564449,4489,1763
AP,resnet152,medsam3_seg,u_one,-0.0053052065806338256,-0.012355567033545307,0.001583751010271553,-0.0037238616299029026,-0.009925864301000106,0.001964925766503664,4489,1763
AP,resnet152,medsam3_crop,u_ignore,0.0033574860883407442,-0.001949577945247502,0.008769355106306439,5.994227925942841e-05,-0.008256299941544837,0.007874068992885218,3280,1763
AP,resnet152,medsam3_crop,u_zero,0.00319643460551422,-0.0019686428429315393,0.00847002125082928,-0.0007793818516705908,-0.008368763508474776,0.0072871501525897464,4489,1763
AP,resnet152,medsam3_crop,u_one,0.0019172343883396836,-0.003048501413415275,0.006769153588867628,-0.00044048366062587885,-0.005681956460762821,0.004372474046863725,4489,1763
AP,resnet152,chexmask_seg,u_ignore,-5.397887601832352e-05,-0.007850466672227862,0.008121560946768,-0.0013537393024610767,-0.011217890808506891,0.008720356258423474,3280,1763
AP,resnet152,chexmask_seg,u_zero,0.0012309534899194174,-0.006131757860676648,0.008934855161341347,0.001999552456688314,-0.008401126899419057,0.012304640671173057,4489,1763
AP,resnet152,chexmask_seg,u_one,-0.002999714292828415,-0.009439837473043985,0.004126872241472691,-0.0021609904148166548,-0.008161150413611932,0.004072480601702176,4489,1763
AP,resnet152,chexmask_crop,u_ignore,0.004884157609383544,-0.00018807575480621892,0.010009861868168919,0.0026428285003008423,-0.004782930477513522,0.009952229016555183,3280,1763
AP,resnet152,chexmask_crop,u_zero,0.005345873794324385,0.0003375783009055056,0.010399435306706591,0.005628305339142825,-0.001836272295605787,0.01342159586204874,4489,1763
AP,resnet152,chexmask_crop,u_one,0.0024291439883961097,-0.002227123491069663,0.006892972384492032,0.00036367274699700136,-0.0044335453762056306,0.0049947078465513535,4489,1763
AP,swint_base,medsam3_seg,u_ignore,-0.0043492083346362564,-0.010661453132627252,0.0019572286923713266,-0.006498101066536033,-0.015151205178936544,0.0025594555758358113,3280,1763
AP,swint_base,medsam3_seg,u_zero,-0.0035447807441560952,-0.00991464833923483,0.0028253198091147927,0.0014580783430780953,-0.010067427109827911,0.012460824518576314,4489,1763
AP,swint_base,medsam3_seg,u_one,-0.0051032702709660205,-0.010934574304578453,0.0005539406539799634,-0.004466696823113847,-0.009617059064002878,0.0010525249965387241,4489,1763
AP,swint_base,medsam3_crop,u_ignore,0.001349844168568981,-0.004647303457464955,0.007738645545119553,0.005367964870635844,-0.0030332291640365605,0.013973393625443026,3280,1763
AP,swint_base,medsam3_crop,u_zero,-0.001911337427378923,-0.007824026390181715,0.0043022111166097134,0.005925548245184209,-0.005852081055463925,0.017753567508984408,4489,1763
AP,swint_base,medsam3_crop,u_one,0.004296791090662833,-0.0009885401907849978,0.010075366005039598,0.004839740566836448,-0.0003728676665418983,0.010404133530651066,4489,1763
AP,swint_base,chexmask_seg,u_ignore,-0.0011108480416464062,-0.007429652897445649,0.005575351876712287,-0.0014760905433595095,-0.009851879941126082,0.00679803610196195,3280,1763
AP,swint_base,chexmask_seg,u_zero,-0.0010313394104730644,-0.007570338944527336,0.005839789305053999,0.0008786666895405082,-0.01044692236965352,0.011936478984844314,4489,1763
AP,swint_base,chexmask_seg,u_one,-0.0032459626453699153,-0.009108265587089607,0.002667588383618941,-0.00142415375796201,-0.006550737643179733,0.0035741750477350648,4489,1763
AP,swint_base,chexmask_crop,u_ignore,0.0029022021892343153,-0.0029875804929076545,0.008998018981697017,0.006743754297280691,-0.0003353751159448581,0.013972820668613639,3280,1763
AP,swint_base,chexmask_crop,u_zero,0.0014616621372970373,-0.004377203484119363,0.007174376764351157,0.003468711830484028,-0.00595359669148645,0.01253959222393817,4489,1763
AP,swint_base,chexmask_crop,u_one,0.0036551105079046797,-0.0016383983135317497,0.009302917112680165,0.0047661082483558825,0.00038262966740790493,0.00916592281814875,4489,1763
PA,convnextv2_base,medsam3_seg,u_ignore,-0.010571052136269521,-0.021211868982996613,0.0007403023527209387,-0.013968852237384977,-0.029706906434605933,0.0026191576245609112,2521,1743
PA,convnextv2_base,medsam3_seg,u_zero,-0.010125929441544002,-0.020390413134487903,0.0008909543003427814,-0.012373946091213672,-0.029147710992526683,0.0057184216933128815,2857,1743
PA,convnextv2_base,medsam3_seg,u_one,-0.010205864277447296,-0.01944539875526918,-0.0008408216898411711,-0.010549914617036471,-0.022900223688340188,0.002497470545550087,2857,1743
PA,convnextv2_base,medsam3_crop,u_ignore,-0.0016645962732919628,-0.008363664811115973,0.004804060696728232,0.0008539745141021848,-0.008463113511825607,0.010063884751486587,2521,1743
PA,convnextv2_base,medsam3_crop,u_zero,-0.0015472235405790125,-0.007925582093585477,0.0048107238097504995,0.0005817438150023113,-0.010118979268262598,0.011128823693745273,2857,1743
PA,convnextv2_base,medsam3_crop,u_one,-0.0028664185522220276,-0.00848045900802136,0.002628859356098383,0.0002108151735329411,-0.0074351138380728795,0.007461707106993956,2857,1743
PA,convnextv2_base,chexmask_seg,u_ignore,-0.011311876529267795,-0.021790081815503494,-0.000497613044240051,-0.02217936665083442,-0.038633426593639233,-0.004310040586792664,2521,1743
PA,convnextv2_base,chexmask_seg,u_zero,-0.012399303907609571,-0.02283872924391283,-0.001625828457986044,-0.02724126751466427,-0.04252207391825242,-0.010075434344546686,2857,1743
PA,convnextv2_base,chexmask_seg,u_one,-0.010869825186423765,-0.019989728340742963,-0.0014734762429802531,-0.014459339607613142,-0.027630248615317023,-0.000570079124513563,2857,1743
PA,convnextv2_base,chexmask_crop,u_ignore,-0.005539619800489337,-0.011703292612127394,0.00040610804044556174,-0.009647077994040965,-0.020401141133496066,0.0012973045103412595,2521,1743
PA,convnextv2_base,chexmask_crop,u_zero,-0.007053947160259422,-0.012910112707354158,-0.0012960538219133268,-0.012952737814849846,-0.024843979148455174,-0.00019654437120496054,2857,1743
PA,convnextv2_base,chexmask_crop,u_one,-0.0032589717912802074,-0.008770652123180265,0.0019374198021337786,-0.004392628992450742,-0.0128768141912117,0.004333269612021791,2857,1743
PA,densenet,medsam3_seg,u_ignore,-0.006067381893468893,-0.019279553114416557,0.007285488428995673,-0.004449821105989127,-0.022126430938126142,0.013418557195799147,2521,1743
PA,densenet,medsam3_seg,u_zero,-0.003543110267362759,-0.016986742658654286,0.009161220866907812,0.0035573642611371747,-0.018396861894807968,0.026380695325427934,2857,1743
PA,densenet,medsam3_seg,u_one,-0.009097356322914751,-0.02024280243043297,0.0018877916014167911,-0.006942942963758636,-0.02039892300738992,0.006782407997019325,2857,1743
PA,densenet,medsam3_crop,u_ignore,-0.005026162243553567,-0.013374754245928669,0.003079643989254094,-0.003642268022277184,-0.01737031974666878,0.010304292254456927,2521,1743
PA,densenet,medsam3_crop,u_zero,-0.0035089384591046047,-0.011657313554185006,0.004170808738709389,0.00830995890596331,-0.006840809201609027,0.022585940629444506,2857,1743
PA,densenet,medsam3_crop,u_one,-0.00513022888713488,-0.012324581470444393,0.0018183888619820695,-0.004191893274391401,-0.01478076484743154,0.006856584805539539,2857,1743
PA,densenet,chexmask_seg,u_ignore,-0.0038584603801995465,-0.01604743297008897,0.008461702842602338,-0.0022483362333436396,-0.018048819974569596,0.015156242839492464,2521,1743
PA,densenet,chexmask_seg,u_zero,-0.0018307229868691488,-0.013467587002432672,0.01025506613059377,0.0062283879948744625,-0.013279778044949017,0.027261461265379937,2857,1743
PA,densenet,chexmask_seg,u_one,-0.006696282338847781,-0.016896635114416254,0.004008518151775876,-0.00479311325156373,-0.017544026397716177,0.009042095473298551,2857,1743
PA,densenet,chexmask_crop,u_ignore,-0.006657632222849652,-0.01522486960752141,0.001402574509447156,-0.006360659213186626,-0.019646873664277045,0.005988316943478015,2521,1743
PA,densenet,chexmask_crop,u_zero,-0.005593418762854019,-0.013930718427267294,0.002185570041795543,0.0020994691480370475,-0.01255269690990422,0.015006996086304463,2857,1743
PA,densenet,chexmask_crop,u_one,-0.0056668049701918966,-0.012880549894718754,0.0012182642559178205,-0.005414578176000218,-0.015857115465144397,0.004537617232771945,2857,1743
PA,dinov3_base,medsam3_seg,u_ignore,-0.023163561076604555,-0.034207312867266707,-0.012739857986595025,-0.0280967755997078,-0.04318544276320098,-0.012675787796605578,2521,1743
PA,dinov3_base,medsam3_seg,u_zero,-0.022619838633127665,-0.033555105476967786,-0.012220597930217259,-0.0384619545352789,-0.05646442746702791,-0.018111831965307967,2857,1743
PA,dinov3_base,medsam3_seg,u_one,-0.021693375885064592,-0.030883635500526047,-0.012437939960556593,-0.02018434611357489,-0.03247687213571565,-0.008130927404495666,2857,1743
PA,dinov3_base,medsam3_crop,u_ignore,0.001972520233389785,-0.004258598976676953,0.008549996136956827,0.0021924778829763847,-0.0076169425773567005,0.01193574102409908,2521,1743
PA,dinov3_base,medsam3_crop,u_zero,0.0004904287296314536,-0.005997383378983265,0.0069902449147150715,-0.002339642651644658,-0.01554653150147407,0.008854935531733648,2857,1743
PA,dinov3_base,medsam3_crop,u_one,0.0010663929712693143,-0.004268332924695323,0.006372899363931302,0.004033116337936793,-0.0036656731779573628,0.011861930857862827,2857,1743
PA,dinov3_base,chexmask_seg,u_ignore,-0.018909843779409075,-0.02910247100788093,-0.008766385745487859,-0.01819852926476928,-0.032191887127630214,-0.004034675118714265,2521,1743
PA,dinov3_base,chexmask_seg,u_zero,-0.01717386489479511,-0.027251911951961572,-0.0071732312106150475,-0.020567339023903508,-0.03446169547467221,-0.005585756202107356,2857,1743
PA,dinov3_base,chexmask_seg,u_one,-0.01706904673515286,-0.026371093572127195,-0.008150679130752478,-0.0142233126391208,-0.02565722828374028,-0.003248263297003237,2857,1743
PA,dinov3_base,chexmask_crop,u_ignore,-0.0017632222849613965,-0.009894355843741385,0.005933320206874108,-0.006285004871731448,-0.018498679254670913,0.0066540902734686614,2521,1743
PA,dinov3_base,chexmask_crop,u_zero,-0.0036443600696092204,-0.011319035473214393,0.0038072000928362744,-0.011618543498941758,-0.02690106998805051,0.0037040652564533467,2857,1743
PA,dinov3_base,chexmask_crop,u_one,-0.00021473442083574934,-0.006891052029348826,0.0059906350296060505,-0.001220360505795881,-0.010890536934059914,0.009129835219659196,2857,1743
PA,eva_x_base,medsam3_seg,u_ignore,-0.028647468473555482,-0.03898728786972317,-0.0187761072866188,-0.04290004133503289,-0.058945877176935384,-0.027433387647007725,2521,1743
PA,eva_x_base,medsam3_seg,u_zero,-0.026420503084954916,-0.03693431262240246,-0.01658257424937316,-0.03646468692664717,-0.0536704089299196,-0.02134941480035281,2857,1743
PA,eva_x_base,medsam3_seg,u_one,-0.02681216613477,-0.03594170647427552,-0.01747607194060255,-0.034912756999980976,-0.04714353617944177,-0.022628830364386256,2857,1743
PA,eva_x_base,medsam3_crop,u_ignore,-0.0027886316581968718,-0.008603098215884484,0.003268571139890864,-0.005356302767750565,-0.013641067837339774,0.00256577247934819,2521,1743
PA,eva_x_base,medsam3_crop,u_zero,-0.004276538522385631,-0.00995430377438585,0.001471727918001866,-0.011026531502636439,-0.019899322588421205,-0.0027582867893510277,2857,1743
PA,eva_x_base,medsam3_crop,u_one,-0.0024405892770053006,-0.0074001609847956454,0.002685551689453573,-0.0020446960376439005,-0.008282103040865968,0.004302103899126038,2857,1743
PA,eva_x_base,chexmask_seg,u_ignore,-0.02548917748917756,-0.03507008018339801,-0.015530342035850934,-0.03881795877766714,-0.05308176210018302,-0.02542759709519925,2521,1743
PA,eva_x_base,chexmask_seg,u_zero,-0.024410061699098207,-0.03420517619668959,-0.014590923003482307,-0.03732729145350677,-0.05249088291043649,-0.02312875961019421,2857,1743
PA,eva_x_base,chexmask_seg,u_one,-0.022433247751527885,-0.030839604548109502,-0.013668232469586336,-0.029907880312370683,-0.040975445900314655,-0.01952315315948998,2857,1743
PA,eva_x_base,chexmask_crop,u_ignore,-0.0023271221532091824,-0.008031276962260964,0.0035083487477997922,-0.005189712607480579,-0.013076607142657154,0.0029487618289395865,2521,1743
PA,eva_x_base,chexmask_crop,u_zero,-0.0026900806834361246,-0.008298732704783315,0.0028426443553131774,-0.001134013183426541,-0.01090153082861312,0.0079524340341712,2857,1743
PA,eva_x_base,chexmask_crop,u_one,-0.0022830480433171374,-0.007166833454379293,0.0025175094599804077,-0.0036665379843835444,-0.009808340116766592,0.002886154153438485,2857,1743
PA,rad_dino,medsam3_seg,u_ignore,-0.014351214003387902,-0.024403188394983278,-0.004520899895342176,-0.02117175715657349,-0.03489860183524117,-0.007814731525523559,2521,1743
PA,rad_dino,medsam3_seg,u_zero,-0.011638031956968775,-0.02154192557638217,-0.0020411822377192136,-0.0171001753346548,-0.03538611431200626,0.000127085046800981,2857,1743
PA,rad_dino,medsam3_seg,u_one,-0.017111681656481026,-0.02544799308446128,-0.008684384505067718,-0.020584916744774473,-0.031082564834035153,-0.010301859970312762,2857,1743
PA,rad_dino,medsam3_crop,u_ignore,0.0017526821005081628,-0.0027788935338941083,0.006134669994096616,0.004193247116966559,-0.00248199243958592,0.010778495705565383,2521,1743
PA,rad_dino,medsam3_crop,u_zero,0.0021464958076253815,-0.002375773416070215,0.006450674641400103,0.004297452927216394,-0.005534912537167045,0.01268345360853979,2857,1743
PA,rad_dino,medsam3_crop,u_one,-0.00010294773686558845,-0.003982465678242483,0.0036757620516119863,0.002036766238237675,-0.0030697338674863044,0.007450232728934451,2857,1743
PA,rad_dino,chexmask_seg,u_ignore,-0.012576698663655184,-0.0224218116279594,-0.0029551202325290866,-0.017446861192676022,-0.031037711733735634,-0.004901730986862995,2521,1743
PA,rad_dino,chexmask_seg,u_zero,-0.011152665717449772,-0.021107367496303694,-0.001926108284722749,-0.015622771099358501,-0.03357440354380136,0.0012503790479278236,2857,1743
PA,rad_dino,chexmask_seg,u_one,-0.01275928011455274,-0.020822989274261853,-0.004995183651949269,-0.015037465555494678,-0.025566042572849876,-0.004899858197144765,2857,1743
PA,rad_dino,chexmask_crop,u_ignore,0.0028526256352343626,-0.001746336400858453,0.007331522591032428,0.005782048313828225,-0.0010932286292082564,0.012372071249736839,2521,1743
PA,rad_dino,chexmask_crop,u_zero,0.0024831514000949184,-0.0018559945543744267,0.006760928726798523,0.005433059140046881,-0.0036125894821906006,0.01312905728128372,2857,1743
PA,rad_dino,chexmask_crop,u_one,0.002349080177569296,-0.0015866242974672206,0.0062250336766914455,0.004649164666810757,-0.0008269707217732208,0.010109278811413965,2857,1743
PA,resnet152,medsam3_seg,u_ignore,-0.008543948804818347,-0.021300451762707655,0.004164217587245054,-0.005801642076896152,-0.025842238428455077,0.015502596831262828,2521,1743
PA,resnet152,medsam3_seg,u_zero,-0.006704318936877174,-0.01902414991506608,0.005320499411229233,-0.0022969975483479455,-0.022413088162402946,0.017378825616302513,2857,1743
PA,resnet152,medsam3_seg,u_one,-0.00855168132372075,-0.018900362850016988,0.0021664037992920166,-0.004951332883904369,-0.020762167194787764,0.011661972097559418,2857,1743
PA,resnet152,medsam3_crop,u_ignore,-0.0006034255599473015,-0.009842799374698067,0.007983525921057564,0.009052609300767123,-0.005135877696614413,0.022568853040490763,2521,1743
PA,resnet152,medsam3_crop,u_zero,-0.0021784527764594497,-0.01091139474497411,0.0060383759332186746,0.005402100876913951,-0.008655618158819574,0.0184694320233831,2857,1743
PA,resnet152,medsam3_crop,u_one,0.0029997826658887394,-0.004882648982687918,0.010504684630095365,0.010552830149467618,-0.0007109252227585877,0.02163855875878892,2857,1743
PA,resnet152,chexmask_seg,u_ignore,-0.019004329004329024,-0.03199802808723451,-0.004604134763536205,-0.015995516728301462,-0.035675692294557235,0.0044256884297331186,2521,1743
PA,resnet152,chexmask_seg,u_zero,-0.014560670779939944,-0.02716612236287038,-0.0008539143715820415,-0.0028139457622177177,-0.02415402915833475,0.01751236256970472,2857,1743
PA,resnet152,chexmask_seg,u_one,-0.01867279569657665,-0.02910437187278233,-0.007083833668899611,-0.0170054138674417,-0.03226815835603163,-0.0014870792346789407,2857,1743
PA,resnet152,chexmask_crop,u_ignore,0.0029983060417843044,-0.005785230738276495,0.01192304375423297,0.0070391172944971325,-0.005456432255212357,0.01915209873235733,2521,1743
PA,resnet152,chexmask_crop,u_zero,0.002089859199493671,-0.006685411258269464,0.010573921152387557,-0.0010735663606746826,-0.013943235475218262,0.012313226756845312,2857,1743
PA,resnet152,chexmask_crop,u_one,0.003855080782777076,-0.003008136000992703,0.011185262001688682,0.007664001686246813,-0.0020889536138211096,0.01744820076326947,2857,1743
PA,swint_base,medsam3_seg,u_ignore,-0.007006211180124233,-0.017693462030923937,0.004338952493577376,-0.01322265122101185,-0.028120439446796073,0.0021653043567306136,2521,1743
PA,swint_base,medsam3_seg,u_zero,-0.006819806992564459,-0.0173818735306062,0.004216398376105201,-0.006608242285924271,-0.024185527733525593,0.011586992876862741,2857,1743
PA,swint_base,medsam3_seg,u_one,-0.005427113522237237,-0.014794238522837686,0.004090044275437231,-0.009677739720412304,-0.02168912437435141,0.0023512946636127965,2857,1743
PA,swint_base,medsam3_crop,u_ignore,0.005850555241859512,-0.003748336424975238,0.01581331125133114,0.0007684499375012477,-0.015755435232382688,0.017848147216053007,2521,1743
PA,swint_base,medsam3_crop,u_zero,0.004803037494067408,-0.004663829006648084,0.014815726029644349,-0.00030416381150732974,-0.02115392923165982,0.02136647566604854,2857,1743
PA,swint_base,medsam3_crop,u_one,0.004732996205492057,-0.0031882773720023406,0.013191545631008748,0.0009710714683539567,-0.01160269596424888,0.014196268602084363,2857,1743
PA,swint_base,chexmask_seg,u_ignore,-0.008544325239977502,-0.01981235675047718,0.0029697599398176545,-0.01985284178894986,-0.03578199992464313,-0.002616556993686594,2521,1743
PA,swint_base,chexmask_seg,u_zero,-0.009747191900015828,-0.020249324877900064,0.001223161836369105,-0.021927326370080658,-0.03868615930194742,-0.0035318656851966047,2857,1743
PA,swint_base,chexmask_seg,u_one,-0.005264892845964209,-0.014873706111045036,0.004531921104967165,-0.012605083829950736,-0.025602420056955927,0.0008303124327909405,2857,1743
PA,swint_base,chexmask_crop,u_ignore,-0.00233615659702624,-0.011264066860819313,0.006721798983510405,-0.013757276037413169,-0.02971098732804476,0.0017797418794268764,2521,1743
PA,swint_base,chexmask_crop,u_zero,-0.003595000791014047,-0.012549899126399141,0.005218303370466216,-0.008894969171007627,-0.029554714941399458,0.01216591757078941,2857,1743
PA,swint_base,chexmask_crop,u_one,-0.0004913414714039499,-0.008131707621608891,0.007050431167740181,-0.008466080553103272,-0.020219918061589383,0.003223905947660536,2857,1743
