view,arch,mode,metric,s42,s123,s2026,mean,sd,range
AP,ResNet-152,Raw,AUROC,0.7859555154498712,0.7847329869750833,0.7850844080713683,0.7852576368321076,0.0006294045762284032,0.0012225284747878762
AP,ResNet-152,Raw,AUPRC,0.7721211356628583,0.7666669989486776,0.7704759475648943,0.7697546940588101,0.0027976877576442673,0.005454136714180713
AP,ResNet-152,MedSAM3 mask,AUROC,0.7826010075064143,0.7807083964327781,0.7792256525487709,0.7808450188293211,0.0016918198875618634,0.003375354957643406
AP,ResNet-152,MedSAM3 mask,AUPRC,0.7676127239467831,0.7664625877995904,0.7636777719443193,0.7659176945635643,0.0020232753876879557,0.003934952002463854
AP,ResNet-152,MedSAM3 crop,AUROC,0.7893130015382119,0.7880699983173481,0.7872897243578003,0.7882242414044535,0.0010204194405407188,0.00202327718041162
AP,ResNet-152,MedSAM3 crop,AUPRC,0.7721810779421174,0.7724209171474894,0.771391378723399,0.771997791271002,0.0005386862208429571,0.0010295384240903704
AP,ResNet-152,CheXMask mask,AUROC,0.7859015365738529,0.7837710461776255,0.7833645294009909,0.784345704050823,0.0013626353518859204,0.0025370071728619825
AP,ResNet-152,CheXMask mask,AUPRC,0.7707673963603972,0.7677292175936713,0.7673259661874705,0.7686075267138462,0.0018813374475939815,0.0034414301729266406
AP,ResNet-152,CheXMask crop,AUROC,0.7908396730592546,0.7891503203739358,0.7890434794262304,0.7896778242864736,0.001007607649403361,0.00179619363302419
AP,ResNet-152,CheXMask crop,AUPRC,0.7747639641631591,0.7746085131827022,0.7729577234405334,0.7741100669287982,0.0010009809628764323,0.001806240722625696
AP,EVA-X-Base,Raw,AUROC,0.8128183823014806,0.813351097967565,0.8105307947626343,0.8122334250105601,0.0014983854030543792,0.002820303204930652
AP,EVA-X-Base,Raw,AUPRC,0.8018108531983887,0.8027956237834175,0.798155051384235,0.8009205094553472,0.0024450484726470352,0.004640572399182474
AP,EVA-X-Base,MedSAM3 mask,AUROC,0.8063773994541061,0.8045491907635816,0.805579628893366,0.8055020730370179,0.0009165685665392492,0.0018282086905245798
AP,EVA-X-Base,MedSAM3 mask,AUPRC,0.7946145979612078,0.7936907024924904,0.7928956449449907,0.7937336484662296,0.0008602808468667814,0.0017189530162171618
AP,EVA-X-Base,MedSAM3 crop,AUROC,0.8137490525776587,0.8129285736621801,0.8144969392115957,0.8137248551504781,0.0007844627210773463,0.00156836554941564
AP,EVA-X-Base,MedSAM3 crop,AUPRC,0.8028175435917962,0.8019685007258415,0.8004146143481456,0.8017335528885945,0.001218571951986462,0.002402929243650598
AP,EVA-X-Base,CheXMask mask,AUROC,0.8075965775158995,0.8075038827563923,0.8079528380976206,0.8076844327899707,0.00023702138403733274,0.000448955341228352
AP,EVA-X-Base,CheXMask mask,AUPRC,0.7951281203948997,0.7957139659284023,0.7952574776813834,0.7953665213348952,0.0003077688029343128,0.0005858455335026047
AP,EVA-X-Base,CheXMask crop,AUROC,0.8130949775075608,0.8129468147995933,0.8119450413143149,0.812662277873823,0.0006255471674696669,0.0011499361932458818
AP,EVA-X-Base,CheXMask crop,AUPRC,0.8032818180460273,0.8008430707941452,0.7995335458484143,0.8012194782295289,0.0019022744373272554,0.0037482721976129785
PA,ResNet-152,Raw,AUROC,0.7796984754376058,0.7807483530961793,0.781116506681724,0.7805211117385031,0.0007358207175003725,0.001418031244118212
PA,ResNet-152,Raw,AUPRC,0.6397840073920574,0.6404315017674953,0.6413253574852447,0.6405136222149325,0.0007739495160264217,0.0015413500931872326
PA,ResNet-152,MedSAM3 mask,AUROC,0.7711545266327875,0.7665906267645397,0.7648823640127987,0.7675425058033754,0.003242616422170065,0.006272162619988753
PA,ResNet-152,MedSAM3 mask,AUPRC,0.6339823653151613,0.6224101853704602,0.6234716709051285,0.6266214071969166,0.006396832512970079,0.011572179944701055
PA,ResNet-152,MedSAM3 crop,AUROC,0.7790950498776585,0.7801136834180313,0.778273668360625,0.779160800552105,0.0009217679839651481,0.0018400150574063856
PA,ResNet-152,MedSAM3 crop,AUPRC,0.6488366166928244,0.6483678955702596,0.639503277766918,0.645569263343334,0.005258522666362706,0.009333338925906487
PA,ResNet-152,CheXMask mask,AUROC,0.7606941464332769,0.7728966685488425,0.7710378317334838,0.768209548905201,0.006574555065765757,0.012202522115565606
PA,ResNet-152,CheXMask mask,AUPRC,0.6237884906637559,0.6375623028858608,0.6340250982632382,0.6317919639376183,0.00715329591654422,0.013773812222104942
PA,ResNet-152,CheXMask crop,AUROC,0.7826967814793901,0.7777895727460945,0.7770916619612271,0.7791926720622372,0.003054645146566648,0.005605119518163004
PA,ResNet-152,CheXMask crop,AUPRC,0.6468231246865545,0.6399441199883763,0.6366457581040356,0.6411376675929888,0.005192601905798303,0.010177366582518887
PA,EVA-X-Base,Raw,AUROC,0.8261313758705063,0.8235407491059664,0.8228865047995484,0.8241862099253403,0.0017160308327052634,0.0032448710709579442
PA,EVA-X-Base,Raw,AUPRC,0.7279927234686776,0.7238415386253128,0.7222105589048391,0.7246816069996097,0.0029812150066622217,0.00578216456383851
PA,EVA-X-Base,MedSAM3 mask,AUROC,0.7974839073969509,0.8003011481272351,0.8041038961038961,0.8006296505426941,0.0033221977661997207,0.006619988706945246
PA,EVA-X-Base,MedSAM3 mask,AUPRC,0.6850926821336446,0.689693580884674,0.6934487937579829,0.6894116855921005,0.004185182085236141,0.008356111624338247
PA,EVA-X-Base,MedSAM3 crop,AUROC,0.8233427442123095,0.8267683041596084,0.8227539996235649,0.8242883493318276,0.002167783893419537,0.004014304536043567
PA,EVA-X-Base,MedSAM3 crop,AUPRC,0.722636420700927,0.7249632796622807,0.7176548785775845,0.7217515263135974,0.00373369256383581,0.007308401084696214
PA,EVA-X-Base,CheXMask mask,AUROC,0.8006421983813288,0.8013137587050632,0.8014921889704498,0.8011493820189473,0.00044820282417943805,0.0008499905891210524
PA,EVA-X-Base,CheXMask mask,AUPRC,0.6891747646910105,0.6909862368971822,0.6910947746481184,0.6904185920787703,0.0010785522883712086,0.0019200099571079488
PA,EVA-X-Base,CheXMask crop,AUROC,0.8238042537172972,0.8241611142480707,0.8272569169960474,0.8250740949871385,0.0018987815307557423,0.0034526632787502676
PA,EVA-X-Base,CheXMask crop,AUPRC,0.7228030108611969,0.7249225782430095,0.7254715125230141,0.7243990338757401,0.0014091839156600142,0.002668501661817202
