view,mode,seed,eva_auc,resnet_auc,gap
AP,Raw,42,0.8128183823014806,0.7859555154498712,0.026862866851609435
AP,Raw,123,0.813351097967565,0.7847329869750833,0.028618110992481682
AP,Raw,2026,0.8105307947626343,0.7850844080713683,0.025446386691266087
AP,MedSAM3 mask,42,0.8063773994541061,0.7826010075064143,0.023776391947691877
AP,MedSAM3 mask,123,0.8045491907635816,0.7807083964327781,0.02384079433080344
AP,MedSAM3 mask,2026,0.805579628893366,0.7792256525487709,0.02635397634459513
AP,MedSAM3 crop,42,0.8137490525776587,0.7893130015382119,0.024436051039446793
AP,MedSAM3 crop,123,0.8129285736621801,0.7880699983173481,0.024858575344831935
AP,MedSAM3 crop,2026,0.8144969392115957,0.7872897243578003,0.027207214853795403
AP,CheXMask mask,42,0.8075965775158995,0.7859015365738529,0.02169504094204666
AP,CheXMask mask,123,0.8075038827563923,0.7837710461776255,0.02373283657876679
AP,CheXMask mask,2026,0.8079528380976206,0.7833645294009909,0.024588308696629757
AP,CheXMask crop,42,0.8130949775075608,0.7908396730592546,0.022255304448306146
AP,CheXMask crop,123,0.8129468147995933,0.7891503203739358,0.023796494425657455
AP,CheXMask crop,2026,0.8119450413143149,0.7890434794262304,0.022901561888084454
PA,Raw,42,0.8261313758705063,0.7796984754376058,0.04643290043290049
PA,Raw,123,0.8235407491059664,0.7807483530961793,0.042792396009787126
PA,Raw,2026,0.8228865047995484,0.781116506681724,0.041769998117824336
PA,MedSAM3 mask,42,0.7974839073969509,0.7711545266327875,0.026329380764163357
PA,MedSAM3 mask,123,0.8003011481272351,0.7665906267645397,0.03371052136269537
PA,MedSAM3 mask,2026,0.8041038961038961,0.7648823640127987,0.039221532091097355
PA,MedSAM3 crop,42,0.8233427442123095,0.7790950498776585,0.04424769433465092
PA,MedSAM3 crop,123,0.8267683041596084,0.7801136834180313,0.04665462074157711
PA,MedSAM3 crop,2026,0.8227539996235649,0.778273668360625,0.04448033126293993
PA,CheXMask mask,42,0.8006421983813288,0.7606941464332769,0.039948051948051844
PA,CheXMask mask,123,0.8013137587050632,0.7728966685488425,0.028417090156220626
PA,CheXMask mask,2026,0.8014921889704498,0.7710378317334838,0.03045435723696599
PA,CheXMask crop,42,0.8238042537172972,0.7826967814793901,0.041107472237907006
PA,CheXMask crop,123,0.8241611142480707,0.7777895727460945,0.0463715415019762
PA,CheXMask crop,2026,0.8272569169960474,0.7770916619612271,0.05016525503482028
