run,arch,view,mode,seed,auc,auprc,n_samples,n_pos,n_models,executed_folds,seed_label
20260917_104528_resnet152_AP_raw_cv_5fold_holdout15pct,resnet152,AP,raw,42,0.7859555154498712,0.7721211356628583,3280,1582,5,5,42
20260909_184003_eva_x_base_AP_raw_cv_5fold_holdout15pct,eva_x_base,AP,raw,42,0.8128183823014806,0.8018108531983887,3280,1582,5,5,42
20260917_140723_resnet152_AP_medsam3_seg_cv_5fold_holdout15pct,resnet152,AP,medsam3_seg,42,0.7826010075064143,0.7676127239467831,3280,1582,5,5,42
20260910_151857_eva_x_base_AP_medsam3_seg_cv_5fold_holdout15pct,eva_x_base,AP,medsam3_seg,42,0.8063773994541061,0.7946145979612078,3280,1582,5,5,42
20260917_175129_resnet152_AP_medsam3_crop_cv_5fold_holdout15pct,resnet152,AP,medsam3_crop,42,0.7893130015382119,0.7721810779421174,3280,1582,5,5,42
20260911_103605_eva_x_base_AP_medsam3_crop_cv_5fold_holdout15pct,eva_x_base,AP,medsam3_crop,42,0.8137490525776587,0.8028175435917962,3280,1582,5,5,42
20260917_212010_resnet152_AP_chexmask_seg_cv_5fold_holdout15pct,resnet152,AP,chexmask_seg,42,0.7859015365738529,0.7707673963603972,3280,1582,5,5,42
20260911_234000_eva_x_base_AP_chexmask_seg_cv_5fold_holdout15pct,eva_x_base,AP,chexmask_seg,42,0.8075965775158995,0.7951281203948997,3280,1582,5,5,42
20260918_010544_resnet152_AP_chexmask_crop_cv_5fold_holdout15pct,resnet152,AP,chexmask_crop,42,0.7908396730592546,0.7747639641631591,3280,1582,5,5,42
20260912_120123_eva_x_base_AP_chexmask_crop_cv_5fold_holdout15pct,eva_x_base,AP,chexmask_crop,42,0.8130949775075608,0.8032818180460273,3280,1582,5,5,42
20260918_042254_resnet152_PA_raw_cv_5fold_holdout15pct,resnet152,PA,raw,42,0.7796984754376058,0.6397840073920574,2521,750,5,5,42
20260913_004127_eva_x_base_PA_raw_cv_5fold_holdout15pct,eva_x_base,PA,raw,42,0.8261313758705063,0.7279927234686776,2521,750,5,5,42
20260918_073821_resnet152_PA_medsam3_seg_cv_5fold_holdout15pct,resnet152,PA,medsam3_seg,42,0.7711545266327875,0.6339823653151613,2521,750,5,5,42
20260908_015426_eva_x_base_PA_medsam3_seg_cv_5fold_holdout15pct,eva_x_base,PA,medsam3_seg,42,0.7974839073969509,0.6850926821336446,2521,750,5,5,42
20260918_112744_resnet152_PA_medsam3_crop_cv_5fold_holdout15pct,resnet152,PA,medsam3_crop,42,0.7790950498776585,0.6488366166928244,2521,750,5,5,42
20260908_172509_eva_x_base_PA_medsam3_crop_cv_5fold_holdout15pct,eva_x_base,PA,medsam3_crop,42,0.8233427442123095,0.722636420700927,2521,750,5,5,42
20260918_144611_resnet152_PA_chexmask_seg_cv_5fold_holdout15pct,resnet152,PA,chexmask_seg,42,0.7606941464332769,0.6237884906637559,2521,750,5,5,42
20260909_084516_eva_x_base_PA_chexmask_seg_cv_5fold_holdout15pct,eva_x_base,PA,chexmask_seg,42,0.8006421983813288,0.6891747646910105,2521,750,5,5,42
20260918_180651_resnet152_PA_chexmask_crop_cv_5fold_holdout15pct,resnet152,PA,chexmask_crop,42,0.7826967814793901,0.6468231246865545,2521,750,5,5,42
20260913_113626_eva_x_base_PA_chexmask_crop_cv_5fold_holdout15pct,eva_x_base,PA,chexmask_crop,42,0.8238042537172972,0.7228030108611969,2521,750,5,5,42
20260922_150759_resnet152_AP_raw_cv_5fold_holdout15pct,resnet152,AP,raw,123,0.7847329869750833,0.7666669989486776,3280,1582,5,5,123
20260922_171821_eva_x_base_AP_raw_cv_5fold_holdout15pct,eva_x_base,AP,raw,123,0.813351097967565,0.8027956237834175,3280,1582,5,5,123
20260922_183619_resnet152_AP_medsam3_seg_cv_5fold_holdout15pct,resnet152,AP,medsam3_seg,123,0.7807083964327781,0.7664625877995904,3280,1582,5,5,123
20260922_210838_eva_x_base_AP_medsam3_seg_cv_5fold_holdout15pct,eva_x_base,AP,medsam3_seg,123,0.8045491907635816,0.7936907024924904,3280,1582,5,5,123
20260922_222312_resnet152_AP_medsam3_crop_cv_5fold_holdout15pct,resnet152,AP,medsam3_crop,123,0.7880699983173481,0.7724209171474894,3280,1582,5,5,123
20260923_002131_eva_x_base_AP_medsam3_crop_cv_5fold_holdout15pct,eva_x_base,AP,medsam3_crop,123,0.8129285736621801,0.8019685007258415,3280,1582,5,5,123
20260923_013616_resnet152_AP_chexmask_seg_cv_5fold_holdout15pct,resnet152,AP,chexmask_seg,123,0.7837710461776255,0.7677292175936713,3280,1582,5,5,123
20260923_040713_eva_x_base_AP_chexmask_seg_cv_5fold_holdout15pct,eva_x_base,AP,chexmask_seg,123,0.8075038827563923,0.7957139659284023,3280,1582,5,5,123
20260923_052250_resnet152_AP_chexmask_crop_cv_5fold_holdout15pct,resnet152,AP,chexmask_crop,123,0.7891503203739358,0.7746085131827022,3280,1582,5,5,123
20260923_073000_eva_x_base_AP_chexmask_crop_cv_5fold_holdout15pct,eva_x_base,AP,chexmask_crop,123,0.8129468147995933,0.8008430707941452,3280,1582,5,5,123
20260923_084743_resnet152_PA_raw_cv_5fold_holdout15pct,resnet152,PA,raw,123,0.7807483530961793,0.6404315017674953,2521,750,5,5,123
20260923_124848_eva_x_base_PA_raw_cv_5fold_holdout15pct,eva_x_base,PA,raw,123,0.8235407491059664,0.7238415386253128,2521,750,5,5,123
20260923_135458_resnet152_PA_medsam3_seg_cv_5fold_holdout15pct,resnet152,PA,medsam3_seg,123,0.7665906267645397,0.6224101853704602,2521,750,5,5,123
20260923_162440_eva_x_base_PA_medsam3_seg_cv_5fold_holdout15pct,eva_x_base,PA,medsam3_seg,123,0.8003011481272351,0.689693580884674,2521,750,5,5,123
20260923_173124_resnet152_PA_medsam3_crop_cv_5fold_holdout15pct,resnet152,PA,medsam3_crop,123,0.7801136834180313,0.6483678955702596,2521,750,5,5,123
20260923_193549_eva_x_base_PA_medsam3_crop_cv_5fold_holdout15pct,eva_x_base,PA,medsam3_crop,123,0.8267683041596084,0.7249632796622807,2521,750,5,5,123
20260923_204411_resnet152_PA_chexmask_seg_cv_5fold_holdout15pct,resnet152,PA,chexmask_seg,123,0.7728966685488425,0.6375623028858608,2521,750,5,5,123
20260923_231150_eva_x_base_PA_chexmask_seg_cv_5fold_holdout15pct,eva_x_base,PA,chexmask_seg,123,0.8013137587050632,0.6909862368971822,2521,750,5,5,123
20260924_001714_resnet152_PA_chexmask_crop_cv_5fold_holdout15pct,resnet152,PA,chexmask_crop,123,0.7777895727460945,0.6399441199883763,2521,750,5,5,123
20260924_022608_eva_x_base_PA_chexmask_crop_cv_5fold_holdout15pct,eva_x_base,PA,chexmask_crop,123,0.8241611142480707,0.7249225782430095,2521,750,5,5,123
20260924_033414_resnet152_AP_raw_cv_5fold_holdout15pct,resnet152,AP,raw,2026,0.7850844080713683,0.7704759475648943,3280,1582,5,5,2026
20260924_053449_eva_x_base_AP_raw_cv_5fold_holdout15pct,eva_x_base,AP,raw,2026,0.8105307947626343,0.798155051384235,3280,1582,5,5,2026
20260924_064507_resnet152_AP_medsam3_seg_cv_5fold_holdout15pct,resnet152,AP,medsam3_seg,2026,0.7792256525487709,0.7636777719443193,3280,1582,5,5,2026
20260924_090306_eva_x_base_AP_medsam3_seg_cv_5fold_holdout15pct,eva_x_base,AP,medsam3_seg,2026,0.805579628893366,0.7928956449449907,3280,1582,5,5,2026
20260924_102059_resnet152_AP_medsam3_crop_cv_5fold_holdout15pct,resnet152,AP,medsam3_crop,2026,0.7872897243578003,0.771391378723399,3280,1582,5,5,2026
20260924_123350_eva_x_base_AP_medsam3_crop_cv_5fold_holdout15pct,eva_x_base,AP,medsam3_crop,2026,0.8144969392115957,0.8004146143481456,3280,1582,5,5,2026
20260924_135117_resnet152_AP_chexmask_seg_cv_5fold_holdout15pct,resnet152,AP,chexmask_seg,2026,0.7833645294009909,0.7673259661874705,3280,1582,5,5,2026
20260924_161406_eva_x_base_AP_chexmask_seg_cv_5fold_holdout15pct,eva_x_base,AP,chexmask_seg,2026,0.8079528380976206,0.7952574776813834,3280,1582,5,5,2026
20260924_173104_resnet152_AP_chexmask_crop_cv_5fold_holdout15pct,resnet152,AP,chexmask_crop,2026,0.7890434794262304,0.7729577234405334,3280,1582,5,5,2026
20260924_193756_eva_x_base_AP_chexmask_crop_cv_5fold_holdout15pct,eva_x_base,AP,chexmask_crop,2026,0.8119450413143149,0.7995335458484143,3280,1582,5,5,2026
20260924_205323_resnet152_PA_raw_cv_5fold_holdout15pct,resnet152,PA,raw,2026,0.781116506681724,0.6413253574852447,2521,750,5,5,2026
20260924_225634_eva_x_base_PA_raw_cv_5fold_holdout15pct,eva_x_base,PA,raw,2026,0.8228865047995484,0.7222105589048391,2521,750,5,5,2026
20260925_000017_resnet152_PA_medsam3_seg_cv_5fold_holdout15pct,resnet152,PA,medsam3_seg,2026,0.7648823640127987,0.6234716709051285,2521,750,5,5,2026
20260925_022455_eva_x_base_PA_medsam3_seg_cv_5fold_holdout15pct,eva_x_base,PA,medsam3_seg,2026,0.8041038961038961,0.6934487937579829,2521,750,5,5,2026
20260925_033207_resnet152_PA_medsam3_crop_cv_5fold_holdout15pct,resnet152,PA,medsam3_crop,2026,0.778273668360625,0.639503277766918,2521,750,5,5,2026
20260925_053058_eva_x_base_PA_medsam3_crop_cv_5fold_holdout15pct,eva_x_base,PA,medsam3_crop,2026,0.8227539996235649,0.7176548785775845,2521,750,5,5,2026
20260925_063704_resnet152_PA_chexmask_seg_cv_5fold_holdout15pct,resnet152,PA,chexmask_seg,2026,0.7710378317334838,0.6340250982632382,2521,750,5,5,2026
20260925_090206_eva_x_base_PA_chexmask_seg_cv_5fold_holdout15pct,eva_x_base,PA,chexmask_seg,2026,0.8014921889704498,0.6910947746481184,2521,750,5,5,2026
20260925_101028_resnet152_PA_chexmask_crop_cv_5fold_holdout15pct,resnet152,PA,chexmask_crop,2026,0.7770916619612271,0.6366457581040356,2521,750,5,5,2026
20260925_121047_eva_x_base_PA_chexmask_crop_cv_5fold_holdout15pct,eva_x_base,PA,chexmask_crop,2026,0.8272569169960474,0.7254715125230141,2521,750,5,5,2026
