view,arch,mode,d42,d123,d2026,mean,sd,range,direction,a42,a123,a2026,amean,asd,adir
AP,ResNet-152,MedSAM3 crop,0.0033574860883407442,0.0033370113422648284,0.0022053162864320575,0.0029666045723458767,0.0006593744721392534,0.0011521698019086868,3/3 higher than raw,5.9942279259095343e-05,0.005753918198811769,0.0009154311585046759,0.002243097212191847,0.0030704011636423635,3/3 higher than raw
AP,ResNet-152,CheXMask crop,0.004884157609383433,0.00441733339885253,0.003959071354862176,0.004420187454366046,0.00046254973116487434,0.0009250862545212568,3/3 higher than raw,0.0026428285003007312,0.00794151423402456,0.002481775875639025,0.004355372869988106,0.003106733316381942,3/3 higher than raw
AP,ResNet-152,MedSAM3 mask,-0.0033545079434569303,-0.004024590542305195,-0.005858755522597403,-0.00441261800278651,0.0012964327853666048,0.002504247579140473,3/3 lower than raw,-0.004508411716075189,-0.00020441114908720248,-0.006798175620575053,-0.003836999495245815,0.0033477646652763896,3/3 lower than raw
AP,ResNet-152,CheXMask mask,-5.397887601832352e-05,-0.0009619407974578165,-0.0017198786703773727,-0.0009119327812845043,0.00083407501609422,0.0016658997943590492,3/3 lower than raw,-0.0013537393024611877,0.0010622186449936732,-0.0031499813774238383,-0.0011471673449637843,0.002113684280452441,2/3 lower than raw
AP,EVA-X-Base,MedSAM3 crop,0.0009306702761781027,-0.00042252430538491925,0.003966144448961373,0.0014914301399181855,0.0022474301051267883,0.004388668754346292,2/3 higher than raw,0.0010066903934075055,-0.0008271230575760402,0.0022595629639106107,0.0008130434332473587,0.001552427778576099,2/3 higher than raw
AP,EVA-X-Base,CheXMask crop,0.00027659520608014354,-0.0004042831679716974,0.0014142465516805425,0.0004288528632629962,0.0009187760232737475,0.0018185297196522399,2/3 higher than raw,0.001470964847638534,-0.001952552989272327,0.0013784944641792585,0.00029896877418182183,0.0019504231288197534,2/3 higher than raw
AP,EVA-X-Base,MedSAM3 mask,-0.006440982847374488,-0.008801907203983439,-0.004951165869268359,-0.006731351973542095,0.0019417229150407438,0.00385074133471508,3/3 lower than raw,-0.007196255237180926,-0.009104921290927104,-0.005259406439244385,-0.007186860989117472,0.0019227746377437473,3/3 lower than raw
AP,EVA-X-Base,CheXMask mask,-0.005221804785581097,-0.005847215211172707,-0.002577956665013703,-0.004548992220589169,0.001735373280051495,0.003269258546159004,3/3 lower than raw,-0.006682732803489078,-0.007081657855015244,-0.002897573702851597,-0.005553988120451973,0.0023091531927765525,3/3 lower than raw
PA,ResNet-152,MedSAM3 crop,-0.0006034255599473015,-0.0006346696781479588,-0.002842838321099106,-0.001360311186398122,0.0012840011984317095,0.0022394127611518044,3/3 lower than raw,0.009052609300767012,0.007936393802764341,-0.001822079718326708,0.0050556411284015485,0.0059823713771075485,2/3 higher than raw
PA,ResNet-152,CheXMask crop,0.0029983060417843044,-0.0029587803500847887,-0.004024844720496912,-0.0013284396762657986,0.003784794537615513,0.007023150762281216,2/3 lower than raw,0.0070391172944970215,-0.0004873817791190005,-0.004679599381209099,0.0006240453780563074,0.00593788959779889,2/3 lower than raw
PA,ResNet-152,MedSAM3 mask,-0.008543948804818347,-0.014157726331639586,-0.01623414266892531,-0.012978605935127749,0.00397838083885766,0.0076901938641069645,3/3 lower than raw,-0.005801642076896152,-0.01802131639703508,-0.017853686580116213,-0.013892215018015816,0.0070071429859510734,3/3 lower than raw
PA,ResNet-152,CheXMask mask,-0.019004329004328913,-0.007851684547336757,-0.010078674948240218,-0.012311562833301962,0.0059020937663223465,0.011152644456992156,3/3 lower than raw,-0.015995516728301573,-0.002869198881634505,-0.0073002592220065,-0.008721658277314193,0.0066775996068014435,3/3 lower than raw
PA,EVA-X-Base,MedSAM3 crop,-0.0027886316581968718,0.0032275550536420283,-0.00013250517598351053,0.00010213940648721535,0.0030149492861388043,0.0060161867118389,2/3 lower than raw,-0.005356302767750565,0.0011217410369679381,-0.004555680327254619,-0.002930080686012415,0.0035317408638188665,2/3 lower than raw
PA,EVA-X-Base,CheXMask crop,-0.0023271221532091824,0.0006203651421042844,0.0043704121964990295,0.0008878850617980438,0.0033567717783541773,0.006697534349708212,2/3 higher than raw,-0.00518971260748069,0.0010810396176967885,0.003260953618175022,-0.00028257312386962646,0.004387256511315613,2/3 higher than raw
PA,EVA-X-Base,MedSAM3 mask,-0.028647468473555482,-0.023239600978731345,-0.018782608695652292,-0.023556559382646374,0.004940061900602291,0.00986485977790319,3/3 lower than raw,-0.042900041335033,-0.034147957740638724,-0.028761765146856244,-0.03526992140750932,0.007135601953978709,3/3 lower than raw
PA,EVA-X-Base,CheXMask mask,-0.02548917748917756,-0.022226990400903257,-0.021394315829098565,-0.023036827906393127,0.002164220550861157,0.004094861660078997,3/3 lower than raw,-0.03881795877766714,-0.03285530172813056,-0.03111578425672068,-0.03426301492083946,0.0040394449386610305,3/3 lower than raw
