view,arch,contrast,d42,d123,d2026,mean,sd,range,direction,a42,a123,a2026,amean,asd
AP,ResNet-152,MedSAM3 crop − mask,0.0067119940317976745,0.007361601884570024,0.00806407180902946,0.0073792225751323865,0.0006762110953488805,0.001352077777231786,3/3 crop higher,0.0045683539953342844,0.005958329347898972,0.007713606779079729,0.0060800967074376615,0.0015761580618076935
AP,EVA-X-Base,MedSAM3 crop − mask,0.007371653123552591,0.00837938289859852,0.008917310318229732,0.00822278211346028,0.0007846380664317385,0.0015456571946771414,3/3 crop higher,0.008202945630588432,0.008277798233351064,0.007518969403154996,0.007999904422364831,0.000418180101824391
AP,Two-backbone mean,MedSAM3 crop − mask,0.0070418235776751326,0.007870492391584272,0.008490691063629596,0.007801002344296333,0.0007269290873036117,0.0014488674859544637,3/3 crop higher,0.006385649812961358,0.007118063790625018,0.0076162880911173625,0.007040000564901246,0.0006190218439792688
PA,ResNet-152,MedSAM3 crop − mask,0.007940523244871045,0.013523056653491627,0.013391304347826205,0.011618294748729626,0.003185724735983587,0.0055825334086205824,3/3 crop higher,0.014854251377663164,0.025957710199799422,0.016031606861789505,0.018947856146417363,0.006099186984450325
PA,EVA-X-Base,MedSAM3 crop − mask,0.02585883681535861,0.026467156032373373,0.01865010351966878,0.023658698789133587,0.0043482218201727355,0.007817052512704592,3/3 crop higher,0.037543738567282436,0.03526969877760666,0.024206084819601625,0.032339840721496906,0.0071352156971579645
PA,Two-backbone mean,MedSAM3 crop − mask,0.016899680030114828,0.0199951063429325,0.016020703933747493,0.017638496768931606,0.0020876676597822736,0.003974402409185007,3/3 crop higher,0.0261989949724728,0.030613704488703042,0.020118845840695565,0.025643848433957134,0.00526940748754865
AP,ResNet-152,CheXMask crop − mask,0.004938136485401756,0.005379274196310346,0.005678950025239549,0.00533212023565055,0.0003726510394540438,0.0007408135398377924,3/3 crop higher,0.003996567802761919,0.006879295589030887,0.0056317572530628635,0.00550254021495189,0.0014457014403518543
AP,EVA-X-Base,CheXMask crop − mask,0.00549839999166124,0.00544293204320101,0.003992203216694246,0.0049778450838521655,0.0008540413286530747,0.0015061967749669947,3/3 crop higher,0.008153697651127612,0.005129104865742917,0.004276068167030855,0.0058529568946337944,0.0020376393016874206
AP,Two-backbone mean,CheXMask crop − mask,0.005218268238531498,0.005411103119755678,0.004835576620966897,0.0051549826597513575,0.0002929359760479603,0.0005755264987887809,3/3 crop higher,0.006075132726944765,0.006004200227386902,0.004953912710046859,0.0056777485547928426,0.0006278627258228741
PA,ResNet-152,CheXMask crop − mask,0.022002635046113217,0.004892904197251968,0.0060538302277433065,0.010983123157036164,0.00956081424446689,0.01710973084886125,3/3 crop higher,0.023034634022798595,0.0023818171025155044,0.0026206598407974013,0.0093457036553705,0.011855562931241553
PA,EVA-X-Base,CheXMask crop − mask,0.02316205533596838,0.02284735554300754,0.025764728025597594,0.02392471296819117,0.0016012496833830035,0.0029173724825900527,3/3 crop higher,0.03362824617018645,0.03393634134582735,0.0343767378748957,0.03398044179696983,0.00037618957368309536
PA,Two-backbone mean,CheXMask crop − mask,0.022582345191040798,0.013870129870129755,0.01590927912667045,0.017453918062613667,0.004556874590254062,0.008712215320911043,3/3 crop higher,0.02833144009649252,0.018159079224171426,0.01849869885784655,0.021663072726170168,0.005777471584792029
