analysis,view,model,input,training_policy,n_images,n_subjects,auroc,auroc_lo,auroc_hi,auprc,auprc_lo,auprc_hi,delta_auroc,delta_auroc_lo,delta_auroc_hi,delta_auroc_p,delta_auprc,delta_auprc_lo,delta_auprc_hi,delta_auprc_p,delta_reference,n_boot_effective
training_policy_sensitivity,AP,eva_x_base,medsam3_crop,U-Zero,3280,1763,0.805874,0.789541,0.822923,0.794578,0.770256,0.817999,-0.007875,-0.012415,-0.003208,0.002000,-0.008240,-0.014271,-0.002189,0.005000,Explicit-only,2000
training_policy_sensitivity,AP,eva_x_base,medsam3_crop,U-One,3280,1763,0.816012,0.800020,0.832848,0.804635,0.780685,0.828468,0.002263,-0.000565,0.005050,0.098000,0.001817,-0.001877,0.005626,0.310000,Explicit-only,2000
training_policy_sensitivity,AP,resnet152,medsam3_crop,U-Zero,3280,1763,0.769524,0.751388,0.787359,0.750174,0.723099,0.777741,-0.019789,-0.026709,-0.013300,0.000000,-0.022007,-0.031636,-0.013624,0.000000,Explicit-only,2000
training_policy_sensitivity,AP,resnet152,medsam3_crop,U-One,3280,1763,0.791631,0.774249,0.808912,0.777576,0.751002,0.803588,0.002318,-0.002196,0.006615,0.308000,0.005395,-0.000340,0.011081,0.061000,Explicit-only,2000
training_policy_sensitivity,AP,eva_x_base,raw,U-Zero,3280,1763,0.802650,0.786006,0.820324,0.789722,0.763814,0.813994,-0.010169,-0.014267,-0.006141,0.000000,-0.012089,-0.018420,-0.006204,0.000000,Explicit-only,2000
training_policy_sensitivity,AP,eva_x_base,raw,U-One,3280,1763,0.815846,0.799956,0.832236,0.804389,0.780105,0.828047,0.003028,-0.000158,0.006257,0.059000,0.002578,-0.001850,0.007133,0.297000,Explicit-only,2000
training_policy_sensitivity,AP,resnet152,raw,U-Zero,3280,1763,0.766919,0.748481,0.784566,0.751638,0.723590,0.778900,-0.019037,-0.025382,-0.012711,0.000000,-0.020483,-0.030295,-0.010669,0.000000,Explicit-only,2000
training_policy_sensitivity,AP,resnet152,raw,U-One,3280,1763,0.789741,0.772598,0.807293,0.777816,0.751806,0.804185,0.003785,-0.000556,0.008226,0.095000,0.005695,-0.000195,0.011798,0.057000,Explicit-only,2000
training_policy_sensitivity,PA,eva_x_base,medsam3_crop,U-Zero,2521,1743,0.821975,0.801215,0.842514,0.720848,0.687235,0.754455,-0.001368,-0.006186,0.003431,0.620000,-0.001788,-0.009400,0.005506,0.653000,Explicit-only,2000
training_policy_sensitivity,PA,eva_x_base,medsam3_crop,U-One,2521,1743,0.823016,0.802218,0.843209,0.720713,0.686209,0.754392,-0.000327,-0.005044,0.004557,0.898000,-0.001924,-0.008948,0.005084,0.597000,Explicit-only,2000
training_policy_sensitivity,PA,resnet152,medsam3_crop,U-Zero,2521,1743,0.769248,0.746663,0.789751,0.617103,0.576133,0.657522,-0.009847,-0.018751,-0.000657,0.029000,-0.031734,-0.045737,-0.017204,0.000000,Explicit-only,2000
training_policy_sensitivity,PA,resnet152,medsam3_crop,U-One,2521,1743,0.787024,0.765207,0.807766,0.648330,0.608576,0.686201,0.007928,0.000326,0.015408,0.036000,-0.000506,-0.012225,0.010834,0.907000,Explicit-only,2000
training_policy_sensitivity,PA,eva_x_base,raw,U-Zero,2521,1743,0.818932,0.798262,0.839372,0.719231,0.685387,0.753710,-0.007200,-0.011408,-0.003157,0.000000,-0.008761,-0.016224,-0.001109,0.030000,Explicit-only,2000
training_policy_sensitivity,PA,eva_x_base,raw,U-One,2521,1743,0.822249,0.801642,0.842437,0.721055,0.686610,0.755535,-0.003883,-0.008136,0.000611,0.088000,-0.006938,-0.013567,-0.000362,0.041000,Explicit-only,2000
training_policy_sensitivity,PA,resnet152,raw,U-Zero,2521,1743,0.771892,0.748991,0.792337,0.621308,0.578675,0.659271,-0.007807,-0.015824,0.000107,0.054000,-0.018476,-0.031894,-0.005013,0.006000,Explicit-only,2000
training_policy_sensitivity,PA,resnet152,raw,U-One,2521,1743,0.777088,0.754227,0.798120,0.636080,0.595842,0.673925,-0.002611,-0.009281,0.004388,0.462000,-0.003704,-0.015794,0.007232,0.480000,Explicit-only,2000
