run_name,fold,arch,model_name,view,data_mode,training_seed,split_seed,relative_path,size_bytes,sha256
20260917_104528_resnet152_AP_raw_cv_5fold_holdout15pct,1,resnet152,resnet152,AP,raw,42,42,20260917_104528_resnet152_AP_raw_cv_5fold_holdout15pct/fold_1/best_model.pth,235632827,6637a2872e5abc54f8387c1984a98e3bcbeed1283a6e110cd7e2e5e4183dbfb6
20260917_104528_resnet152_AP_raw_cv_5fold_holdout15pct,2,resnet152,resnet152,AP,raw,42,42,20260917_104528_resnet152_AP_raw_cv_5fold_holdout15pct/fold_2/best_model.pth,235632827,d3141da25f877b80585bc645a23613b433cb3de4f5bc6476d881c3c2f13169ce
20260917_104528_resnet152_AP_raw_cv_5fold_holdout15pct,3,resnet152,resnet152,AP,raw,42,42,20260917_104528_resnet152_AP_raw_cv_5fold_holdout15pct/fold_3/best_model.pth,235632827,7d4b605ceaac1c6482d4b83c1b4c06e1773ff1d46d429e2eeb4304e394320b0e
20260917_104528_resnet152_AP_raw_cv_5fold_holdout15pct,4,resnet152,resnet152,AP,raw,42,42,20260917_104528_resnet152_AP_raw_cv_5fold_holdout15pct/fold_4/best_model.pth,235632827,fa9bc9463638ce46779d24c50b48299b54661b7e8849144427809df3fcd5c782
20260917_104528_resnet152_AP_raw_cv_5fold_holdout15pct,5,resnet152,resnet152,AP,raw,42,42,20260917_104528_resnet152_AP_raw_cv_5fold_holdout15pct/fold_5/best_model.pth,235632827,6a3bdec9dc9ddfa2c8174a1e087371dee286ae905c252bbcd33eedfbeff28a9b
20260917_124505_densenet_AP_raw_cv_5fold_holdout15pct,1,densenet,densenet201,AP,raw,42,42,20260917_124505_densenet_AP_raw_cv_5fold_holdout15pct/fold_1/best_model.pth,75763811,bd5b5ee84517cd8072b21a6199bd3613ba0d44b8fee6a7c4f8802e20f2ff4dd1
20260917_124505_densenet_AP_raw_cv_5fold_holdout15pct,2,densenet,densenet201,AP,raw,42,42,20260917_124505_densenet_AP_raw_cv_5fold_holdout15pct/fold_2/best_model.pth,75763811,cb8613483b0c534bc64220a05b211dec1452311b438ad58b10d92321063e35cb
20260917_124505_densenet_AP_raw_cv_5fold_holdout15pct,3,densenet,densenet201,AP,raw,42,42,20260917_124505_densenet_AP_raw_cv_5fold_holdout15pct/fold_3/best_model.pth,75763811,f733a5722caa821a5420c7e16db5652a5a86bfe68455a3c0cdf002336c45038d
20260917_124505_densenet_AP_raw_cv_5fold_holdout15pct,4,densenet,densenet201,AP,raw,42,42,20260917_124505_densenet_AP_raw_cv_5fold_holdout15pct/fold_4/best_model.pth,75763811,a04ed76070c342329b0f716fec0714044734b9f07b308c7959f4462956454e8a
20260917_124505_densenet_AP_raw_cv_5fold_holdout15pct,5,densenet,densenet201,AP,raw,42,42,20260917_124505_densenet_AP_raw_cv_5fold_holdout15pct/fold_5/best_model.pth,75763811,4ef0411fad614c18301b656c6e042a47184060db98832a7ae2f2b15a82b5a2f8
20260909_143039_convnextv2_base_AP_raw_cv_5fold_holdout15pct,1,convnextv2_base,convnextv2_base,AP,raw,42,42,20260909_143039_convnextv2_base_AP_raw_cv_5fold_holdout15pct/fold_1/best_model.pth,351988755,6908b0d30fa64304a69598b48fc6665f9320658bb577e2d6cbd84748bbe8aec1
20260909_143039_convnextv2_base_AP_raw_cv_5fold_holdout15pct,2,convnextv2_base,convnextv2_base,AP,raw,42,42,20260909_143039_convnextv2_base_AP_raw_cv_5fold_holdout15pct/fold_2/best_model.pth,351988755,00fe8f5882031babe4ae5d0ad839f700bb79c47381759727e97da0f0cd09b8b6
20260909_143039_convnextv2_base_AP_raw_cv_5fold_holdout15pct,3,convnextv2_base,convnextv2_base,AP,raw,42,42,20260909_143039_convnextv2_base_AP_raw_cv_5fold_holdout15pct/fold_3/best_model.pth,351988755,0216f5d62f6c63585679eb91aeae798332ebff6fb30372eda89b286a6e36e9ce
20260909_143039_convnextv2_base_AP_raw_cv_5fold_holdout15pct,4,convnextv2_base,convnextv2_base,AP,raw,42,42,20260909_143039_convnextv2_base_AP_raw_cv_5fold_holdout15pct/fold_4/best_model.pth,351988755,f19a978d8406821cecc5c6a99d57da646c73eb6f834e9897731a9f38ad761328
20260909_143039_convnextv2_base_AP_raw_cv_5fold_holdout15pct,5,convnextv2_base,convnextv2_base,AP,raw,42,42,20260909_143039_convnextv2_base_AP_raw_cv_5fold_holdout15pct/fold_5/best_model.pth,351988755,3074955634bf9741831c6b71da98c0862be38938ec9f6b14485589b3ec196c6a
20260913_190041_swint_base_AP_raw_cv_5fold_holdout15pct,1,swint_base,swinv2_base_window16_256,AP,raw,42,42,20260913_190041_swint_base_AP_raw_cv_5fold_holdout15pct/fold_1/best_model.pth,347774848,44fdf2d1e058671854dc1a7b054f446b3807553fa6c7b534c1c8e0244284e0ae
20260913_190041_swint_base_AP_raw_cv_5fold_holdout15pct,2,swint_base,swinv2_base_window16_256,AP,raw,42,42,20260913_190041_swint_base_AP_raw_cv_5fold_holdout15pct/fold_2/best_model.pth,347774848,c8bc1ac3c5f8f3ad317d7c6ab9b7f23a4bcaf739828f74d76e7a1663cf7ac819
20260913_190041_swint_base_AP_raw_cv_5fold_holdout15pct,3,swint_base,swinv2_base_window16_256,AP,raw,42,42,20260913_190041_swint_base_AP_raw_cv_5fold_holdout15pct/fold_3/best_model.pth,347774848,43566d6b3e1766b8ee9c6f84015a92be99fe7d1803136a1e24904f4b71c5e3a2
20260913_190041_swint_base_AP_raw_cv_5fold_holdout15pct,4,swint_base,swinv2_base_window16_256,AP,raw,42,42,20260913_190041_swint_base_AP_raw_cv_5fold_holdout15pct/fold_4/best_model.pth,347774848,e8f31cddf22401740a076a8ce35a84b3f1e454f0773f2a8bc9ed48ed7470aabb
20260913_190041_swint_base_AP_raw_cv_5fold_holdout15pct,5,swint_base,swinv2_base_window16_256,AP,raw,42,42,20260913_190041_swint_base_AP_raw_cv_5fold_holdout15pct/fold_5/best_model.pth,347774848,190a0bdbd5fc45bade3a16da1eac2ae54305f7d8303ee934ebb9cbe96b8ee925
20260909_171916_dinov3_base_AP_raw_cv_5fold_holdout15pct,1,dinov3_base,vit_base_patch16_dinov3,AP,raw,42,42,20260909_171916_dinov3_base_AP_raw_cv_5fold_holdout15pct/fold_1/best_model.pth,343430651,23fb08851df431fd4f3169db8837cc68a8f28d31ce723f659d736e520fd1f0e3
20260909_171916_dinov3_base_AP_raw_cv_5fold_holdout15pct,2,dinov3_base,vit_base_patch16_dinov3,AP,raw,42,42,20260909_171916_dinov3_base_AP_raw_cv_5fold_holdout15pct/fold_2/best_model.pth,343430651,c7fc134a84b4f40a3031768ac24b0fda673c72d6ea5857cf0733f194bbbb64f3
20260909_171916_dinov3_base_AP_raw_cv_5fold_holdout15pct,3,dinov3_base,vit_base_patch16_dinov3,AP,raw,42,42,20260909_171916_dinov3_base_AP_raw_cv_5fold_holdout15pct/fold_3/best_model.pth,343430651,a8ab79fc6c03633be2d5bbbd15a3bdfd74360b989ecbe11bc10989f65728431e
20260909_171916_dinov3_base_AP_raw_cv_5fold_holdout15pct,4,dinov3_base,vit_base_patch16_dinov3,AP,raw,42,42,20260909_171916_dinov3_base_AP_raw_cv_5fold_holdout15pct/fold_4/best_model.pth,343430651,d2c8fa8b37e24785d1f0ab69e110b7ab2127db5fbf7175360daf8f6879597358
20260909_171916_dinov3_base_AP_raw_cv_5fold_holdout15pct,5,dinov3_base,vit_base_patch16_dinov3,AP,raw,42,42,20260909_171916_dinov3_base_AP_raw_cv_5fold_holdout15pct/fold_5/best_model.pth,343430651,8977afad6760818d6497f706718880c6773a5cf5d0234cd7650a6272b5fb9eec
20260909_184003_eva_x_base_AP_raw_cv_5fold_holdout15pct,1,eva_x_base,eva_x_base,AP,raw,42,42,20260909_184003_eva_x_base_AP_raw_cv_5fold_holdout15pct/fold_1/best_model.pth,346832065,c5cfa2239b5aebc31e31ed98fa4f774a82301a24f613cb3877d70f589a7141f9
20260909_184003_eva_x_base_AP_raw_cv_5fold_holdout15pct,2,eva_x_base,eva_x_base,AP,raw,42,42,20260909_184003_eva_x_base_AP_raw_cv_5fold_holdout15pct/fold_2/best_model.pth,346832065,8f8cb5a98a93335ae632933ab67bb4afb8391ff85e8a25625c22d6e4ce73eece
20260909_184003_eva_x_base_AP_raw_cv_5fold_holdout15pct,3,eva_x_base,eva_x_base,AP,raw,42,42,20260909_184003_eva_x_base_AP_raw_cv_5fold_holdout15pct/fold_3/best_model.pth,346832065,291e4d7bbf3e56d80e0d51cee7d1465810d81f61a35c436dd9ae75c9b8c9d6be
20260909_184003_eva_x_base_AP_raw_cv_5fold_holdout15pct,4,eva_x_base,eva_x_base,AP,raw,42,42,20260909_184003_eva_x_base_AP_raw_cv_5fold_holdout15pct/fold_4/best_model.pth,346832065,21ade508716422296b3ab308fdade762f7b1f9cf4ad3982660ae2d8c5039056b
20260909_184003_eva_x_base_AP_raw_cv_5fold_holdout15pct,5,eva_x_base,eva_x_base,AP,raw,42,42,20260909_184003_eva_x_base_AP_raw_cv_5fold_holdout15pct/fold_5/best_model.pth,346832065,d6834f5fe5e3447b77477f8b7fa6656a4904d01d097c4666d9c8493ae1a27093
20260915_124445_rad_dino_AP_raw_cv_5fold_holdout15pct,1,rad_dino,microsoft/rad-dino,AP,raw,42,42,20260915_124445_rad_dino_AP_raw_cv_5fold_holdout15pct/fold_1/best_model.pth,347215928,655125a439183162fa81815163bef5d1aaac8f588e51b72cd450c18066ba811f
20260915_124445_rad_dino_AP_raw_cv_5fold_holdout15pct,2,rad_dino,microsoft/rad-dino,AP,raw,42,42,20260915_124445_rad_dino_AP_raw_cv_5fold_holdout15pct/fold_2/best_model.pth,347215928,5ad2770e8c802ea8861cbcb62aaf950e36a9ed838a707673072ec30bfc83264e
20260915_124445_rad_dino_AP_raw_cv_5fold_holdout15pct,3,rad_dino,microsoft/rad-dino,AP,raw,42,42,20260915_124445_rad_dino_AP_raw_cv_5fold_holdout15pct/fold_3/best_model.pth,347215928,ae6d26598d222e2351b73092990b67d394ae2be4c27812c5fd954b238c2d324d
20260915_124445_rad_dino_AP_raw_cv_5fold_holdout15pct,4,rad_dino,microsoft/rad-dino,AP,raw,42,42,20260915_124445_rad_dino_AP_raw_cv_5fold_holdout15pct/fold_4/best_model.pth,347215928,7180ab98d79afb7c683d5a13d83f828fdb1bcfbc3302a9110b195eb5faa14d1c
20260915_124445_rad_dino_AP_raw_cv_5fold_holdout15pct,5,rad_dino,microsoft/rad-dino,AP,raw,42,42,20260915_124445_rad_dino_AP_raw_cv_5fold_holdout15pct/fold_5/best_model.pth,347215928,42c9dcafa9969afb44c5cbae9c0bf081169a7b82ccc79dbc7dfa1c5227efc8ec
20260917_140723_resnet152_AP_medsam3_seg_cv_5fold_holdout15pct,1,resnet152,resnet152,AP,medsam3_seg,42,42,20260917_140723_resnet152_AP_medsam3_seg_cv_5fold_holdout15pct/fold_1/best_model.pth,235632827,e0a21c2f076428882a97f556daa01cdc864a8dde20b029b42e87a5f80151a859
20260917_140723_resnet152_AP_medsam3_seg_cv_5fold_holdout15pct,2,resnet152,resnet152,AP,medsam3_seg,42,42,20260917_140723_resnet152_AP_medsam3_seg_cv_5fold_holdout15pct/fold_2/best_model.pth,235632827,d060e1f3dbcc4989eb6ae805f7485ed9af91078629b17b60d3e2e1637588a1df
20260917_140723_resnet152_AP_medsam3_seg_cv_5fold_holdout15pct,3,resnet152,resnet152,AP,medsam3_seg,42,42,20260917_140723_resnet152_AP_medsam3_seg_cv_5fold_holdout15pct/fold_3/best_model.pth,235632827,a1a9663220fb6f62daefe5656d3ed20b13f5cc082841d0363b6a8fa82e8f27cd
20260917_140723_resnet152_AP_medsam3_seg_cv_5fold_holdout15pct,4,resnet152,resnet152,AP,medsam3_seg,42,42,20260917_140723_resnet152_AP_medsam3_seg_cv_5fold_holdout15pct/fold_4/best_model.pth,235632827,e06443dbaa7890c4122b8b5358ccc68fd186051532e4d6ea409991dbc57b7d76
20260917_140723_resnet152_AP_medsam3_seg_cv_5fold_holdout15pct,5,resnet152,resnet152,AP,medsam3_seg,42,42,20260917_140723_resnet152_AP_medsam3_seg_cv_5fold_holdout15pct/fold_5/best_model.pth,235632827,8fb912254fe140f31dcf161f7b9115b2e6f0153b0df736438900a1a889763971
20260917_162947_densenet_AP_medsam3_seg_cv_5fold_holdout15pct,1,densenet,densenet201,AP,medsam3_seg,42,42,20260917_162947_densenet_AP_medsam3_seg_cv_5fold_holdout15pct/fold_1/best_model.pth,75763811,22dc67f92183145c076b691034054867abda7dcabca142685470bff5856be32f
20260917_162947_densenet_AP_medsam3_seg_cv_5fold_holdout15pct,2,densenet,densenet201,AP,medsam3_seg,42,42,20260917_162947_densenet_AP_medsam3_seg_cv_5fold_holdout15pct/fold_2/best_model.pth,75763811,93481dda0d111be75667f856a3105aea4709b8642074b90eb19a2f92aec8d029
20260917_162947_densenet_AP_medsam3_seg_cv_5fold_holdout15pct,3,densenet,densenet201,AP,medsam3_seg,42,42,20260917_162947_densenet_AP_medsam3_seg_cv_5fold_holdout15pct/fold_3/best_model.pth,75763811,c4ce0fd928268331bf9b9884724345de31943e6e03d2389a6bec40487ee5ced0
20260917_162947_densenet_AP_medsam3_seg_cv_5fold_holdout15pct,4,densenet,densenet201,AP,medsam3_seg,42,42,20260917_162947_densenet_AP_medsam3_seg_cv_5fold_holdout15pct/fold_4/best_model.pth,75763811,08d61013c04f2a05c16577687f0c764a040bfc602adf9924e71f2e2c09a0218d
20260917_162947_densenet_AP_medsam3_seg_cv_5fold_holdout15pct,5,densenet,densenet201,AP,medsam3_seg,42,42,20260917_162947_densenet_AP_medsam3_seg_cv_5fold_holdout15pct/fold_5/best_model.pth,75763811,c2b53bad8a8e401ca98c187966ddf2807c07b94aca5c97086e901546b19e3dbc
20260910_104021_convnextv2_base_AP_medsam3_seg_cv_5fold_holdout15pct,1,convnextv2_base,convnextv2_base,AP,medsam3_seg,42,42,20260910_104021_convnextv2_base_AP_medsam3_seg_cv_5fold_holdout15pct/fold_1/best_model.pth,351988755,6e1c948e7b7a2e91ddc052b350e9e3a8117252726f13d8bfd56a811e0769502a
20260910_104021_convnextv2_base_AP_medsam3_seg_cv_5fold_holdout15pct,2,convnextv2_base,convnextv2_base,AP,medsam3_seg,42,42,20260910_104021_convnextv2_base_AP_medsam3_seg_cv_5fold_holdout15pct/fold_2/best_model.pth,351988755,863980a3f202cff4d340286e3d801eea6597e87103c73cbf03e26e9e48f3b0e4
20260910_104021_convnextv2_base_AP_medsam3_seg_cv_5fold_holdout15pct,3,convnextv2_base,convnextv2_base,AP,medsam3_seg,42,42,20260910_104021_convnextv2_base_AP_medsam3_seg_cv_5fold_holdout15pct/fold_3/best_model.pth,351988755,faa03ca46d0dd32bc3605342fdaaf11be5175ec1b78ce5b765bc8bc1cafa9adf
20260910_104021_convnextv2_base_AP_medsam3_seg_cv_5fold_holdout15pct,4,convnextv2_base,convnextv2_base,AP,medsam3_seg,42,42,20260910_104021_convnextv2_base_AP_medsam3_seg_cv_5fold_holdout15pct/fold_4/best_model.pth,351988755,6b32b6ecc5769912f429e9c0c8713c657e3bd42a8ed842a3b102ab5b2641d1c9
20260910_104021_convnextv2_base_AP_medsam3_seg_cv_5fold_holdout15pct,5,convnextv2_base,convnextv2_base,AP,medsam3_seg,42,42,20260910_104021_convnextv2_base_AP_medsam3_seg_cv_5fold_holdout15pct/fold_5/best_model.pth,351988755,0383804fce1f4e5c67165cf76ba9a88da4f1fbb0cab80a6af51986dfc95389c8
20260913_232648_swint_base_AP_medsam3_seg_cv_5fold_holdout15pct,1,swint_base,swinv2_base_window16_256,AP,medsam3_seg,42,42,20260913_232648_swint_base_AP_medsam3_seg_cv_5fold_holdout15pct/fold_1/best_model.pth,347774848,224bdb76e64b8e30337c08c40775a17a4f474f8c7e4ea1e34b4baefb67f83f46
20260913_232648_swint_base_AP_medsam3_seg_cv_5fold_holdout15pct,2,swint_base,swinv2_base_window16_256,AP,medsam3_seg,42,42,20260913_232648_swint_base_AP_medsam3_seg_cv_5fold_holdout15pct/fold_2/best_model.pth,347774848,6a1c74e7723f7bf7524b1847663a3817c24a3a6535421040b5001dd5996945c8
20260913_232648_swint_base_AP_medsam3_seg_cv_5fold_holdout15pct,3,swint_base,swinv2_base_window16_256,AP,medsam3_seg,42,42,20260913_232648_swint_base_AP_medsam3_seg_cv_5fold_holdout15pct/fold_3/best_model.pth,347774848,36b1b4f2d7664889a12413dad71ee7fd7994fc4348658ce4b47a71466b043465
20260913_232648_swint_base_AP_medsam3_seg_cv_5fold_holdout15pct,4,swint_base,swinv2_base_window16_256,AP,medsam3_seg,42,42,20260913_232648_swint_base_AP_medsam3_seg_cv_5fold_holdout15pct/fold_4/best_model.pth,347774848,8b0f0b1a83775e4408eb429a229197bec264ba5ee4b1fd0c10d71e6d881ef310
20260913_232648_swint_base_AP_medsam3_seg_cv_5fold_holdout15pct,5,swint_base,swinv2_base_window16_256,AP,medsam3_seg,42,42,20260913_232648_swint_base_AP_medsam3_seg_cv_5fold_holdout15pct/fold_5/best_model.pth,347774848,9efe23721674cdff541ae27a183a14b152023c15ae76afbd6fc643dd5006c12d
20260910_133001_dinov3_base_AP_medsam3_seg_cv_5fold_holdout15pct,1,dinov3_base,vit_base_patch16_dinov3,AP,medsam3_seg,42,42,20260910_133001_dinov3_base_AP_medsam3_seg_cv_5fold_holdout15pct/fold_1/best_model.pth,343430651,80cc3542d2797620b14f62f4e47b48268c252ac0da6e914a14ce9d9883ba03f6
20260910_133001_dinov3_base_AP_medsam3_seg_cv_5fold_holdout15pct,2,dinov3_base,vit_base_patch16_dinov3,AP,medsam3_seg,42,42,20260910_133001_dinov3_base_AP_medsam3_seg_cv_5fold_holdout15pct/fold_2/best_model.pth,343430651,9040c927068c49120aac1f106dd505547f1b63e6343efc02d56108d40aa48551
20260910_133001_dinov3_base_AP_medsam3_seg_cv_5fold_holdout15pct,3,dinov3_base,vit_base_patch16_dinov3,AP,medsam3_seg,42,42,20260910_133001_dinov3_base_AP_medsam3_seg_cv_5fold_holdout15pct/fold_3/best_model.pth,343430651,261098969cbd9caf5f38f488a1911f413b90df79104935a9af116899a0f93c22
20260910_133001_dinov3_base_AP_medsam3_seg_cv_5fold_holdout15pct,4,dinov3_base,vit_base_patch16_dinov3,AP,medsam3_seg,42,42,20260910_133001_dinov3_base_AP_medsam3_seg_cv_5fold_holdout15pct/fold_4/best_model.pth,343430651,19abfe8cdd6e9b1b3be4589f2b0f489aa70d6f65dc4d42446195f20bc9070c5e
20260910_133001_dinov3_base_AP_medsam3_seg_cv_5fold_holdout15pct,5,dinov3_base,vit_base_patch16_dinov3,AP,medsam3_seg,42,42,20260910_133001_dinov3_base_AP_medsam3_seg_cv_5fold_holdout15pct/fold_5/best_model.pth,343430651,512684168450905fee512bdc9d17d43c4659a37f9d8318bd558152075233df67
20260910_151857_eva_x_base_AP_medsam3_seg_cv_5fold_holdout15pct,1,eva_x_base,eva_x_base,AP,medsam3_seg,42,42,20260910_151857_eva_x_base_AP_medsam3_seg_cv_5fold_holdout15pct/fold_1/best_model.pth,346832065,97a500112d5cd8807a797491c0c0163e73c15fdad315b3f04f086f22bd489700
20260910_151857_eva_x_base_AP_medsam3_seg_cv_5fold_holdout15pct,2,eva_x_base,eva_x_base,AP,medsam3_seg,42,42,20260910_151857_eva_x_base_AP_medsam3_seg_cv_5fold_holdout15pct/fold_2/best_model.pth,346832065,aed69272e77664c8b43c884b1b3f12bc77296089d6a35bb4a88b9e816e150ee3
20260910_151857_eva_x_base_AP_medsam3_seg_cv_5fold_holdout15pct,3,eva_x_base,eva_x_base,AP,medsam3_seg,42,42,20260910_151857_eva_x_base_AP_medsam3_seg_cv_5fold_holdout15pct/fold_3/best_model.pth,346832065,37b9cce1fb5ee0419928ed4742d735fc92b3cc586c279e0d6cdd8cdec35d227b
20260910_151857_eva_x_base_AP_medsam3_seg_cv_5fold_holdout15pct,4,eva_x_base,eva_x_base,AP,medsam3_seg,42,42,20260910_151857_eva_x_base_AP_medsam3_seg_cv_5fold_holdout15pct/fold_4/best_model.pth,346832065,3e200967d7ed1ede25e7b1e7a6013ca748f705192df317b170cc8c72d78a27d1
20260910_151857_eva_x_base_AP_medsam3_seg_cv_5fold_holdout15pct,5,eva_x_base,eva_x_base,AP,medsam3_seg,42,42,20260910_151857_eva_x_base_AP_medsam3_seg_cv_5fold_holdout15pct/fold_5/best_model.pth,346832065,1bf78e5504a86a70ae1e9c9e5ff38fd595ac173201c46965049b26dcf218c8b5
20260915_162728_rad_dino_AP_medsam3_seg_cv_5fold_holdout15pct,1,rad_dino,microsoft/rad-dino,AP,medsam3_seg,42,42,20260915_162728_rad_dino_AP_medsam3_seg_cv_5fold_holdout15pct/fold_1/best_model.pth,347215928,5bdd769c384e68499749e12e13085a38362b3371a5debcc377b43f4180ed9f1f
20260915_162728_rad_dino_AP_medsam3_seg_cv_5fold_holdout15pct,2,rad_dino,microsoft/rad-dino,AP,medsam3_seg,42,42,20260915_162728_rad_dino_AP_medsam3_seg_cv_5fold_holdout15pct/fold_2/best_model.pth,347215928,1e43cbbf14fb19f22f0dab4f90711c2097dbc910a21e5d78bedc69e5dd8ed7b9
20260915_162728_rad_dino_AP_medsam3_seg_cv_5fold_holdout15pct,3,rad_dino,microsoft/rad-dino,AP,medsam3_seg,42,42,20260915_162728_rad_dino_AP_medsam3_seg_cv_5fold_holdout15pct/fold_3/best_model.pth,347215928,426090f09df0152f67991455213d0c318c1516166c0d4b637639f464936070ec
20260915_162728_rad_dino_AP_medsam3_seg_cv_5fold_holdout15pct,4,rad_dino,microsoft/rad-dino,AP,medsam3_seg,42,42,20260915_162728_rad_dino_AP_medsam3_seg_cv_5fold_holdout15pct/fold_4/best_model.pth,347215928,7f4a46d260774dfc3901134a86bb2b9c356e8477e8c129cf5fc90c9639b7567e
20260915_162728_rad_dino_AP_medsam3_seg_cv_5fold_holdout15pct,5,rad_dino,microsoft/rad-dino,AP,medsam3_seg,42,42,20260915_162728_rad_dino_AP_medsam3_seg_cv_5fold_holdout15pct/fold_5/best_model.pth,347215928,921c02a0781f930c8a51b01cef5c6b9c92ad5bcb9b6cf86489f090ea561a5dfa
20260917_175129_resnet152_AP_medsam3_crop_cv_5fold_holdout15pct,1,resnet152,resnet152,AP,medsam3_crop,42,42,20260917_175129_resnet152_AP_medsam3_crop_cv_5fold_holdout15pct/fold_1/best_model.pth,235632827,1805564c4d4d0ad35c7b8f6fed7895fea02a209818b30f3f3bd21b3c784db8fb
20260917_175129_resnet152_AP_medsam3_crop_cv_5fold_holdout15pct,2,resnet152,resnet152,AP,medsam3_crop,42,42,20260917_175129_resnet152_AP_medsam3_crop_cv_5fold_holdout15pct/fold_2/best_model.pth,235632827,5766986db86e20c2b4fda51f0b52a6e69d90827e284f8a3f6eac83dcf1e90075
20260917_175129_resnet152_AP_medsam3_crop_cv_5fold_holdout15pct,3,resnet152,resnet152,AP,medsam3_crop,42,42,20260917_175129_resnet152_AP_medsam3_crop_cv_5fold_holdout15pct/fold_3/best_model.pth,235632827,3d7e1227e9e05b7662c88c621a0a05c6bde618577352c34641d93775cfb0e84f
20260917_175129_resnet152_AP_medsam3_crop_cv_5fold_holdout15pct,4,resnet152,resnet152,AP,medsam3_crop,42,42,20260917_175129_resnet152_AP_medsam3_crop_cv_5fold_holdout15pct/fold_4/best_model.pth,235632827,557f3d883c3fee36a1d2cca77197e8fa8b3339dfc65017003b8debe130d4c473
20260917_175129_resnet152_AP_medsam3_crop_cv_5fold_holdout15pct,5,resnet152,resnet152,AP,medsam3_crop,42,42,20260917_175129_resnet152_AP_medsam3_crop_cv_5fold_holdout15pct/fold_5/best_model.pth,235632827,5fa28881cd6df65e05704d2672434cd0ccb6ae47d077c0fa66053e201166d694
20260917_195955_densenet_AP_medsam3_crop_cv_5fold_holdout15pct,1,densenet,densenet201,AP,medsam3_crop,42,42,20260917_195955_densenet_AP_medsam3_crop_cv_5fold_holdout15pct/fold_1/best_model.pth,75763811,80ba71810bb83d93afe57dc0f5bf439327d03d57295bcb122bb675b866a6736f
20260917_195955_densenet_AP_medsam3_crop_cv_5fold_holdout15pct,2,densenet,densenet201,AP,medsam3_crop,42,42,20260917_195955_densenet_AP_medsam3_crop_cv_5fold_holdout15pct/fold_2/best_model.pth,75763811,d06d4ccacced3636e00c20d29124a3ee20fd611f77afc045cbe784ea6a81dcbb
20260917_195955_densenet_AP_medsam3_crop_cv_5fold_holdout15pct,3,densenet,densenet201,AP,medsam3_crop,42,42,20260917_195955_densenet_AP_medsam3_crop_cv_5fold_holdout15pct/fold_3/best_model.pth,75763811,0068272a236d7e6208a38293782823ee2cf7a69c30f38875af02f96e68a1cb1a
20260917_195955_densenet_AP_medsam3_crop_cv_5fold_holdout15pct,4,densenet,densenet201,AP,medsam3_crop,42,42,20260917_195955_densenet_AP_medsam3_crop_cv_5fold_holdout15pct/fold_4/best_model.pth,75763811,499c550d3b92122ee88a177c53100eb2be5aaa24da2e25b8c70bdcdf1feda926
20260917_195955_densenet_AP_medsam3_crop_cv_5fold_holdout15pct,5,densenet,densenet201,AP,medsam3_crop,42,42,20260917_195955_densenet_AP_medsam3_crop_cv_5fold_holdout15pct/fold_5/best_model.pth,75763811,b11556331f52cf15aca6abce9a73ecdec02c9859b5056e1e47e416b10d983ddb
20260910_235159_convnextv2_base_AP_medsam3_crop_cv_5fold_holdout15pct,1,convnextv2_base,convnextv2_base,AP,medsam3_crop,42,42,20260910_235159_convnextv2_base_AP_medsam3_crop_cv_5fold_holdout15pct/fold_1/best_model.pth,351988755,8e1fab05c9e57d8c4c4b45f256e0ea4a62f3f761579d84e019ec2f1f5f2ffaa4
20260910_235159_convnextv2_base_AP_medsam3_crop_cv_5fold_holdout15pct,2,convnextv2_base,convnextv2_base,AP,medsam3_crop,42,42,20260910_235159_convnextv2_base_AP_medsam3_crop_cv_5fold_holdout15pct/fold_2/best_model.pth,351988755,fa00a4e80fb3ea8153086242d0c687b5a0c99328e0f9e80de989da6cdc083d48
20260910_235159_convnextv2_base_AP_medsam3_crop_cv_5fold_holdout15pct,3,convnextv2_base,convnextv2_base,AP,medsam3_crop,42,42,20260910_235159_convnextv2_base_AP_medsam3_crop_cv_5fold_holdout15pct/fold_3/best_model.pth,351988755,9d15737bae80094cb8e55622c8c9ea376e80dcde5e344671eafcebb00f8dbc6d
20260910_235159_convnextv2_base_AP_medsam3_crop_cv_5fold_holdout15pct,4,convnextv2_base,convnextv2_base,AP,medsam3_crop,42,42,20260910_235159_convnextv2_base_AP_medsam3_crop_cv_5fold_holdout15pct/fold_4/best_model.pth,351988755,77f7aee7b6548d25d6dbbbec9202f0ef8967c5ac62d9dcd0b7832257b2246618
20260910_235159_convnextv2_base_AP_medsam3_crop_cv_5fold_holdout15pct,5,convnextv2_base,convnextv2_base,AP,medsam3_crop,42,42,20260910_235159_convnextv2_base_AP_medsam3_crop_cv_5fold_holdout15pct/fold_5/best_model.pth,351988755,b1b0174b14b8928eb2d88a425d4914ab6943928583c4d7cc3f51b49f08014d63
20260914_034547_swint_base_AP_medsam3_crop_cv_5fold_holdout15pct,1,swint_base,swinv2_base_window16_256,AP,medsam3_crop,42,42,20260914_034547_swint_base_AP_medsam3_crop_cv_5fold_holdout15pct/fold_1/best_model.pth,347774848,8bf0038faefbb9449b8ec173b242ad561ca5137ebb6d95e92c786365e465b97e
20260914_034547_swint_base_AP_medsam3_crop_cv_5fold_holdout15pct,2,swint_base,swinv2_base_window16_256,AP,medsam3_crop,42,42,20260914_034547_swint_base_AP_medsam3_crop_cv_5fold_holdout15pct/fold_2/best_model.pth,347774848,136069ebc044ab56668b79a3c6c6c12da85cee725e72bb27ca85aff624c0e437
20260914_034547_swint_base_AP_medsam3_crop_cv_5fold_holdout15pct,3,swint_base,swinv2_base_window16_256,AP,medsam3_crop,42,42,20260914_034547_swint_base_AP_medsam3_crop_cv_5fold_holdout15pct/fold_3/best_model.pth,347774848,8e36ad027991f06853af90059de01648a1c442e0ce6f8f0f19a41d7193b54746
20260914_034547_swint_base_AP_medsam3_crop_cv_5fold_holdout15pct,4,swint_base,swinv2_base_window16_256,AP,medsam3_crop,42,42,20260914_034547_swint_base_AP_medsam3_crop_cv_5fold_holdout15pct/fold_4/best_model.pth,347774848,fa3a46f69f839cde27e6fcacae16eb9a30bb881dc0b1e4fdc64b7f0da09cb6b7
20260914_034547_swint_base_AP_medsam3_crop_cv_5fold_holdout15pct,5,swint_base,swinv2_base_window16_256,AP,medsam3_crop,42,42,20260914_034547_swint_base_AP_medsam3_crop_cv_5fold_holdout15pct/fold_5/best_model.pth,347774848,38d0df6d1b67ad52b52f22f3efe44c7c65a34bd900475a38f15403b97ea2a717
20260911_091737_dinov3_base_AP_medsam3_crop_cv_5fold_holdout15pct,1,dinov3_base,vit_base_patch16_dinov3,AP,medsam3_crop,42,42,20260911_091737_dinov3_base_AP_medsam3_crop_cv_5fold_holdout15pct/fold_1/best_model.pth,343430651,6eae5a59832156f182f857460275df0f80cddaa0191b65da1f756557e3705e04
20260911_091737_dinov3_base_AP_medsam3_crop_cv_5fold_holdout15pct,2,dinov3_base,vit_base_patch16_dinov3,AP,medsam3_crop,42,42,20260911_091737_dinov3_base_AP_medsam3_crop_cv_5fold_holdout15pct/fold_2/best_model.pth,343430651,d83cc410ab7311ab264f8db30d9186e144e2ca9ee6dbfc60c8fa5dfcf57d53f9
20260911_091737_dinov3_base_AP_medsam3_crop_cv_5fold_holdout15pct,3,dinov3_base,vit_base_patch16_dinov3,AP,medsam3_crop,42,42,20260911_091737_dinov3_base_AP_medsam3_crop_cv_5fold_holdout15pct/fold_3/best_model.pth,343430651,c7e3b3f8c4f3f763a2c5048631e4b33c251ef533819c1abeb0b34e186e3249ae
20260911_091737_dinov3_base_AP_medsam3_crop_cv_5fold_holdout15pct,4,dinov3_base,vit_base_patch16_dinov3,AP,medsam3_crop,42,42,20260911_091737_dinov3_base_AP_medsam3_crop_cv_5fold_holdout15pct/fold_4/best_model.pth,343430651,e9be0ff3c5fa7a64125731b6585a623f6eb44ede4c5fa887f6a830d24dafd3f0
20260911_091737_dinov3_base_AP_medsam3_crop_cv_5fold_holdout15pct,5,dinov3_base,vit_base_patch16_dinov3,AP,medsam3_crop,42,42,20260911_091737_dinov3_base_AP_medsam3_crop_cv_5fold_holdout15pct/fold_5/best_model.pth,343430651,a80867b49ee3c2eaf011efb11fc6418c8b317406e7a75ee700d39c6da9547507
20260911_103605_eva_x_base_AP_medsam3_crop_cv_5fold_holdout15pct,1,eva_x_base,eva_x_base,AP,medsam3_crop,42,42,20260911_103605_eva_x_base_AP_medsam3_crop_cv_5fold_holdout15pct/fold_1/best_model.pth,346832065,4b92e9dd895661ffa1466e4a093dca2a0232222238734005951634ac4fc3c3c3
20260911_103605_eva_x_base_AP_medsam3_crop_cv_5fold_holdout15pct,2,eva_x_base,eva_x_base,AP,medsam3_crop,42,42,20260911_103605_eva_x_base_AP_medsam3_crop_cv_5fold_holdout15pct/fold_2/best_model.pth,346832065,67a771e12b65e84a5fa7721d08e324a480e3368d843df2e33585663518ad3d7d
20260911_103605_eva_x_base_AP_medsam3_crop_cv_5fold_holdout15pct,3,eva_x_base,eva_x_base,AP,medsam3_crop,42,42,20260911_103605_eva_x_base_AP_medsam3_crop_cv_5fold_holdout15pct/fold_3/best_model.pth,346832065,d39881925e555c0c81b9ce370705108ae0bad1ad1edbd4209fc118c491b94cbc
20260911_103605_eva_x_base_AP_medsam3_crop_cv_5fold_holdout15pct,4,eva_x_base,eva_x_base,AP,medsam3_crop,42,42,20260911_103605_eva_x_base_AP_medsam3_crop_cv_5fold_holdout15pct/fold_4/best_model.pth,346832065,32772e64a8ebd93e3fbcd211a4fb6490ba9fd4670aaacd87bf5f1d5683a38183
20260911_103605_eva_x_base_AP_medsam3_crop_cv_5fold_holdout15pct,5,eva_x_base,eva_x_base,AP,medsam3_crop,42,42,20260911_103605_eva_x_base_AP_medsam3_crop_cv_5fold_holdout15pct/fold_5/best_model.pth,346832065,c75c55503bc53f93a813119067b454e90830c2bf63dbd86c1006c3ed7c7a4edb
20260915_195640_rad_dino_AP_medsam3_crop_cv_5fold_holdout15pct,1,rad_dino,microsoft/rad-dino,AP,medsam3_crop,42,42,20260915_195640_rad_dino_AP_medsam3_crop_cv_5fold_holdout15pct/fold_1/best_model.pth,347215928,4b4b1d439732034075ca333e5d5bcc1fba678ee7fa8c06ee044258b0be049146
20260915_195640_rad_dino_AP_medsam3_crop_cv_5fold_holdout15pct,2,rad_dino,microsoft/rad-dino,AP,medsam3_crop,42,42,20260915_195640_rad_dino_AP_medsam3_crop_cv_5fold_holdout15pct/fold_2/best_model.pth,347215928,20e134ce06060396b824e78074c18cd1dd4298ec7c25d29af9bb70bdfaeffd05
20260915_195640_rad_dino_AP_medsam3_crop_cv_5fold_holdout15pct,3,rad_dino,microsoft/rad-dino,AP,medsam3_crop,42,42,20260915_195640_rad_dino_AP_medsam3_crop_cv_5fold_holdout15pct/fold_3/best_model.pth,347215928,051d15667d36aa5dccb7e6ef0d7334608842f49f7c7d2009c4dc8a8e668262e8
20260915_195640_rad_dino_AP_medsam3_crop_cv_5fold_holdout15pct,4,rad_dino,microsoft/rad-dino,AP,medsam3_crop,42,42,20260915_195640_rad_dino_AP_medsam3_crop_cv_5fold_holdout15pct/fold_4/best_model.pth,347215928,ed49395c126f381f7b3cf25f96a5fc588e711b91a483e9446278ceecaea3b485
20260915_195640_rad_dino_AP_medsam3_crop_cv_5fold_holdout15pct,5,rad_dino,microsoft/rad-dino,AP,medsam3_crop,42,42,20260915_195640_rad_dino_AP_medsam3_crop_cv_5fold_holdout15pct/fold_5/best_model.pth,347215928,68717dbf1c6ab2f1df2941357f8d5bc620dc6b162450230b22cc0e758a46b6fc
20260917_212010_resnet152_AP_chexmask_seg_cv_5fold_holdout15pct,1,resnet152,resnet152,AP,chexmask_seg,42,42,20260917_212010_resnet152_AP_chexmask_seg_cv_5fold_holdout15pct/fold_1/best_model.pth,235632827,d69417091d427deadefd9ad51cc453d51ef0fc1dd5ce18a1725ab9ac3876283b
20260917_212010_resnet152_AP_chexmask_seg_cv_5fold_holdout15pct,2,resnet152,resnet152,AP,chexmask_seg,42,42,20260917_212010_resnet152_AP_chexmask_seg_cv_5fold_holdout15pct/fold_2/best_model.pth,235632827,afb25161e42642ff957b049ecab11424ac9589139522acfd52cc18a6eb5ea7d7
20260917_212010_resnet152_AP_chexmask_seg_cv_5fold_holdout15pct,3,resnet152,resnet152,AP,chexmask_seg,42,42,20260917_212010_resnet152_AP_chexmask_seg_cv_5fold_holdout15pct/fold_3/best_model.pth,235632827,ba418e436ac34aa014f2d695e4367de78cf0c9c46a4d3c905a75980561959839
20260917_212010_resnet152_AP_chexmask_seg_cv_5fold_holdout15pct,4,resnet152,resnet152,AP,chexmask_seg,42,42,20260917_212010_resnet152_AP_chexmask_seg_cv_5fold_holdout15pct/fold_4/best_model.pth,235632827,bc1a6a88a15ed8a94a85bd17ec0961cde0cc96dfd2dde0566db8ff818e439cdb
20260917_212010_resnet152_AP_chexmask_seg_cv_5fold_holdout15pct,5,resnet152,resnet152,AP,chexmask_seg,42,42,20260917_212010_resnet152_AP_chexmask_seg_cv_5fold_holdout15pct/fold_5/best_model.pth,235632827,0081f08cbf726d144bd041ad4fe01f9242aae9e66dd86c99b667c0a85738f3b8
20260917_234135_densenet_AP_chexmask_seg_cv_5fold_holdout15pct,1,densenet,densenet201,AP,chexmask_seg,42,42,20260917_234135_densenet_AP_chexmask_seg_cv_5fold_holdout15pct/fold_1/best_model.pth,75763811,37910bbff725e40e337b4f15350e6454d93597cf69a4345aea504bbaa94308b6
20260917_234135_densenet_AP_chexmask_seg_cv_5fold_holdout15pct,2,densenet,densenet201,AP,chexmask_seg,42,42,20260917_234135_densenet_AP_chexmask_seg_cv_5fold_holdout15pct/fold_2/best_model.pth,75763811,feae4bc5697e5b714ff1f8920d9e5d77499c3915c8704a36ffa6997fb0d7b555
20260917_234135_densenet_AP_chexmask_seg_cv_5fold_holdout15pct,3,densenet,densenet201,AP,chexmask_seg,42,42,20260917_234135_densenet_AP_chexmask_seg_cv_5fold_holdout15pct/fold_3/best_model.pth,75763811,4db3e7cc1df298e009791160996864e6bb27511336c00f0fc9a62364e5fd99c1
20260917_234135_densenet_AP_chexmask_seg_cv_5fold_holdout15pct,4,densenet,densenet201,AP,chexmask_seg,42,42,20260917_234135_densenet_AP_chexmask_seg_cv_5fold_holdout15pct/fold_4/best_model.pth,75763811,2e4657c409455f22f9ff2b30b49e68ae35abc88a75b7e001ade4154d121883fe
20260917_234135_densenet_AP_chexmask_seg_cv_5fold_holdout15pct,5,densenet,densenet201,AP,chexmask_seg,42,42,20260917_234135_densenet_AP_chexmask_seg_cv_5fold_holdout15pct/fold_5/best_model.pth,75763811,f5f49f29c4fa041d1a0e1785b91d6929e68b79c2b7a86c028dec0751f61c25cc
20260911_192830_convnextv2_base_AP_chexmask_seg_cv_5fold_holdout15pct,1,convnextv2_base,convnextv2_base,AP,chexmask_seg,42,42,20260911_192830_convnextv2_base_AP_chexmask_seg_cv_5fold_holdout15pct/fold_1/best_model.pth,351988755,cf3ece7388370856c7e2c0aecc734cdee05a2aec1f940d18d3542efe1da82f60
20260911_192830_convnextv2_base_AP_chexmask_seg_cv_5fold_holdout15pct,2,convnextv2_base,convnextv2_base,AP,chexmask_seg,42,42,20260911_192830_convnextv2_base_AP_chexmask_seg_cv_5fold_holdout15pct/fold_2/best_model.pth,351988755,cfb1cf9fdbb59e94a67affa659da32ccb97c12a7f5c6f5fcc9e40a07e180a403
20260911_192830_convnextv2_base_AP_chexmask_seg_cv_5fold_holdout15pct,3,convnextv2_base,convnextv2_base,AP,chexmask_seg,42,42,20260911_192830_convnextv2_base_AP_chexmask_seg_cv_5fold_holdout15pct/fold_3/best_model.pth,351988755,70ac7dac53ed4eca9f5a0adbebc71b069dc70f0aa71cb005ae91f21242a5626f
20260911_192830_convnextv2_base_AP_chexmask_seg_cv_5fold_holdout15pct,4,convnextv2_base,convnextv2_base,AP,chexmask_seg,42,42,20260911_192830_convnextv2_base_AP_chexmask_seg_cv_5fold_holdout15pct/fold_4/best_model.pth,351988755,cf49ee0bec525b5f4e67fa6e73c16d43134bb9ddd4b3125436de65abfc6f672d
20260911_192830_convnextv2_base_AP_chexmask_seg_cv_5fold_holdout15pct,5,convnextv2_base,convnextv2_base,AP,chexmask_seg,42,42,20260911_192830_convnextv2_base_AP_chexmask_seg_cv_5fold_holdout15pct/fold_5/best_model.pth,351988755,7832456cf39cac635ab87428576ccefeefc8cc8c738e8f6473621f134849e655
20260914_081823_swint_base_AP_chexmask_seg_cv_5fold_holdout15pct,1,swint_base,swinv2_base_window16_256,AP,chexmask_seg,42,42,20260914_081823_swint_base_AP_chexmask_seg_cv_5fold_holdout15pct/fold_1/best_model.pth,347774848,6a473e0d25b172e98eec1e28c88fba435e28aefa079bb4de37236a9a480019e3
20260914_081823_swint_base_AP_chexmask_seg_cv_5fold_holdout15pct,2,swint_base,swinv2_base_window16_256,AP,chexmask_seg,42,42,20260914_081823_swint_base_AP_chexmask_seg_cv_5fold_holdout15pct/fold_2/best_model.pth,347774848,b2d80446785d90136e065327cb7cbd9662ce242353ba670e31b4c53b04069a04
20260914_081823_swint_base_AP_chexmask_seg_cv_5fold_holdout15pct,3,swint_base,swinv2_base_window16_256,AP,chexmask_seg,42,42,20260914_081823_swint_base_AP_chexmask_seg_cv_5fold_holdout15pct/fold_3/best_model.pth,347774848,f0b513e7be4b6b63d5884e8871b9857277496543d9a397b4cfb6d9632454f056
20260914_081823_swint_base_AP_chexmask_seg_cv_5fold_holdout15pct,4,swint_base,swinv2_base_window16_256,AP,chexmask_seg,42,42,20260914_081823_swint_base_AP_chexmask_seg_cv_5fold_holdout15pct/fold_4/best_model.pth,347774848,3638ff4111a306596f3b72f73711ab91c29248cfbadfe191684026bdf80a886d
20260914_081823_swint_base_AP_chexmask_seg_cv_5fold_holdout15pct,5,swint_base,swinv2_base_window16_256,AP,chexmask_seg,42,42,20260914_081823_swint_base_AP_chexmask_seg_cv_5fold_holdout15pct/fold_5/best_model.pth,347774848,97cbc3daacfeae14f676cf57847f486391dd0dace228b2bee50f5a9541d34f6e
20260911_222254_dinov3_base_AP_chexmask_seg_cv_5fold_holdout15pct,1,dinov3_base,vit_base_patch16_dinov3,AP,chexmask_seg,42,42,20260911_222254_dinov3_base_AP_chexmask_seg_cv_5fold_holdout15pct/fold_1/best_model.pth,343430651,435f11035626348cffc613f07742a4acfa6818798493f8f33e745f65d1217b80
20260911_222254_dinov3_base_AP_chexmask_seg_cv_5fold_holdout15pct,2,dinov3_base,vit_base_patch16_dinov3,AP,chexmask_seg,42,42,20260911_222254_dinov3_base_AP_chexmask_seg_cv_5fold_holdout15pct/fold_2/best_model.pth,343430651,f3b5b1f9b692cfa253160ffd5ec247cb45c15940451dcc4d0d78964033293052
20260911_222254_dinov3_base_AP_chexmask_seg_cv_5fold_holdout15pct,3,dinov3_base,vit_base_patch16_dinov3,AP,chexmask_seg,42,42,20260911_222254_dinov3_base_AP_chexmask_seg_cv_5fold_holdout15pct/fold_3/best_model.pth,343430651,e33bfce8a5d9d79e6504ed62d7d5ca897bc1710cfd4638dab198c3e1d533dc73
20260911_222254_dinov3_base_AP_chexmask_seg_cv_5fold_holdout15pct,4,dinov3_base,vit_base_patch16_dinov3,AP,chexmask_seg,42,42,20260911_222254_dinov3_base_AP_chexmask_seg_cv_5fold_holdout15pct/fold_4/best_model.pth,343430651,486c702a3eb7e0342b4f4e6bee7c1a1912ae91b9b9805df33d22502c0eda2c86
20260911_222254_dinov3_base_AP_chexmask_seg_cv_5fold_holdout15pct,5,dinov3_base,vit_base_patch16_dinov3,AP,chexmask_seg,42,42,20260911_222254_dinov3_base_AP_chexmask_seg_cv_5fold_holdout15pct/fold_5/best_model.pth,343430651,e834823d177c08f25f55c495d56b24165709984ba1b4c294d8e5d82b476e62a2
20260911_234000_eva_x_base_AP_chexmask_seg_cv_5fold_holdout15pct,1,eva_x_base,eva_x_base,AP,chexmask_seg,42,42,20260911_234000_eva_x_base_AP_chexmask_seg_cv_5fold_holdout15pct/fold_1/best_model.pth,346832065,0ba770bbccc07d60bb5ab830cf0dcd8948731dfd57d54dedf25d1ff3d2d59829
20260911_234000_eva_x_base_AP_chexmask_seg_cv_5fold_holdout15pct,2,eva_x_base,eva_x_base,AP,chexmask_seg,42,42,20260911_234000_eva_x_base_AP_chexmask_seg_cv_5fold_holdout15pct/fold_2/best_model.pth,346832065,6d5b3f21484af874a395d08663c3eea07497b36200cbe01c8d11559739f15e45
20260911_234000_eva_x_base_AP_chexmask_seg_cv_5fold_holdout15pct,3,eva_x_base,eva_x_base,AP,chexmask_seg,42,42,20260911_234000_eva_x_base_AP_chexmask_seg_cv_5fold_holdout15pct/fold_3/best_model.pth,346832065,0d3cf3ed068d5227336dee11ebe8529317593e4a50267fd5776b2b9938f3a96e
20260911_234000_eva_x_base_AP_chexmask_seg_cv_5fold_holdout15pct,4,eva_x_base,eva_x_base,AP,chexmask_seg,42,42,20260911_234000_eva_x_base_AP_chexmask_seg_cv_5fold_holdout15pct/fold_4/best_model.pth,346832065,c8be9ca1e8118d95415cccd2ea53f27f72f552cdf01c0da43fcb90808caef68a
20260911_234000_eva_x_base_AP_chexmask_seg_cv_5fold_holdout15pct,5,eva_x_base,eva_x_base,AP,chexmask_seg,42,42,20260911_234000_eva_x_base_AP_chexmask_seg_cv_5fold_holdout15pct/fold_5/best_model.pth,346832065,f7bbab866100357313393f36ac5e9e3883e4b7a6fe2c06ca209aabf7ecc320ae
20260915_233922_rad_dino_AP_chexmask_seg_cv_5fold_holdout15pct,1,rad_dino,microsoft/rad-dino,AP,chexmask_seg,42,42,20260915_233922_rad_dino_AP_chexmask_seg_cv_5fold_holdout15pct/fold_1/best_model.pth,347215928,f8fd36ae6b70496a1dd79facfa9364cee53102549ecbd8aa9c0ca9e71012614a
20260915_233922_rad_dino_AP_chexmask_seg_cv_5fold_holdout15pct,2,rad_dino,microsoft/rad-dino,AP,chexmask_seg,42,42,20260915_233922_rad_dino_AP_chexmask_seg_cv_5fold_holdout15pct/fold_2/best_model.pth,347215928,069bae5e1c704de8f23e082dd06d93c383b6216f11a6a1750a87159cc11b5a7b
20260915_233922_rad_dino_AP_chexmask_seg_cv_5fold_holdout15pct,3,rad_dino,microsoft/rad-dino,AP,chexmask_seg,42,42,20260915_233922_rad_dino_AP_chexmask_seg_cv_5fold_holdout15pct/fold_3/best_model.pth,347215928,69d3c1a65347d60ec1bf21b43dd6c4842b39d019581b66551dc9f97e0ed5e156
20260915_233922_rad_dino_AP_chexmask_seg_cv_5fold_holdout15pct,4,rad_dino,microsoft/rad-dino,AP,chexmask_seg,42,42,20260915_233922_rad_dino_AP_chexmask_seg_cv_5fold_holdout15pct/fold_4/best_model.pth,347215928,88706ee39349ddd451a259d9473dc58c4c5d0bc1cb6a575257670dac29ca9304
20260915_233922_rad_dino_AP_chexmask_seg_cv_5fold_holdout15pct,5,rad_dino,microsoft/rad-dino,AP,chexmask_seg,42,42,20260915_233922_rad_dino_AP_chexmask_seg_cv_5fold_holdout15pct/fold_5/best_model.pth,347215928,fcc835a4938fd68e0f39208f6eae2903b05bdb2111ab992ec93e91c82f9ff40b
20260918_010544_resnet152_AP_chexmask_crop_cv_5fold_holdout15pct,1,resnet152,resnet152,AP,chexmask_crop,42,42,20260918_010544_resnet152_AP_chexmask_crop_cv_5fold_holdout15pct/fold_1/best_model.pth,235632827,5ed42ae0b943e12904fa64b44d46b32dbf93d7bafb1613263ec43b5c07c79c42
20260918_010544_resnet152_AP_chexmask_crop_cv_5fold_holdout15pct,2,resnet152,resnet152,AP,chexmask_crop,42,42,20260918_010544_resnet152_AP_chexmask_crop_cv_5fold_holdout15pct/fold_2/best_model.pth,235632827,c0c898174f514f1cfc8c36881d589cc0b8fff8e684980711d845e1757d30f561
20260918_010544_resnet152_AP_chexmask_crop_cv_5fold_holdout15pct,3,resnet152,resnet152,AP,chexmask_crop,42,42,20260918_010544_resnet152_AP_chexmask_crop_cv_5fold_holdout15pct/fold_3/best_model.pth,235632827,7cf3e8a68ece5f1e8ebf22dc38cc5f8a7c73043d79c5b4e66e3cd72e6e4ce318
20260918_010544_resnet152_AP_chexmask_crop_cv_5fold_holdout15pct,4,resnet152,resnet152,AP,chexmask_crop,42,42,20260918_010544_resnet152_AP_chexmask_crop_cv_5fold_holdout15pct/fold_4/best_model.pth,235632827,35615a0136327392bbdde92ec24c5762cc580c025279af7993823d5c45c51624
20260918_010544_resnet152_AP_chexmask_crop_cv_5fold_holdout15pct,5,resnet152,resnet152,AP,chexmask_crop,42,42,20260918_010544_resnet152_AP_chexmask_crop_cv_5fold_holdout15pct/fold_5/best_model.pth,235632827,bdc7c929aac3a3b70acbf0de1d1b1a082e5fa2f35f287bcfa5be519325eb1933
20260918_030110_densenet_AP_chexmask_crop_cv_5fold_holdout15pct,1,densenet,densenet201,AP,chexmask_crop,42,42,20260918_030110_densenet_AP_chexmask_crop_cv_5fold_holdout15pct/fold_1/best_model.pth,75763811,6bd25565bdfe562d5a61c27debb5b8e752906748d61c38468123439df25d1bb6
20260918_030110_densenet_AP_chexmask_crop_cv_5fold_holdout15pct,2,densenet,densenet201,AP,chexmask_crop,42,42,20260918_030110_densenet_AP_chexmask_crop_cv_5fold_holdout15pct/fold_2/best_model.pth,75763811,a47f426fb58a02c2e044973db53469895f73f5e1a652e3f5d80e10aec3d4ecbd
20260918_030110_densenet_AP_chexmask_crop_cv_5fold_holdout15pct,3,densenet,densenet201,AP,chexmask_crop,42,42,20260918_030110_densenet_AP_chexmask_crop_cv_5fold_holdout15pct/fold_3/best_model.pth,75763811,de5bd1ac0e9b997cbb8a621fac0fb6df92a82dff58b3c71647753c7b0fb05038
20260918_030110_densenet_AP_chexmask_crop_cv_5fold_holdout15pct,4,densenet,densenet201,AP,chexmask_crop,42,42,20260918_030110_densenet_AP_chexmask_crop_cv_5fold_holdout15pct/fold_4/best_model.pth,75763811,ed8a313742f7af0cc8dcca582d336b1d11239128c134f3c5a2ee593eabcd0cd1
20260918_030110_densenet_AP_chexmask_crop_cv_5fold_holdout15pct,5,densenet,densenet201,AP,chexmask_crop,42,42,20260918_030110_densenet_AP_chexmask_crop_cv_5fold_holdout15pct/fold_5/best_model.pth,75763811,7066866389a96075814419d61d9b04b7274025f6e356fd445455b8eb7edfb4fd
20260912_075603_convnextv2_base_AP_chexmask_crop_cv_5fold_holdout15pct,1,convnextv2_base,convnextv2_base,AP,chexmask_crop,42,42,20260912_075603_convnextv2_base_AP_chexmask_crop_cv_5fold_holdout15pct/fold_1/best_model.pth,351988755,b7a819f64f5adefc0d5b574258f8a618b157fa1e120229bd8da96efea8911d78
20260912_075603_convnextv2_base_AP_chexmask_crop_cv_5fold_holdout15pct,2,convnextv2_base,convnextv2_base,AP,chexmask_crop,42,42,20260912_075603_convnextv2_base_AP_chexmask_crop_cv_5fold_holdout15pct/fold_2/best_model.pth,351988755,425a1703b04f96dfd533a8410a9a8a1b0e4e738ceb2805b74e6f7db5cfa8bca5
20260912_075603_convnextv2_base_AP_chexmask_crop_cv_5fold_holdout15pct,3,convnextv2_base,convnextv2_base,AP,chexmask_crop,42,42,20260912_075603_convnextv2_base_AP_chexmask_crop_cv_5fold_holdout15pct/fold_3/best_model.pth,351988755,d934d3c6d1148127333b3dae341b79cc24d1190bd0b8ff1f5a1902b81bbbd079
20260912_075603_convnextv2_base_AP_chexmask_crop_cv_5fold_holdout15pct,4,convnextv2_base,convnextv2_base,AP,chexmask_crop,42,42,20260912_075603_convnextv2_base_AP_chexmask_crop_cv_5fold_holdout15pct/fold_4/best_model.pth,351988755,fa293acd33c688126feddb51d6399394846a04c89b8ac8769af6d39ad9381f74
20260912_075603_convnextv2_base_AP_chexmask_crop_cv_5fold_holdout15pct,5,convnextv2_base,convnextv2_base,AP,chexmask_crop,42,42,20260912_075603_convnextv2_base_AP_chexmask_crop_cv_5fold_holdout15pct/fold_5/best_model.pth,351988755,de8185cf3fa598a17183ebf5eb8268a5bd18370a43a72f68ceef19d73cc52755
20260914_124109_swint_base_AP_chexmask_crop_cv_5fold_holdout15pct,1,swint_base,swinv2_base_window16_256,AP,chexmask_crop,42,42,20260914_124109_swint_base_AP_chexmask_crop_cv_5fold_holdout15pct/fold_1/best_model.pth,347774848,634e1d868eb0902c91cefb0119956a639864e73ad60d1c227d01b88b2517c2d2
20260914_124109_swint_base_AP_chexmask_crop_cv_5fold_holdout15pct,2,swint_base,swinv2_base_window16_256,AP,chexmask_crop,42,42,20260914_124109_swint_base_AP_chexmask_crop_cv_5fold_holdout15pct/fold_2/best_model.pth,347774848,96ddeb63dbbf6e7ac9f35e55a8be6382e97a4e5a156644d1e037acde75374e90
20260914_124109_swint_base_AP_chexmask_crop_cv_5fold_holdout15pct,3,swint_base,swinv2_base_window16_256,AP,chexmask_crop,42,42,20260914_124109_swint_base_AP_chexmask_crop_cv_5fold_holdout15pct/fold_3/best_model.pth,347774848,3e11138cac08ee3809a7108d056d70783282711ccebbe4ee0bbc713f65773105
20260914_124109_swint_base_AP_chexmask_crop_cv_5fold_holdout15pct,4,swint_base,swinv2_base_window16_256,AP,chexmask_crop,42,42,20260914_124109_swint_base_AP_chexmask_crop_cv_5fold_holdout15pct/fold_4/best_model.pth,347774848,3e5792304d1a6951af364e78975d6dd191c86e4576fb93ba2bfd824b71da5b35
20260914_124109_swint_base_AP_chexmask_crop_cv_5fold_holdout15pct,5,swint_base,swinv2_base_window16_256,AP,chexmask_crop,42,42,20260914_124109_swint_base_AP_chexmask_crop_cv_5fold_holdout15pct/fold_5/best_model.pth,347774848,840de9614f827ac95ec70b1f07619223c42a83dad6098787357dfd250eb4d7fa
20260912_104931_dinov3_base_AP_chexmask_crop_cv_5fold_holdout15pct,1,dinov3_base,vit_base_patch16_dinov3,AP,chexmask_crop,42,42,20260912_104931_dinov3_base_AP_chexmask_crop_cv_5fold_holdout15pct/fold_1/best_model.pth,343430651,42831fc4bca7a7c82602ecb1fef5ab536b7e1eef2185af0053211f3e4d45993b
20260912_104931_dinov3_base_AP_chexmask_crop_cv_5fold_holdout15pct,2,dinov3_base,vit_base_patch16_dinov3,AP,chexmask_crop,42,42,20260912_104931_dinov3_base_AP_chexmask_crop_cv_5fold_holdout15pct/fold_2/best_model.pth,343430651,c87beb236b6690da7bb5e9dcef93459b2d76d0e345eb2c8e78c34a97dc82f767
20260912_104931_dinov3_base_AP_chexmask_crop_cv_5fold_holdout15pct,3,dinov3_base,vit_base_patch16_dinov3,AP,chexmask_crop,42,42,20260912_104931_dinov3_base_AP_chexmask_crop_cv_5fold_holdout15pct/fold_3/best_model.pth,343430651,2ddd9f543685da4aa5dd3461bb44b0928c0dc91c86f9c8d0b83eaae0ae114e9f
20260912_104931_dinov3_base_AP_chexmask_crop_cv_5fold_holdout15pct,4,dinov3_base,vit_base_patch16_dinov3,AP,chexmask_crop,42,42,20260912_104931_dinov3_base_AP_chexmask_crop_cv_5fold_holdout15pct/fold_4/best_model.pth,343430651,aca7de8264a5d8a484904529c68a3dbbd83ccc4e398646978f48fc50d707eb91
20260912_104931_dinov3_base_AP_chexmask_crop_cv_5fold_holdout15pct,5,dinov3_base,vit_base_patch16_dinov3,AP,chexmask_crop,42,42,20260912_104931_dinov3_base_AP_chexmask_crop_cv_5fold_holdout15pct/fold_5/best_model.pth,343430651,21251e44097a58425aa4cac546c564b1140ee271cb26f1553ff400120774f124
20260912_120123_eva_x_base_AP_chexmask_crop_cv_5fold_holdout15pct,1,eva_x_base,eva_x_base,AP,chexmask_crop,42,42,20260912_120123_eva_x_base_AP_chexmask_crop_cv_5fold_holdout15pct/fold_1/best_model.pth,346832065,241937edfbdccf84f32f8444979c1c7f6d66f29f98e14fcc22bb95003b7f9cfc
20260912_120123_eva_x_base_AP_chexmask_crop_cv_5fold_holdout15pct,2,eva_x_base,eva_x_base,AP,chexmask_crop,42,42,20260912_120123_eva_x_base_AP_chexmask_crop_cv_5fold_holdout15pct/fold_2/best_model.pth,346832065,c77b25c72a61687362cd743641984eea1f4e7bbe40a932cab0c6969eb70ef0ba
20260912_120123_eva_x_base_AP_chexmask_crop_cv_5fold_holdout15pct,3,eva_x_base,eva_x_base,AP,chexmask_crop,42,42,20260912_120123_eva_x_base_AP_chexmask_crop_cv_5fold_holdout15pct/fold_3/best_model.pth,346832065,d13e6ab1122e5dffbd0edb54a8359540e74d499ada602f0565174cbc1212d0e3
20260912_120123_eva_x_base_AP_chexmask_crop_cv_5fold_holdout15pct,4,eva_x_base,eva_x_base,AP,chexmask_crop,42,42,20260912_120123_eva_x_base_AP_chexmask_crop_cv_5fold_holdout15pct/fold_4/best_model.pth,346832065,258dcc83fa0541d506746583027d37535fd306bf9f9e308f68beef29a2b706f2
20260912_120123_eva_x_base_AP_chexmask_crop_cv_5fold_holdout15pct,5,eva_x_base,eva_x_base,AP,chexmask_crop,42,42,20260912_120123_eva_x_base_AP_chexmask_crop_cv_5fold_holdout15pct/fold_5/best_model.pth,346832065,c3a0255b64bcfd83cfc25c9a224d18ea26193e9a648f026aa4d1e08598ef03bd
20260916_030439_rad_dino_AP_chexmask_crop_cv_5fold_holdout15pct,1,rad_dino,microsoft/rad-dino,AP,chexmask_crop,42,42,20260916_030439_rad_dino_AP_chexmask_crop_cv_5fold_holdout15pct/fold_1/best_model.pth,347215928,b6448ac993b3fe2c3d0ccd919b0a02cf2be36f483c6508e3df1c5c11c7d32248
20260916_030439_rad_dino_AP_chexmask_crop_cv_5fold_holdout15pct,2,rad_dino,microsoft/rad-dino,AP,chexmask_crop,42,42,20260916_030439_rad_dino_AP_chexmask_crop_cv_5fold_holdout15pct/fold_2/best_model.pth,347215928,b38f57f04657ad14ecdb6b2e208268a59ab14e565caddc79eca3fe9a2e20b86f
20260916_030439_rad_dino_AP_chexmask_crop_cv_5fold_holdout15pct,3,rad_dino,microsoft/rad-dino,AP,chexmask_crop,42,42,20260916_030439_rad_dino_AP_chexmask_crop_cv_5fold_holdout15pct/fold_3/best_model.pth,347215928,407dff97b387f990554be090bfcb2747b55cfafddbaf82ce809c981b21f4be2b
20260916_030439_rad_dino_AP_chexmask_crop_cv_5fold_holdout15pct,4,rad_dino,microsoft/rad-dino,AP,chexmask_crop,42,42,20260916_030439_rad_dino_AP_chexmask_crop_cv_5fold_holdout15pct/fold_4/best_model.pth,347215928,768f547c340c452ae93f0e83bc957cafe69dfedf40dc1cc0776ab7f2ad9b1762
20260916_030439_rad_dino_AP_chexmask_crop_cv_5fold_holdout15pct,5,rad_dino,microsoft/rad-dino,AP,chexmask_crop,42,42,20260916_030439_rad_dino_AP_chexmask_crop_cv_5fold_holdout15pct/fold_5/best_model.pth,347215928,d92f3751919745a44e9e7a59ca922026fed9f9ebdb19f4df00c7b38097a3d5d4
20260918_042254_resnet152_PA_raw_cv_5fold_holdout15pct,1,resnet152,resnet152,PA,raw,42,42,20260918_042254_resnet152_PA_raw_cv_5fold_holdout15pct/fold_1/best_model.pth,235632827,efbe5f03bde0feda37246cf1578730001e45e2ac19f01cb25ff2f0d702ea2780
20260918_042254_resnet152_PA_raw_cv_5fold_holdout15pct,2,resnet152,resnet152,PA,raw,42,42,20260918_042254_resnet152_PA_raw_cv_5fold_holdout15pct/fold_2/best_model.pth,235632827,82685720509f0f10659787796d5b875477de25c7411a09b9fa8e6230d5dcd0e8
20260918_042254_resnet152_PA_raw_cv_5fold_holdout15pct,3,resnet152,resnet152,PA,raw,42,42,20260918_042254_resnet152_PA_raw_cv_5fold_holdout15pct/fold_3/best_model.pth,235632827,48f06b91e44c6837e80eeef3e3edb6b420ac795489cbb6514c919440b9eaea91
20260918_042254_resnet152_PA_raw_cv_5fold_holdout15pct,4,resnet152,resnet152,PA,raw,42,42,20260918_042254_resnet152_PA_raw_cv_5fold_holdout15pct/fold_4/best_model.pth,235632827,5ca041b46198ae102705aa0079d76e2b3f0a8e122b6d2d6f5ecd04de2a82fecd
20260918_042254_resnet152_PA_raw_cv_5fold_holdout15pct,5,resnet152,resnet152,PA,raw,42,42,20260918_042254_resnet152_PA_raw_cv_5fold_holdout15pct/fold_5/best_model.pth,235632827,9abcdb2d3ec431ec635cc03d49bd27721bf30c1000319d990ffe28e5461e2bb2
20260918_062633_densenet_PA_raw_cv_5fold_holdout15pct,1,densenet,densenet201,PA,raw,42,42,20260918_062633_densenet_PA_raw_cv_5fold_holdout15pct/fold_1/best_model.pth,75763811,cc10aa280ce746b7f08f419eb2a75e81c9bc83e0f686b1bfa50ec27ecbcfb771
20260918_062633_densenet_PA_raw_cv_5fold_holdout15pct,2,densenet,densenet201,PA,raw,42,42,20260918_062633_densenet_PA_raw_cv_5fold_holdout15pct/fold_2/best_model.pth,75763811,13c9528485807eb7719eacdddf0d451d0a91cb8d5fc6541383c705a0664ccb29
20260918_062633_densenet_PA_raw_cv_5fold_holdout15pct,3,densenet,densenet201,PA,raw,42,42,20260918_062633_densenet_PA_raw_cv_5fold_holdout15pct/fold_3/best_model.pth,75763811,4dc80b6e70dd351ad83fbe01d09a5e9b00a17bdd1438bcfc229a8a8114eef77b
20260918_062633_densenet_PA_raw_cv_5fold_holdout15pct,4,densenet,densenet201,PA,raw,42,42,20260918_062633_densenet_PA_raw_cv_5fold_holdout15pct/fold_4/best_model.pth,75763811,ce3ec3d7576c8f8180c6635a2178dbf90680bec63f6a009af26336079ec15cb6
20260918_062633_densenet_PA_raw_cv_5fold_holdout15pct,5,densenet,densenet201,PA,raw,42,42,20260918_062633_densenet_PA_raw_cv_5fold_holdout15pct/fold_5/best_model.pth,75763811,63f0239d6a3f3b0975bab0af0a10869308e46fa1e996f531b487e2075f6c45ee
20260912_204440_convnextv2_base_PA_raw_cv_5fold_holdout15pct,1,convnextv2_base,convnextv2_base,PA,raw,42,42,20260912_204440_convnextv2_base_PA_raw_cv_5fold_holdout15pct/fold_1/best_model.pth,351988755,dd95bf6d667e23f3b25dcaf2ac413c4cae69d5542fd33d4fdf4acf8f5cd5acad
20260912_204440_convnextv2_base_PA_raw_cv_5fold_holdout15pct,2,convnextv2_base,convnextv2_base,PA,raw,42,42,20260912_204440_convnextv2_base_PA_raw_cv_5fold_holdout15pct/fold_2/best_model.pth,351988755,77d0623651cd650e9059ae1d9db56bd7e979f9cf7a2d556e886f49348ce52808
20260912_204440_convnextv2_base_PA_raw_cv_5fold_holdout15pct,3,convnextv2_base,convnextv2_base,PA,raw,42,42,20260912_204440_convnextv2_base_PA_raw_cv_5fold_holdout15pct/fold_3/best_model.pth,351988755,f3f1e9022b3dcda779f9593eb074c1b74af9422fc9c1ae4aad040350e3054ace
20260912_204440_convnextv2_base_PA_raw_cv_5fold_holdout15pct,4,convnextv2_base,convnextv2_base,PA,raw,42,42,20260912_204440_convnextv2_base_PA_raw_cv_5fold_holdout15pct/fold_4/best_model.pth,351988755,93f9abd880a57e05edb222508695787ba34401c73ad834394812e7b13c981d84
20260912_204440_convnextv2_base_PA_raw_cv_5fold_holdout15pct,5,convnextv2_base,convnextv2_base,PA,raw,42,42,20260912_204440_convnextv2_base_PA_raw_cv_5fold_holdout15pct/fold_5/best_model.pth,351988755,3c959acbe17e1b55c1552a55cdeb2b4aa6142bf75c0e0ec45a87bd7b00e10646
20260914_172603_swint_base_PA_raw_cv_5fold_holdout15pct,1,swint_base,swinv2_base_window16_256,PA,raw,42,42,20260914_172603_swint_base_PA_raw_cv_5fold_holdout15pct/fold_1/best_model.pth,347774848,105794bc39f8d282710903d9cdf1ba81d23588491688161dcdcd494036c46aa4
20260914_172603_swint_base_PA_raw_cv_5fold_holdout15pct,2,swint_base,swinv2_base_window16_256,PA,raw,42,42,20260914_172603_swint_base_PA_raw_cv_5fold_holdout15pct/fold_2/best_model.pth,347774848,3c26940159bdbcdb3c15c2572dbc032b0b8a2fc618ff8cf204588bc81c5d5e84
20260914_172603_swint_base_PA_raw_cv_5fold_holdout15pct,3,swint_base,swinv2_base_window16_256,PA,raw,42,42,20260914_172603_swint_base_PA_raw_cv_5fold_holdout15pct/fold_3/best_model.pth,347774848,42486de2db91165bd25feda158f57cdcc38d7e18702491a23dc51b594609155e
20260914_172603_swint_base_PA_raw_cv_5fold_holdout15pct,4,swint_base,swinv2_base_window16_256,PA,raw,42,42,20260914_172603_swint_base_PA_raw_cv_5fold_holdout15pct/fold_4/best_model.pth,347774848,e6a50a9155f6a72cdd045b57e64907287522d27df894026fceb1d6827785b25b
20260914_172603_swint_base_PA_raw_cv_5fold_holdout15pct,5,swint_base,swinv2_base_window16_256,PA,raw,42,42,20260914_172603_swint_base_PA_raw_cv_5fold_holdout15pct/fold_5/best_model.pth,347774848,5d2d9da0d3687ab5df831e9c71d153124ce131191371bb22f258748df8df7316
20260912_231315_dinov3_base_PA_raw_cv_5fold_holdout15pct,1,dinov3_base,vit_base_patch16_dinov3,PA,raw,42,42,20260912_231315_dinov3_base_PA_raw_cv_5fold_holdout15pct/fold_1/best_model.pth,343430651,ccf0a191d4feb4be113624babd7b74877426a7d286039ead0f25d30e64e7eea1
20260912_231315_dinov3_base_PA_raw_cv_5fold_holdout15pct,2,dinov3_base,vit_base_patch16_dinov3,PA,raw,42,42,20260912_231315_dinov3_base_PA_raw_cv_5fold_holdout15pct/fold_2/best_model.pth,343430651,3f67e65f6c7fbe0314da1b3473bb5fc5e18c0a947e57d57e3a3038500e088db1
20260912_231315_dinov3_base_PA_raw_cv_5fold_holdout15pct,3,dinov3_base,vit_base_patch16_dinov3,PA,raw,42,42,20260912_231315_dinov3_base_PA_raw_cv_5fold_holdout15pct/fold_3/best_model.pth,343430651,2cde2b0d8262703c661291ae4125eaab495c3fdb7e13199777d6cb15746c27a6
20260912_231315_dinov3_base_PA_raw_cv_5fold_holdout15pct,4,dinov3_base,vit_base_patch16_dinov3,PA,raw,42,42,20260912_231315_dinov3_base_PA_raw_cv_5fold_holdout15pct/fold_4/best_model.pth,343430651,fbac55daa73aedab58622ee186940deac766fd5d6047005e460050f20caffa20
20260912_231315_dinov3_base_PA_raw_cv_5fold_holdout15pct,5,dinov3_base,vit_base_patch16_dinov3,PA,raw,42,42,20260912_231315_dinov3_base_PA_raw_cv_5fold_holdout15pct/fold_5/best_model.pth,343430651,9bc9effdede8f207e3e394fb4fd0bc70701a3ef65056a81462931c8d718a3da8
20260913_004127_eva_x_base_PA_raw_cv_5fold_holdout15pct,1,eva_x_base,eva_x_base,PA,raw,42,42,20260913_004127_eva_x_base_PA_raw_cv_5fold_holdout15pct/fold_1/best_model.pth,346832065,290d7de6cc5e750f5214918b919743bcc31186afeff0e4785342073efc9e44e3
20260913_004127_eva_x_base_PA_raw_cv_5fold_holdout15pct,2,eva_x_base,eva_x_base,PA,raw,42,42,20260913_004127_eva_x_base_PA_raw_cv_5fold_holdout15pct/fold_2/best_model.pth,346832065,6a13c631c10e182bd46dd587ae4fccea2745049799190d88c3d97263883fa582
20260913_004127_eva_x_base_PA_raw_cv_5fold_holdout15pct,3,eva_x_base,eva_x_base,PA,raw,42,42,20260913_004127_eva_x_base_PA_raw_cv_5fold_holdout15pct/fold_3/best_model.pth,346832065,7c42021745f6d78e0d524c770c7cef7c028c2e08f572d913cb46ad903c6178db
20260913_004127_eva_x_base_PA_raw_cv_5fold_holdout15pct,4,eva_x_base,eva_x_base,PA,raw,42,42,20260913_004127_eva_x_base_PA_raw_cv_5fold_holdout15pct/fold_4/best_model.pth,346832065,970a7964ef5b890aecb53f91aa30c49b0cb126dd52d14464d29a2534140b274c
20260913_004127_eva_x_base_PA_raw_cv_5fold_holdout15pct,5,eva_x_base,eva_x_base,PA,raw,42,42,20260913_004127_eva_x_base_PA_raw_cv_5fold_holdout15pct/fold_5/best_model.pth,346832065,41d7b3afbb2cabb593ffc7e637320b5877adeb3f5646aeb255b239767417eec4
20260916_064318_rad_dino_PA_raw_cv_5fold_holdout15pct,1,rad_dino,microsoft/rad-dino,PA,raw,42,42,20260916_064318_rad_dino_PA_raw_cv_5fold_holdout15pct/fold_1/best_model.pth,347215928,4ae87d7cfa23c05f8cb4abf7786f697ea397d80ed5e83b925ce728796495483f
20260916_064318_rad_dino_PA_raw_cv_5fold_holdout15pct,2,rad_dino,microsoft/rad-dino,PA,raw,42,42,20260916_064318_rad_dino_PA_raw_cv_5fold_holdout15pct/fold_2/best_model.pth,347215928,8b49bee6a1d78a8aa4d8137046dbf649940a4b065bbf710e10a8be478b4b7ab0
20260916_064318_rad_dino_PA_raw_cv_5fold_holdout15pct,3,rad_dino,microsoft/rad-dino,PA,raw,42,42,20260916_064318_rad_dino_PA_raw_cv_5fold_holdout15pct/fold_3/best_model.pth,347215928,6aa174f7920ce798bde723becd31ce1ca78d37ca60e0847c29873ac63033cda0
20260916_064318_rad_dino_PA_raw_cv_5fold_holdout15pct,4,rad_dino,microsoft/rad-dino,PA,raw,42,42,20260916_064318_rad_dino_PA_raw_cv_5fold_holdout15pct/fold_4/best_model.pth,347215928,e4a0a810980ae9a83bdf2da9c93882172bd55f4a271450c4a0008b9cb6aa7623
20260916_064318_rad_dino_PA_raw_cv_5fold_holdout15pct,5,rad_dino,microsoft/rad-dino,PA,raw,42,42,20260916_064318_rad_dino_PA_raw_cv_5fold_holdout15pct/fold_5/best_model.pth,347215928,b6cb877e8932f01a09d02db1ab3e385c2b0a4f1bb4e8100e1aa7506fc10a8577
20260918_073821_resnet152_PA_medsam3_seg_cv_5fold_holdout15pct,1,resnet152,resnet152,PA,medsam3_seg,42,42,20260918_073821_resnet152_PA_medsam3_seg_cv_5fold_holdout15pct/fold_1/best_model.pth,235632827,e6aeb354f1441d4e88ade030c432b49a54f4ae53ddc044fe343c7cd364f80e82
20260918_073821_resnet152_PA_medsam3_seg_cv_5fold_holdout15pct,2,resnet152,resnet152,PA,medsam3_seg,42,42,20260918_073821_resnet152_PA_medsam3_seg_cv_5fold_holdout15pct/fold_2/best_model.pth,235632827,64bf82653843084aeab0e0e1839d52d54a604007bd62232fe19c9488833f2eb4
20260918_073821_resnet152_PA_medsam3_seg_cv_5fold_holdout15pct,3,resnet152,resnet152,PA,medsam3_seg,42,42,20260918_073821_resnet152_PA_medsam3_seg_cv_5fold_holdout15pct/fold_3/best_model.pth,235632827,b11b303f5eb8f61b5db76fc410f98490912690f507bf4b321bf549f045825b41
20260918_073821_resnet152_PA_medsam3_seg_cv_5fold_holdout15pct,4,resnet152,resnet152,PA,medsam3_seg,42,42,20260918_073821_resnet152_PA_medsam3_seg_cv_5fold_holdout15pct/fold_4/best_model.pth,235632827,29be06178f048e9543e642af90247bbf9fa156728a190ffaa69a85b0b0c72fb0
20260918_073821_resnet152_PA_medsam3_seg_cv_5fold_holdout15pct,5,resnet152,resnet152,PA,medsam3_seg,42,42,20260918_073821_resnet152_PA_medsam3_seg_cv_5fold_holdout15pct/fold_5/best_model.pth,235632827,cee97e13bb19685fb73c5814695d18afd78fb0da2b1a7eba8968777b2c88417f
20260918_101249_densenet_PA_medsam3_seg_cv_5fold_holdout15pct,1,densenet,densenet201,PA,medsam3_seg,42,42,20260918_101249_densenet_PA_medsam3_seg_cv_5fold_holdout15pct/fold_1/best_model.pth,75763811,77e56908c70c26b886c31687f92648aa2f0a1fa654a533cadb6e8ebbf871dfdb
20260918_101249_densenet_PA_medsam3_seg_cv_5fold_holdout15pct,2,densenet,densenet201,PA,medsam3_seg,42,42,20260918_101249_densenet_PA_medsam3_seg_cv_5fold_holdout15pct/fold_2/best_model.pth,75763811,a0290fe7c41a9eb5cb1e668f219638eb3d5173a2b0dc9f51bf309d13448e5ad0
20260918_101249_densenet_PA_medsam3_seg_cv_5fold_holdout15pct,3,densenet,densenet201,PA,medsam3_seg,42,42,20260918_101249_densenet_PA_medsam3_seg_cv_5fold_holdout15pct/fold_3/best_model.pth,75763811,a801a7c905031952c46b231a609d797e3cd44f6a431b04a7360cc29b1e710e39
20260918_101249_densenet_PA_medsam3_seg_cv_5fold_holdout15pct,4,densenet,densenet201,PA,medsam3_seg,42,42,20260918_101249_densenet_PA_medsam3_seg_cv_5fold_holdout15pct/fold_4/best_model.pth,75763811,a7afb8d97748a91bdb02cca6b347a6e2043eb63c59c974be30c8e6e5e718243a
20260918_101249_densenet_PA_medsam3_seg_cv_5fold_holdout15pct,5,densenet,densenet201,PA,medsam3_seg,42,42,20260918_101249_densenet_PA_medsam3_seg_cv_5fold_holdout15pct/fold_5/best_model.pth,75763811,8de6f744a54393101d1c40fc9423901dcc410a55af388917b42f835f80b465b3
20260907_180114_convnextv2_base_PA_medsam3_seg_cv_5fold_holdout15pct,1,convnextv2_base,convnextv2_base,PA,medsam3_seg,42,42,20260907_180114_convnextv2_base_PA_medsam3_seg_cv_5fold_holdout15pct/fold_1/best_model.pth,351988755,e4bbdee44cde677d679aa5f847918d802479716dc3e1f6da3f912b2f9c0dfb16
20260907_180114_convnextv2_base_PA_medsam3_seg_cv_5fold_holdout15pct,2,convnextv2_base,convnextv2_base,PA,medsam3_seg,42,42,20260907_180114_convnextv2_base_PA_medsam3_seg_cv_5fold_holdout15pct/fold_2/best_model.pth,351988755,ba80ef2e5d3ff5f0458c0c9128a33125f35fc4b2699df9a534eb1fee346759a3
20260907_180114_convnextv2_base_PA_medsam3_seg_cv_5fold_holdout15pct,3,convnextv2_base,convnextv2_base,PA,medsam3_seg,42,42,20260907_180114_convnextv2_base_PA_medsam3_seg_cv_5fold_holdout15pct/fold_3/best_model.pth,351988755,92f1cf2d8754e39d5a647f81c1ca3a5d7ee8aa77cfb4fb1b859bd6a6b425ca97
20260907_180114_convnextv2_base_PA_medsam3_seg_cv_5fold_holdout15pct,4,convnextv2_base,convnextv2_base,PA,medsam3_seg,42,42,20260907_180114_convnextv2_base_PA_medsam3_seg_cv_5fold_holdout15pct/fold_4/best_model.pth,351988755,0d7b644b31097974845f8a4efa3120d55e8cd3f2c452d90c85825da363de034e
20260907_180114_convnextv2_base_PA_medsam3_seg_cv_5fold_holdout15pct,5,convnextv2_base,convnextv2_base,PA,medsam3_seg,42,42,20260907_180114_convnextv2_base_PA_medsam3_seg_cv_5fold_holdout15pct/fold_5/best_model.pth,351988755,575ce0c092e041d061cdb04ed92c2ca767c7faf9267fbb7749fa9cfd2495f63b
20260907_203123_swint_base_PA_medsam3_seg_cv_5fold_holdout15pct,1,swint_base,swinv2_base_window16_256,PA,medsam3_seg,42,42,20260907_203123_swint_base_PA_medsam3_seg_cv_5fold_holdout15pct/fold_1/best_model.pth,347774848,b25c89cad19c1f110e35a8ca4f6725f1b45b805eebbfe2d2efde909200644bba
20260907_203123_swint_base_PA_medsam3_seg_cv_5fold_holdout15pct,2,swint_base,swinv2_base_window16_256,PA,medsam3_seg,42,42,20260907_203123_swint_base_PA_medsam3_seg_cv_5fold_holdout15pct/fold_2/best_model.pth,347774848,eb76f9974be21e82621aa980c3bb460c0c5c313f34fbc2f1634de1606ee294d0
20260907_203123_swint_base_PA_medsam3_seg_cv_5fold_holdout15pct,3,swint_base,swinv2_base_window16_256,PA,medsam3_seg,42,42,20260907_203123_swint_base_PA_medsam3_seg_cv_5fold_holdout15pct/fold_3/best_model.pth,347774848,8379a51568b5fea77c1537e622c577efbb33a6d33a99a0bb954467db935d7d8c
20260907_203123_swint_base_PA_medsam3_seg_cv_5fold_holdout15pct,4,swint_base,swinv2_base_window16_256,PA,medsam3_seg,42,42,20260907_203123_swint_base_PA_medsam3_seg_cv_5fold_holdout15pct/fold_4/best_model.pth,347774848,5d1b83bfcd791a52ed741f573a3b8d366a66ca38280c27b96e39f3d8d093ba68
20260907_203123_swint_base_PA_medsam3_seg_cv_5fold_holdout15pct,5,swint_base,swinv2_base_window16_256,PA,medsam3_seg,42,42,20260907_203123_swint_base_PA_medsam3_seg_cv_5fold_holdout15pct/fold_5/best_model.pth,347774848,8fd5bcb6a5451ee9dd60dab01b8d2925c7df1a21a3621c05937d0a371d0075bd
20260908_002127_dinov3_base_PA_medsam3_seg_cv_5fold_holdout15pct,1,dinov3_base,vit_base_patch16_dinov3,PA,medsam3_seg,42,42,20260908_002127_dinov3_base_PA_medsam3_seg_cv_5fold_holdout15pct/fold_1/best_model.pth,343430651,9fb31c5932fe1c39d161bc97299818ac1d52d30d2766e87389cfdf4da0f5561c
20260908_002127_dinov3_base_PA_medsam3_seg_cv_5fold_holdout15pct,2,dinov3_base,vit_base_patch16_dinov3,PA,medsam3_seg,42,42,20260908_002127_dinov3_base_PA_medsam3_seg_cv_5fold_holdout15pct/fold_2/best_model.pth,343430651,8e5446d220d4ebd2a1f36d420ccb0d02255891e2cfa2bc82b6649655b80d3f53
20260908_002127_dinov3_base_PA_medsam3_seg_cv_5fold_holdout15pct,3,dinov3_base,vit_base_patch16_dinov3,PA,medsam3_seg,42,42,20260908_002127_dinov3_base_PA_medsam3_seg_cv_5fold_holdout15pct/fold_3/best_model.pth,343430651,ccbf01b7d5de07cf6ce95675e5517668fac9ea3ee374fd99c066e5dfe9951d6c
20260908_002127_dinov3_base_PA_medsam3_seg_cv_5fold_holdout15pct,4,dinov3_base,vit_base_patch16_dinov3,PA,medsam3_seg,42,42,20260908_002127_dinov3_base_PA_medsam3_seg_cv_5fold_holdout15pct/fold_4/best_model.pth,343430651,0583f4778ce846c1ff0b715b0339b1e86b5c374490340929fe4ecc1a4d38ccf7
20260908_002127_dinov3_base_PA_medsam3_seg_cv_5fold_holdout15pct,5,dinov3_base,vit_base_patch16_dinov3,PA,medsam3_seg,42,42,20260908_002127_dinov3_base_PA_medsam3_seg_cv_5fold_holdout15pct/fold_5/best_model.pth,343430651,bffa7d3650c1aaa206e30e9dc7a1826f2000c2c35b1f23bcc3ca0a8f131ee054
20260908_015426_eva_x_base_PA_medsam3_seg_cv_5fold_holdout15pct,1,eva_x_base,eva_x_base,PA,medsam3_seg,42,42,20260908_015426_eva_x_base_PA_medsam3_seg_cv_5fold_holdout15pct/fold_1/best_model.pth,346832065,08dc7ce3052ad73f30fbb73b8c8cfd2b7d39e6a13219638114a7cef67b5d5b3b
20260908_015426_eva_x_base_PA_medsam3_seg_cv_5fold_holdout15pct,2,eva_x_base,eva_x_base,PA,medsam3_seg,42,42,20260908_015426_eva_x_base_PA_medsam3_seg_cv_5fold_holdout15pct/fold_2/best_model.pth,346832065,2dc8e2215b9b9660c169554ec3518bc8f4f96928ec162a5851ca1001163ae37e
20260908_015426_eva_x_base_PA_medsam3_seg_cv_5fold_holdout15pct,3,eva_x_base,eva_x_base,PA,medsam3_seg,42,42,20260908_015426_eva_x_base_PA_medsam3_seg_cv_5fold_holdout15pct/fold_3/best_model.pth,346832065,615a270ba933aaf8023a590d53e1be76d7ebd31a0bc1a9be48332efd68b0e940
20260908_015426_eva_x_base_PA_medsam3_seg_cv_5fold_holdout15pct,4,eva_x_base,eva_x_base,PA,medsam3_seg,42,42,20260908_015426_eva_x_base_PA_medsam3_seg_cv_5fold_holdout15pct/fold_4/best_model.pth,346832065,c20f954e7976ddb155a59339b5a2a7119081556ee55980f879ea00fc96875ce4
20260908_015426_eva_x_base_PA_medsam3_seg_cv_5fold_holdout15pct,5,eva_x_base,eva_x_base,PA,medsam3_seg,42,42,20260908_015426_eva_x_base_PA_medsam3_seg_cv_5fold_holdout15pct/fold_5/best_model.pth,346832065,a3b5b660748d6ce352931668eb5a19651236b961513c5569d8b5f8b1424b2bea
20260916_120955_rad_dino_PA_medsam3_seg_cv_5fold_holdout15pct,1,rad_dino,microsoft/rad-dino,PA,medsam3_seg,42,42,20260916_120955_rad_dino_PA_medsam3_seg_cv_5fold_holdout15pct/fold_1/best_model.pth,347215928,9c36a675426e10a9272b2db059580aaf05fc68cff30fc19db0b738203dbc7999
20260916_120955_rad_dino_PA_medsam3_seg_cv_5fold_holdout15pct,2,rad_dino,microsoft/rad-dino,PA,medsam3_seg,42,42,20260916_120955_rad_dino_PA_medsam3_seg_cv_5fold_holdout15pct/fold_2/best_model.pth,347215928,2128bd790a59d8a4eaf79baf462ffe893399a7883e44cc1bf4bd265d99f3c032
20260916_120955_rad_dino_PA_medsam3_seg_cv_5fold_holdout15pct,3,rad_dino,microsoft/rad-dino,PA,medsam3_seg,42,42,20260916_120955_rad_dino_PA_medsam3_seg_cv_5fold_holdout15pct/fold_3/best_model.pth,347215928,4c6bcd7f464ca045785fd7adc3e082b5e515d3868485ce6adea5e6fa8b98939d
20260916_120955_rad_dino_PA_medsam3_seg_cv_5fold_holdout15pct,4,rad_dino,microsoft/rad-dino,PA,medsam3_seg,42,42,20260916_120955_rad_dino_PA_medsam3_seg_cv_5fold_holdout15pct/fold_4/best_model.pth,347215928,d452219edb927312f741691e89712377d6e7fbdd654bec84b9348b213e10377a
20260916_120955_rad_dino_PA_medsam3_seg_cv_5fold_holdout15pct,5,rad_dino,microsoft/rad-dino,PA,medsam3_seg,42,42,20260916_120955_rad_dino_PA_medsam3_seg_cv_5fold_holdout15pct/fold_5/best_model.pth,347215928,6af63ffeed5a2028a15fedd7bc83b9313d54ab551aefe526c9da80112e7c9c8a
20260918_112744_resnet152_PA_medsam3_crop_cv_5fold_holdout15pct,1,resnet152,resnet152,PA,medsam3_crop,42,42,20260918_112744_resnet152_PA_medsam3_crop_cv_5fold_holdout15pct/fold_1/best_model.pth,235632827,f3c0f54b183ac5936892182c0a22845d68aeebc11aff68f40809f616c49eebfe
20260918_112744_resnet152_PA_medsam3_crop_cv_5fold_holdout15pct,2,resnet152,resnet152,PA,medsam3_crop,42,42,20260918_112744_resnet152_PA_medsam3_crop_cv_5fold_holdout15pct/fold_2/best_model.pth,235632827,6a624cbeed78c40eb42dbfbb3b15a5632d392f70c9a9aa9903ec87dad228b6e9
20260918_112744_resnet152_PA_medsam3_crop_cv_5fold_holdout15pct,3,resnet152,resnet152,PA,medsam3_crop,42,42,20260918_112744_resnet152_PA_medsam3_crop_cv_5fold_holdout15pct/fold_3/best_model.pth,235632827,6a95b87f9b8b860454f67d0bd41d1abd109bc20746ecd069833559032a9d7c32
20260918_112744_resnet152_PA_medsam3_crop_cv_5fold_holdout15pct,4,resnet152,resnet152,PA,medsam3_crop,42,42,20260918_112744_resnet152_PA_medsam3_crop_cv_5fold_holdout15pct/fold_4/best_model.pth,235632827,779a2d4f83a3ba4a3cf1ef93c11865c8d62a83d7bcdb6c16b00a73795864fe86
20260918_112744_resnet152_PA_medsam3_crop_cv_5fold_holdout15pct,5,resnet152,resnet152,PA,medsam3_crop,42,42,20260918_112744_resnet152_PA_medsam3_crop_cv_5fold_holdout15pct/fold_5/best_model.pth,235632827,4402cc036bb588f39d9b844318b866af6d4ad10da5ce33a6ff9feb8ed6b21d97
20260918_133311_densenet_PA_medsam3_crop_cv_5fold_holdout15pct,1,densenet,densenet201,PA,medsam3_crop,42,42,20260918_133311_densenet_PA_medsam3_crop_cv_5fold_holdout15pct/fold_1/best_model.pth,75763811,cfd7cbf663702049825e95debe01b67486131bc7d3b28461cb38754e1ed9c231
20260918_133311_densenet_PA_medsam3_crop_cv_5fold_holdout15pct,2,densenet,densenet201,PA,medsam3_crop,42,42,20260918_133311_densenet_PA_medsam3_crop_cv_5fold_holdout15pct/fold_2/best_model.pth,75763811,f44eea9494665b301e8f61df966646538efaab85245991fd7890db6519844d18
20260918_133311_densenet_PA_medsam3_crop_cv_5fold_holdout15pct,3,densenet,densenet201,PA,medsam3_crop,42,42,20260918_133311_densenet_PA_medsam3_crop_cv_5fold_holdout15pct/fold_3/best_model.pth,75763811,ab64b73bd9e1b955bd9f0c9f7ec017437e59218fcfe2f237d732ccdef1467d13
20260918_133311_densenet_PA_medsam3_crop_cv_5fold_holdout15pct,4,densenet,densenet201,PA,medsam3_crop,42,42,20260918_133311_densenet_PA_medsam3_crop_cv_5fold_holdout15pct/fold_4/best_model.pth,75763811,29769c8608304d9b0023d95eb9dc3ddff3aaa9c80d8d9a390733bd108727fa58
20260918_133311_densenet_PA_medsam3_crop_cv_5fold_holdout15pct,5,densenet,densenet201,PA,medsam3_crop,42,42,20260918_133311_densenet_PA_medsam3_crop_cv_5fold_holdout15pct/fold_5/best_model.pth,75763811,02a15dd386aae9312e24bdf69411f9a920308e5674db1e60dbae76efb9e38afd
20260908_093546_convnextv2_base_PA_medsam3_crop_cv_5fold_holdout15pct,1,convnextv2_base,convnextv2_base,PA,medsam3_crop,42,42,20260908_093546_convnextv2_base_PA_medsam3_crop_cv_5fold_holdout15pct/fold_1/best_model.pth,351988755,cb0aa1a660363b0e87ff23697918b2b44ac698a66f19a1efcf567110b0f9eead
20260908_093546_convnextv2_base_PA_medsam3_crop_cv_5fold_holdout15pct,2,convnextv2_base,convnextv2_base,PA,medsam3_crop,42,42,20260908_093546_convnextv2_base_PA_medsam3_crop_cv_5fold_holdout15pct/fold_2/best_model.pth,351988755,b7818a38a09e6520141667bb4a7048f9a36a2ede7ffd895166500a36a202b64a
20260908_093546_convnextv2_base_PA_medsam3_crop_cv_5fold_holdout15pct,3,convnextv2_base,convnextv2_base,PA,medsam3_crop,42,42,20260908_093546_convnextv2_base_PA_medsam3_crop_cv_5fold_holdout15pct/fold_3/best_model.pth,351988755,4f9c9ad05778aa0f9f71e897be39e886c2579fa1316ac2164d07ce4807b289cd
20260908_093546_convnextv2_base_PA_medsam3_crop_cv_5fold_holdout15pct,4,convnextv2_base,convnextv2_base,PA,medsam3_crop,42,42,20260908_093546_convnextv2_base_PA_medsam3_crop_cv_5fold_holdout15pct/fold_4/best_model.pth,351988755,854ee231c33981774c3ada98c71e1868cedf3b8e1196a5a58c890c5e296d0744
20260908_093546_convnextv2_base_PA_medsam3_crop_cv_5fold_holdout15pct,5,convnextv2_base,convnextv2_base,PA,medsam3_crop,42,42,20260908_093546_convnextv2_base_PA_medsam3_crop_cv_5fold_holdout15pct/fold_5/best_model.pth,351988755,0306bf93162bb81ba0e43fa9b18da2d296aa1805acc75a4383924f6ae79395c2
20260908_120636_swint_base_PA_medsam3_crop_cv_5fold_holdout15pct,1,swint_base,swinv2_base_window16_256,PA,medsam3_crop,42,42,20260908_120636_swint_base_PA_medsam3_crop_cv_5fold_holdout15pct/fold_1/best_model.pth,347774848,1a04fbcec9ea513f93520e68231c434127f7c117d4b26ec5542da5ab7f856e00
20260908_120636_swint_base_PA_medsam3_crop_cv_5fold_holdout15pct,2,swint_base,swinv2_base_window16_256,PA,medsam3_crop,42,42,20260908_120636_swint_base_PA_medsam3_crop_cv_5fold_holdout15pct/fold_2/best_model.pth,347774848,e4e11040fee784c01d3e10289c5ab72bfdf94ff9ced6e045f8d33b43cc6a4c82
20260908_120636_swint_base_PA_medsam3_crop_cv_5fold_holdout15pct,3,swint_base,swinv2_base_window16_256,PA,medsam3_crop,42,42,20260908_120636_swint_base_PA_medsam3_crop_cv_5fold_holdout15pct/fold_3/best_model.pth,347774848,f2b783b1f3348a145c0284c45f9dfefd9b57d32add201858695a6994e8e631ae
20260908_120636_swint_base_PA_medsam3_crop_cv_5fold_holdout15pct,4,swint_base,swinv2_base_window16_256,PA,medsam3_crop,42,42,20260908_120636_swint_base_PA_medsam3_crop_cv_5fold_holdout15pct/fold_4/best_model.pth,347774848,cfdf1e568a629863601150d3a6538d1bc493b11f49ca2880415354de24153564
20260908_120636_swint_base_PA_medsam3_crop_cv_5fold_holdout15pct,5,swint_base,swinv2_base_window16_256,PA,medsam3_crop,42,42,20260908_120636_swint_base_PA_medsam3_crop_cv_5fold_holdout15pct/fold_5/best_model.pth,347774848,a544cb6775254a50d39634161a6dd44d592c7dfddbaef5d2685a9543b376c012
20260908_155706_dinov3_base_PA_medsam3_crop_cv_5fold_holdout15pct,1,dinov3_base,vit_base_patch16_dinov3,PA,medsam3_crop,42,42,20260908_155706_dinov3_base_PA_medsam3_crop_cv_5fold_holdout15pct/fold_1/best_model.pth,343430651,7e09a42ab5c7b29626c4a0170e98e167b37e4ae1caa76ed436eefde108e45ac0
20260908_155706_dinov3_base_PA_medsam3_crop_cv_5fold_holdout15pct,2,dinov3_base,vit_base_patch16_dinov3,PA,medsam3_crop,42,42,20260908_155706_dinov3_base_PA_medsam3_crop_cv_5fold_holdout15pct/fold_2/best_model.pth,343430651,3e1043daed5c5b9345a6b4187ca02953f135086832ebc4fbeeab51789e71ecd9
20260908_155706_dinov3_base_PA_medsam3_crop_cv_5fold_holdout15pct,3,dinov3_base,vit_base_patch16_dinov3,PA,medsam3_crop,42,42,20260908_155706_dinov3_base_PA_medsam3_crop_cv_5fold_holdout15pct/fold_3/best_model.pth,343430651,92414d2e8a961cf011f75fde90a8b15237fae6b0ef5664e3452f1d1464c3ef27
20260908_155706_dinov3_base_PA_medsam3_crop_cv_5fold_holdout15pct,4,dinov3_base,vit_base_patch16_dinov3,PA,medsam3_crop,42,42,20260908_155706_dinov3_base_PA_medsam3_crop_cv_5fold_holdout15pct/fold_4/best_model.pth,343430651,a6b661cdf8218218bcde2d8b80e59d452e5238b74166fda62383f7cbe4043bba
20260908_155706_dinov3_base_PA_medsam3_crop_cv_5fold_holdout15pct,5,dinov3_base,vit_base_patch16_dinov3,PA,medsam3_crop,42,42,20260908_155706_dinov3_base_PA_medsam3_crop_cv_5fold_holdout15pct/fold_5/best_model.pth,343430651,edfed0f5b5f006e0ff946b7a7975a02e20e2a963bba4d8bc4d1dc32c04d3df82
20260908_172509_eva_x_base_PA_medsam3_crop_cv_5fold_holdout15pct,1,eva_x_base,eva_x_base,PA,medsam3_crop,42,42,20260908_172509_eva_x_base_PA_medsam3_crop_cv_5fold_holdout15pct/fold_1/best_model.pth,346832065,d38e677f73220c254066bd83e3df8a3aab3e5646015c6b70e3c9d78784c11b2b
20260908_172509_eva_x_base_PA_medsam3_crop_cv_5fold_holdout15pct,2,eva_x_base,eva_x_base,PA,medsam3_crop,42,42,20260908_172509_eva_x_base_PA_medsam3_crop_cv_5fold_holdout15pct/fold_2/best_model.pth,346832065,a391187b8b63bc9ce6f97f27ddca47b51e4befd69d5157cb336a91b435e7ab5c
20260908_172509_eva_x_base_PA_medsam3_crop_cv_5fold_holdout15pct,3,eva_x_base,eva_x_base,PA,medsam3_crop,42,42,20260908_172509_eva_x_base_PA_medsam3_crop_cv_5fold_holdout15pct/fold_3/best_model.pth,346832065,e606709874aec4e6d3e9e660ba046a7b1ca0f5af087afad3f4bf7589dc0616d3
20260908_172509_eva_x_base_PA_medsam3_crop_cv_5fold_holdout15pct,4,eva_x_base,eva_x_base,PA,medsam3_crop,42,42,20260908_172509_eva_x_base_PA_medsam3_crop_cv_5fold_holdout15pct/fold_4/best_model.pth,346832065,54f5e9b7a63c03413b8345708504cbbb7eac0ad4d13cfa15a954b6f5e64c4098
20260908_172509_eva_x_base_PA_medsam3_crop_cv_5fold_holdout15pct,5,eva_x_base,eva_x_base,PA,medsam3_crop,42,42,20260908_172509_eva_x_base_PA_medsam3_crop_cv_5fold_holdout15pct/fold_5/best_model.pth,346832065,87113850cb77d7b20d74f97af480bca4a7e4866390d73b069b920f4f8229cdd9
20260916_151509_rad_dino_PA_medsam3_crop_cv_5fold_holdout15pct,1,rad_dino,microsoft/rad-dino,PA,medsam3_crop,42,42,20260916_151509_rad_dino_PA_medsam3_crop_cv_5fold_holdout15pct/fold_1/best_model.pth,347215928,38f375b2d14fd2c70be653155f371bfd5bd3874614c63cad75fec99855d51a91
20260916_151509_rad_dino_PA_medsam3_crop_cv_5fold_holdout15pct,2,rad_dino,microsoft/rad-dino,PA,medsam3_crop,42,42,20260916_151509_rad_dino_PA_medsam3_crop_cv_5fold_holdout15pct/fold_2/best_model.pth,347215928,97ff92f555f959075d8c542c69b630f93693fcf38c62de001c39a3f062936512
20260916_151509_rad_dino_PA_medsam3_crop_cv_5fold_holdout15pct,3,rad_dino,microsoft/rad-dino,PA,medsam3_crop,42,42,20260916_151509_rad_dino_PA_medsam3_crop_cv_5fold_holdout15pct/fold_3/best_model.pth,347215928,fe6a622bb5895ffe5a5fe2f0d9d30fb1719826fe5b63dc660bc8e87708cdc044
20260916_151509_rad_dino_PA_medsam3_crop_cv_5fold_holdout15pct,4,rad_dino,microsoft/rad-dino,PA,medsam3_crop,42,42,20260916_151509_rad_dino_PA_medsam3_crop_cv_5fold_holdout15pct/fold_4/best_model.pth,347215928,7dcd545ca5e89504238198db5837e459c8a10116cd24daae351752536e9e7976
20260916_151509_rad_dino_PA_medsam3_crop_cv_5fold_holdout15pct,5,rad_dino,microsoft/rad-dino,PA,medsam3_crop,42,42,20260916_151509_rad_dino_PA_medsam3_crop_cv_5fold_holdout15pct/fold_5/best_model.pth,347215928,441a7aa6ecef2e5d2a1049370398cc9fc566534823c183db25ef46b7626a4668
20260918_144611_resnet152_PA_chexmask_seg_cv_5fold_holdout15pct,1,resnet152,resnet152,PA,chexmask_seg,42,42,20260918_144611_resnet152_PA_chexmask_seg_cv_5fold_holdout15pct/fold_1/best_model.pth,235632827,aa5ccd9aade8b8fa570f7237cc19584aec3a0a80be8afb35ab08f47673ade48f
20260918_144611_resnet152_PA_chexmask_seg_cv_5fold_holdout15pct,2,resnet152,resnet152,PA,chexmask_seg,42,42,20260918_144611_resnet152_PA_chexmask_seg_cv_5fold_holdout15pct/fold_2/best_model.pth,235632827,fac96f9dfb5c14e8dd98dc695599a15c567b998181b01351000da30a16c401aa
20260918_144611_resnet152_PA_chexmask_seg_cv_5fold_holdout15pct,3,resnet152,resnet152,PA,chexmask_seg,42,42,20260918_144611_resnet152_PA_chexmask_seg_cv_5fold_holdout15pct/fold_3/best_model.pth,235632827,6a2dd074d3f35b560cbc109c771c9514765adc3ad65d4a81a1f00d791661ed38
20260918_144611_resnet152_PA_chexmask_seg_cv_5fold_holdout15pct,4,resnet152,resnet152,PA,chexmask_seg,42,42,20260918_144611_resnet152_PA_chexmask_seg_cv_5fold_holdout15pct/fold_4/best_model.pth,235632827,14eee39d81714ec28bd057115fd3bce088a55285b50d084e67a60a2ccba3c163
20260918_144611_resnet152_PA_chexmask_seg_cv_5fold_holdout15pct,5,resnet152,resnet152,PA,chexmask_seg,42,42,20260918_144611_resnet152_PA_chexmask_seg_cv_5fold_holdout15pct/fold_5/best_model.pth,235632827,b251c7922462e31378d987d8e21e32ecef4bf1d7b55888445b23071d199bbf77
20260918_164912_densenet_PA_chexmask_seg_cv_5fold_holdout15pct,1,densenet,densenet201,PA,chexmask_seg,42,42,20260918_164912_densenet_PA_chexmask_seg_cv_5fold_holdout15pct/fold_1/best_model.pth,75763811,57c5e651d91b01ea66fcdbce245220cb3980d2ca9bfc6ba8d98c9ca37ecd74fe
20260918_164912_densenet_PA_chexmask_seg_cv_5fold_holdout15pct,2,densenet,densenet201,PA,chexmask_seg,42,42,20260918_164912_densenet_PA_chexmask_seg_cv_5fold_holdout15pct/fold_2/best_model.pth,75763811,3fe24fd6d167ec83d59f33344eb11cee1868846ff81c44252ba158c13e27cfc2
20260918_164912_densenet_PA_chexmask_seg_cv_5fold_holdout15pct,3,densenet,densenet201,PA,chexmask_seg,42,42,20260918_164912_densenet_PA_chexmask_seg_cv_5fold_holdout15pct/fold_3/best_model.pth,75763811,751a3e3848444f5e9a12543455f709f47d03af39abf07f9d77b296ec293c7334
20260918_164912_densenet_PA_chexmask_seg_cv_5fold_holdout15pct,4,densenet,densenet201,PA,chexmask_seg,42,42,20260918_164912_densenet_PA_chexmask_seg_cv_5fold_holdout15pct/fold_4/best_model.pth,75763811,ced63ee3505418a09e6477ff64e6049deda47f97cc14ffa419e3602f2b5f8a00
20260918_164912_densenet_PA_chexmask_seg_cv_5fold_holdout15pct,5,densenet,densenet201,PA,chexmask_seg,42,42,20260918_164912_densenet_PA_chexmask_seg_cv_5fold_holdout15pct/fold_5/best_model.pth,75763811,4313517923178236de91501060a84982c556ca565fc88b27faa4d929331d3030
20260909_011100_convnextv2_base_PA_chexmask_seg_cv_5fold_holdout15pct,1,convnextv2_base,convnextv2_base,PA,chexmask_seg,42,42,20260909_011100_convnextv2_base_PA_chexmask_seg_cv_5fold_holdout15pct/fold_1/best_model.pth,351988755,a8b2d246b6e62a46c57270a4dcfb8c9cd8ddeb9d8d7cb4fd1e4727ebc8cca636
20260909_011100_convnextv2_base_PA_chexmask_seg_cv_5fold_holdout15pct,2,convnextv2_base,convnextv2_base,PA,chexmask_seg,42,42,20260909_011100_convnextv2_base_PA_chexmask_seg_cv_5fold_holdout15pct/fold_2/best_model.pth,351988755,c94f7ff9b03a4b05144e6244d4b4182032db38746a925de60d4cd5f76df2eca2
20260909_011100_convnextv2_base_PA_chexmask_seg_cv_5fold_holdout15pct,3,convnextv2_base,convnextv2_base,PA,chexmask_seg,42,42,20260909_011100_convnextv2_base_PA_chexmask_seg_cv_5fold_holdout15pct/fold_3/best_model.pth,351988755,cb873c6471bd63e170cc1de5ef7d05ce8181b5666279836e1761ded60ab5e89b
20260909_011100_convnextv2_base_PA_chexmask_seg_cv_5fold_holdout15pct,4,convnextv2_base,convnextv2_base,PA,chexmask_seg,42,42,20260909_011100_convnextv2_base_PA_chexmask_seg_cv_5fold_holdout15pct/fold_4/best_model.pth,351988755,1c13b699c658841fece43ce7c93a2a6990b39ec062691532e2479ef4b2063a25
20260909_011100_convnextv2_base_PA_chexmask_seg_cv_5fold_holdout15pct,5,convnextv2_base,convnextv2_base,PA,chexmask_seg,42,42,20260909_011100_convnextv2_base_PA_chexmask_seg_cv_5fold_holdout15pct/fold_5/best_model.pth,351988755,2b73e90df375b21fea199169d4c3869fb2049ef2d88ad829499048373346530e
20260909_033321_swint_base_PA_chexmask_seg_cv_5fold_holdout15pct,1,swint_base,swinv2_base_window16_256,PA,chexmask_seg,42,42,20260909_033321_swint_base_PA_chexmask_seg_cv_5fold_holdout15pct/fold_1/best_model.pth,347774848,094bbd53190ea862a603e7f1656891be5f673f483615345c17b14db499eccdb8
20260909_033321_swint_base_PA_chexmask_seg_cv_5fold_holdout15pct,2,swint_base,swinv2_base_window16_256,PA,chexmask_seg,42,42,20260909_033321_swint_base_PA_chexmask_seg_cv_5fold_holdout15pct/fold_2/best_model.pth,347774848,009bfb32b2a6fb2b8aecbca943355a83b7b6419ee28049542a4fb13697650750
20260909_033321_swint_base_PA_chexmask_seg_cv_5fold_holdout15pct,3,swint_base,swinv2_base_window16_256,PA,chexmask_seg,42,42,20260909_033321_swint_base_PA_chexmask_seg_cv_5fold_holdout15pct/fold_3/best_model.pth,347774848,688c3d434488b3d1852a08866c7f7c932db89870b1236649d601ee3871239319
20260909_033321_swint_base_PA_chexmask_seg_cv_5fold_holdout15pct,4,swint_base,swinv2_base_window16_256,PA,chexmask_seg,42,42,20260909_033321_swint_base_PA_chexmask_seg_cv_5fold_holdout15pct/fold_4/best_model.pth,347774848,98fad4506401a7d5f8e3feb6c6153616128dfbedc52f8c9d669540e7e192979a
20260909_033321_swint_base_PA_chexmask_seg_cv_5fold_holdout15pct,5,swint_base,swinv2_base_window16_256,PA,chexmask_seg,42,42,20260909_033321_swint_base_PA_chexmask_seg_cv_5fold_holdout15pct/fold_5/best_model.pth,347774848,8a254dbbff0d49ae0bbcfecc7a48b30065902faba2204948b01a469663b276cd
20260909_072955_dinov3_base_PA_chexmask_seg_cv_5fold_holdout15pct,1,dinov3_base,vit_base_patch16_dinov3,PA,chexmask_seg,42,42,20260909_072955_dinov3_base_PA_chexmask_seg_cv_5fold_holdout15pct/fold_1/best_model.pth,343430651,4c2e2f222d915da17a18479ba538f9fcfa1734d17b6fbf70330157723e559adf
20260909_072955_dinov3_base_PA_chexmask_seg_cv_5fold_holdout15pct,2,dinov3_base,vit_base_patch16_dinov3,PA,chexmask_seg,42,42,20260909_072955_dinov3_base_PA_chexmask_seg_cv_5fold_holdout15pct/fold_2/best_model.pth,343430651,efd26a3862ad383813075d6040a7c671d5e66c289be1f3d54b3fda01f78b92e2
20260909_072955_dinov3_base_PA_chexmask_seg_cv_5fold_holdout15pct,3,dinov3_base,vit_base_patch16_dinov3,PA,chexmask_seg,42,42,20260909_072955_dinov3_base_PA_chexmask_seg_cv_5fold_holdout15pct/fold_3/best_model.pth,343430651,94bfb16abb8bf1660293cd8f55bddb7005d10da222ef0114651fe6694ff9ae43
20260909_072955_dinov3_base_PA_chexmask_seg_cv_5fold_holdout15pct,4,dinov3_base,vit_base_patch16_dinov3,PA,chexmask_seg,42,42,20260909_072955_dinov3_base_PA_chexmask_seg_cv_5fold_holdout15pct/fold_4/best_model.pth,343430651,93be2186c456ef9d1049927c17a6653534542ec294ca074304ae47b9f6e175d8
20260909_072955_dinov3_base_PA_chexmask_seg_cv_5fold_holdout15pct,5,dinov3_base,vit_base_patch16_dinov3,PA,chexmask_seg,42,42,20260909_072955_dinov3_base_PA_chexmask_seg_cv_5fold_holdout15pct/fold_5/best_model.pth,343430651,441b50575299522a2932ad375e636b513f0bf2c8b07f877505bd464ee6babaea
20260909_084516_eva_x_base_PA_chexmask_seg_cv_5fold_holdout15pct,1,eva_x_base,eva_x_base,PA,chexmask_seg,42,42,20260909_084516_eva_x_base_PA_chexmask_seg_cv_5fold_holdout15pct/fold_1/best_model.pth,346832065,569f450e99b2ef08bc0f4a81ee2aa7ed98d161b46b15358cf6ca86cfcdeeeaf7
20260909_084516_eva_x_base_PA_chexmask_seg_cv_5fold_holdout15pct,2,eva_x_base,eva_x_base,PA,chexmask_seg,42,42,20260909_084516_eva_x_base_PA_chexmask_seg_cv_5fold_holdout15pct/fold_2/best_model.pth,346832065,b7b15885dcf955503222afc2f73842315408ed433e40019a6bfc2b10f67e2ece
20260909_084516_eva_x_base_PA_chexmask_seg_cv_5fold_holdout15pct,3,eva_x_base,eva_x_base,PA,chexmask_seg,42,42,20260909_084516_eva_x_base_PA_chexmask_seg_cv_5fold_holdout15pct/fold_3/best_model.pth,346832065,e4e8c68dfed6ab17f172c4dfa5eb0ba3c17f8253104fdc94028ebf26169bf5fd
20260909_084516_eva_x_base_PA_chexmask_seg_cv_5fold_holdout15pct,4,eva_x_base,eva_x_base,PA,chexmask_seg,42,42,20260909_084516_eva_x_base_PA_chexmask_seg_cv_5fold_holdout15pct/fold_4/best_model.pth,346832065,0155f02544efc0c4d6dd8ed1b8c114767fbdebf851c929ec310d390401100799
20260909_084516_eva_x_base_PA_chexmask_seg_cv_5fold_holdout15pct,5,eva_x_base,eva_x_base,PA,chexmask_seg,42,42,20260909_084516_eva_x_base_PA_chexmask_seg_cv_5fold_holdout15pct/fold_5/best_model.pth,346832065,30149c851286273bb063d80b77162138bdf7c6ceadbff8f1b4cb70073add970b
20260916_180556_rad_dino_PA_chexmask_seg_cv_5fold_holdout15pct,1,rad_dino,microsoft/rad-dino,PA,chexmask_seg,42,42,20260916_180556_rad_dino_PA_chexmask_seg_cv_5fold_holdout15pct/fold_1/best_model.pth,347215928,0211dcae9c0b455090178ec4b62998604d2c2555898d5142210febe3c4dad211
20260916_180556_rad_dino_PA_chexmask_seg_cv_5fold_holdout15pct,2,rad_dino,microsoft/rad-dino,PA,chexmask_seg,42,42,20260916_180556_rad_dino_PA_chexmask_seg_cv_5fold_holdout15pct/fold_2/best_model.pth,347215928,5271130f954b05bebbcbcfc86cad6d339770e1fa1df774599cae4ea255852cc3
20260916_180556_rad_dino_PA_chexmask_seg_cv_5fold_holdout15pct,3,rad_dino,microsoft/rad-dino,PA,chexmask_seg,42,42,20260916_180556_rad_dino_PA_chexmask_seg_cv_5fold_holdout15pct/fold_3/best_model.pth,347215928,337f8053ad30fe7b5b5e31759212e62cf30531daedde128974a50c60b9fb48db
20260916_180556_rad_dino_PA_chexmask_seg_cv_5fold_holdout15pct,4,rad_dino,microsoft/rad-dino,PA,chexmask_seg,42,42,20260916_180556_rad_dino_PA_chexmask_seg_cv_5fold_holdout15pct/fold_4/best_model.pth,347215928,1f944ec49a0f57639688133638f57d535b62d8f3e9f7ba58c410616eede9bee3
20260916_180556_rad_dino_PA_chexmask_seg_cv_5fold_holdout15pct,5,rad_dino,microsoft/rad-dino,PA,chexmask_seg,42,42,20260916_180556_rad_dino_PA_chexmask_seg_cv_5fold_holdout15pct/fold_5/best_model.pth,347215928,b49a0a239849d55607592daa157a749433bab85bc2c1b3e132b8079ec9a4caeb
20260918_180651_resnet152_PA_chexmask_crop_cv_5fold_holdout15pct,1,resnet152,resnet152,PA,chexmask_crop,42,42,20260918_180651_resnet152_PA_chexmask_crop_cv_5fold_holdout15pct/fold_1/best_model.pth,235632827,79ccc0c82017e25f676b9ea90afc66aaf98ebecd9399bd58429d4b21b9d16d7c
20260918_180651_resnet152_PA_chexmask_crop_cv_5fold_holdout15pct,2,resnet152,resnet152,PA,chexmask_crop,42,42,20260918_180651_resnet152_PA_chexmask_crop_cv_5fold_holdout15pct/fold_2/best_model.pth,235632827,ec5f0822fa492a5478b8b07049d6d099d4ab9d30bc4417067f1de1dd602ef11a
20260918_180651_resnet152_PA_chexmask_crop_cv_5fold_holdout15pct,3,resnet152,resnet152,PA,chexmask_crop,42,42,20260918_180651_resnet152_PA_chexmask_crop_cv_5fold_holdout15pct/fold_3/best_model.pth,235632827,25c393fed3da17ea65421feb132d288b48dd151af0dccd659c5df9eae1528096
20260918_180651_resnet152_PA_chexmask_crop_cv_5fold_holdout15pct,4,resnet152,resnet152,PA,chexmask_crop,42,42,20260918_180651_resnet152_PA_chexmask_crop_cv_5fold_holdout15pct/fold_4/best_model.pth,235632827,629b35e9ec690a54e2258fef09f0ec9b6a9b3d5964209f31eadaf05c4399938c
20260918_180651_resnet152_PA_chexmask_crop_cv_5fold_holdout15pct,5,resnet152,resnet152,PA,chexmask_crop,42,42,20260918_180651_resnet152_PA_chexmask_crop_cv_5fold_holdout15pct/fold_5/best_model.pth,235632827,092032336d4a7b84b302c4c81e2a5861e76ab5c6936988156ff9e257fc6060d1
20260918_200652_densenet_PA_chexmask_crop_cv_5fold_holdout15pct,1,densenet,densenet201,PA,chexmask_crop,42,42,20260918_200652_densenet_PA_chexmask_crop_cv_5fold_holdout15pct/fold_1/best_model.pth,75763811,6c44b0355b626d43627762568fbdc599159669547b2152ec47c6adb65237fd2b
20260918_200652_densenet_PA_chexmask_crop_cv_5fold_holdout15pct,2,densenet,densenet201,PA,chexmask_crop,42,42,20260918_200652_densenet_PA_chexmask_crop_cv_5fold_holdout15pct/fold_2/best_model.pth,75763811,1fd63bcc3d7e563df69e3898bf2b79807c57eb24bfcda58c458413fa86fd1260
20260918_200652_densenet_PA_chexmask_crop_cv_5fold_holdout15pct,3,densenet,densenet201,PA,chexmask_crop,42,42,20260918_200652_densenet_PA_chexmask_crop_cv_5fold_holdout15pct/fold_3/best_model.pth,75763811,c6993ca657a50363631b4d3701467da897ac3266d2befa2d8672554a62fe3204
20260918_200652_densenet_PA_chexmask_crop_cv_5fold_holdout15pct,4,densenet,densenet201,PA,chexmask_crop,42,42,20260918_200652_densenet_PA_chexmask_crop_cv_5fold_holdout15pct/fold_4/best_model.pth,75763811,5dcdf5450f72a3deb2865305fd760d3b8638c86414b377c1b0bdf992244f79a3
20260918_200652_densenet_PA_chexmask_crop_cv_5fold_holdout15pct,5,densenet,densenet201,PA,chexmask_crop,42,42,20260918_200652_densenet_PA_chexmask_crop_cv_5fold_holdout15pct/fold_5/best_model.pth,75763811,8457f81d7521b779299c33f200ee0a3963c3aeb35e4646414a7fdc4a3dac1776
20260913_080912_convnextv2_base_PA_chexmask_crop_cv_5fold_holdout15pct,1,convnextv2_base,convnextv2_base,PA,chexmask_crop,42,42,20260913_080912_convnextv2_base_PA_chexmask_crop_cv_5fold_holdout15pct/fold_1/best_model.pth,351988755,efa0202a5a2ae6f90b835c1fcc2b7cb79e78710bca09c542fdfdcd2e8d85a995
20260913_080912_convnextv2_base_PA_chexmask_crop_cv_5fold_holdout15pct,2,convnextv2_base,convnextv2_base,PA,chexmask_crop,42,42,20260913_080912_convnextv2_base_PA_chexmask_crop_cv_5fold_holdout15pct/fold_2/best_model.pth,351988755,288692a8f184ff3fb18b31a954167481864e0794c2c28cf4a58fca3e4784e384
20260913_080912_convnextv2_base_PA_chexmask_crop_cv_5fold_holdout15pct,3,convnextv2_base,convnextv2_base,PA,chexmask_crop,42,42,20260913_080912_convnextv2_base_PA_chexmask_crop_cv_5fold_holdout15pct/fold_3/best_model.pth,351988755,32ad9d62f9503f603d981cb5040ba179bb0b9a01394967e571290408f8a28e0f
20260913_080912_convnextv2_base_PA_chexmask_crop_cv_5fold_holdout15pct,4,convnextv2_base,convnextv2_base,PA,chexmask_crop,42,42,20260913_080912_convnextv2_base_PA_chexmask_crop_cv_5fold_holdout15pct/fold_4/best_model.pth,351988755,a6ecf1344ede0306d7ac18a54c71823aa52641df8c8b11d25e797c3412b22e75
20260913_080912_convnextv2_base_PA_chexmask_crop_cv_5fold_holdout15pct,5,convnextv2_base,convnextv2_base,PA,chexmask_crop,42,42,20260913_080912_convnextv2_base_PA_chexmask_crop_cv_5fold_holdout15pct/fold_5/best_model.pth,351988755,e995e80b1b30f76db30fb068dd15c64758ae93ff20e5c97dfe2b7ba6b4795dda
20260914_212018_swint_base_PA_chexmask_crop_cv_5fold_holdout15pct,1,swint_base,swinv2_base_window16_256,PA,chexmask_crop,42,42,20260914_212018_swint_base_PA_chexmask_crop_cv_5fold_holdout15pct/fold_1/best_model.pth,347774848,6f3ce59a89fea1011af2465db892fa4a937b2a9e72639e06f8fc28a581d55bc8
20260914_212018_swint_base_PA_chexmask_crop_cv_5fold_holdout15pct,2,swint_base,swinv2_base_window16_256,PA,chexmask_crop,42,42,20260914_212018_swint_base_PA_chexmask_crop_cv_5fold_holdout15pct/fold_2/best_model.pth,347774848,04bcb86f2905fd1c5a7b13e1566c10fb8aeefef721682cd2e340adc0e8228c1d
20260914_212018_swint_base_PA_chexmask_crop_cv_5fold_holdout15pct,3,swint_base,swinv2_base_window16_256,PA,chexmask_crop,42,42,20260914_212018_swint_base_PA_chexmask_crop_cv_5fold_holdout15pct/fold_3/best_model.pth,347774848,f64a06f0aa3735978d0496c407ffc363d2f496f9b27ebdbcfabc40aa4eabe4db
20260914_212018_swint_base_PA_chexmask_crop_cv_5fold_holdout15pct,4,swint_base,swinv2_base_window16_256,PA,chexmask_crop,42,42,20260914_212018_swint_base_PA_chexmask_crop_cv_5fold_holdout15pct/fold_4/best_model.pth,347774848,64249abc79f1588af7852f403208856c1b3846a085c52e6212130dd259077b32
20260914_212018_swint_base_PA_chexmask_crop_cv_5fold_holdout15pct,5,swint_base,swinv2_base_window16_256,PA,chexmask_crop,42,42,20260914_212018_swint_base_PA_chexmask_crop_cv_5fold_holdout15pct/fold_5/best_model.pth,347774848,ea5e2cfe8be3201307086a952ac6d3cb96fc320db39a0ba784680b351726f758
20260913_103307_dinov3_base_PA_chexmask_crop_cv_5fold_holdout15pct,1,dinov3_base,vit_base_patch16_dinov3,PA,chexmask_crop,42,42,20260913_103307_dinov3_base_PA_chexmask_crop_cv_5fold_holdout15pct/fold_1/best_model.pth,343430651,0fcfbdaebb41055d1e77550e50add6fec5eb70f5443ab6b7c92476098cbab263
20260913_103307_dinov3_base_PA_chexmask_crop_cv_5fold_holdout15pct,2,dinov3_base,vit_base_patch16_dinov3,PA,chexmask_crop,42,42,20260913_103307_dinov3_base_PA_chexmask_crop_cv_5fold_holdout15pct/fold_2/best_model.pth,343430651,d654e06e69f5f65ea9479a24d01cce2785781d372eb6bf68a0a95d8f6917e6a9
20260913_103307_dinov3_base_PA_chexmask_crop_cv_5fold_holdout15pct,3,dinov3_base,vit_base_patch16_dinov3,PA,chexmask_crop,42,42,20260913_103307_dinov3_base_PA_chexmask_crop_cv_5fold_holdout15pct/fold_3/best_model.pth,343430651,4f7030057e8a246ee0bcd55418bd8d8e9da212f8e6392b0545e2241f12177d1e
20260913_103307_dinov3_base_PA_chexmask_crop_cv_5fold_holdout15pct,4,dinov3_base,vit_base_patch16_dinov3,PA,chexmask_crop,42,42,20260913_103307_dinov3_base_PA_chexmask_crop_cv_5fold_holdout15pct/fold_4/best_model.pth,343430651,d01b43d2a901b3d8aefb0de68ca89a9ab41a1e0a866ed2d4ea50267a4c682ddf
20260913_103307_dinov3_base_PA_chexmask_crop_cv_5fold_holdout15pct,5,dinov3_base,vit_base_patch16_dinov3,PA,chexmask_crop,42,42,20260913_103307_dinov3_base_PA_chexmask_crop_cv_5fold_holdout15pct/fold_5/best_model.pth,343430651,3d8e40a3e68e8383e32e90494dc66aec3d9b4777e8bb3125438474f475d3a438
20260913_113626_eva_x_base_PA_chexmask_crop_cv_5fold_holdout15pct,1,eva_x_base,eva_x_base,PA,chexmask_crop,42,42,20260913_113626_eva_x_base_PA_chexmask_crop_cv_5fold_holdout15pct/fold_1/best_model.pth,346832065,42248b96e30f219e1a78b31862d1ddb3c40bd072630df611926a32866f6eb1c8
20260913_113626_eva_x_base_PA_chexmask_crop_cv_5fold_holdout15pct,2,eva_x_base,eva_x_base,PA,chexmask_crop,42,42,20260913_113626_eva_x_base_PA_chexmask_crop_cv_5fold_holdout15pct/fold_2/best_model.pth,346832065,4930b23cd7607049c7bd3c6cb6ba6ab28d7f632a42ef255e61bbd1e6c8cff310
20260913_113626_eva_x_base_PA_chexmask_crop_cv_5fold_holdout15pct,3,eva_x_base,eva_x_base,PA,chexmask_crop,42,42,20260913_113626_eva_x_base_PA_chexmask_crop_cv_5fold_holdout15pct/fold_3/best_model.pth,346832065,2fd414211bcb85be078f61ab8cc565726700de5f7fec66ea98d1309783af4246
20260913_113626_eva_x_base_PA_chexmask_crop_cv_5fold_holdout15pct,4,eva_x_base,eva_x_base,PA,chexmask_crop,42,42,20260913_113626_eva_x_base_PA_chexmask_crop_cv_5fold_holdout15pct/fold_4/best_model.pth,346832065,57d20ddc19f749e0430c1f1e9aae099449b6466c3c5b937f6d3eca5580333664
20260913_113626_eva_x_base_PA_chexmask_crop_cv_5fold_holdout15pct,5,eva_x_base,eva_x_base,PA,chexmask_crop,42,42,20260913_113626_eva_x_base_PA_chexmask_crop_cv_5fold_holdout15pct/fold_5/best_model.pth,346832065,a3bfb25a8d072e127b177ed7e5217e21d40cdd89737ecdda7f5b0b21bf9a0dd6
20260916_211411_rad_dino_PA_chexmask_crop_cv_5fold_holdout15pct,1,rad_dino,microsoft/rad-dino,PA,chexmask_crop,42,42,20260916_211411_rad_dino_PA_chexmask_crop_cv_5fold_holdout15pct/fold_1/best_model.pth,347215928,5bfd1ef2bab79be7165de23fe9d662c430d0ecf8ba00df62a42f5d7ee586d27a
20260916_211411_rad_dino_PA_chexmask_crop_cv_5fold_holdout15pct,2,rad_dino,microsoft/rad-dino,PA,chexmask_crop,42,42,20260916_211411_rad_dino_PA_chexmask_crop_cv_5fold_holdout15pct/fold_2/best_model.pth,347215928,34fe151c187df0cacd49ac635b40bef85da792936c5b589e67d258928d0d4655
20260916_211411_rad_dino_PA_chexmask_crop_cv_5fold_holdout15pct,3,rad_dino,microsoft/rad-dino,PA,chexmask_crop,42,42,20260916_211411_rad_dino_PA_chexmask_crop_cv_5fold_holdout15pct/fold_3/best_model.pth,347215928,31b31cb0f97df3e660e733f03c4e42956f5c3ce603ceec6bcd8034ea965238c1
20260916_211411_rad_dino_PA_chexmask_crop_cv_5fold_holdout15pct,4,rad_dino,microsoft/rad-dino,PA,chexmask_crop,42,42,20260916_211411_rad_dino_PA_chexmask_crop_cv_5fold_holdout15pct/fold_4/best_model.pth,347215928,f5693fad63314b066762a4789254994200897075e44a01c5a5059d031dda5165
20260916_211411_rad_dino_PA_chexmask_crop_cv_5fold_holdout15pct,5,rad_dino,microsoft/rad-dino,PA,chexmask_crop,42,42,20260916_211411_rad_dino_PA_chexmask_crop_cv_5fold_holdout15pct/fold_5/best_model.pth,347215928,1036991f4052ad66fc6ea89b99a97d375b43be51a32a2552750385ac2ce9dbca
